P1	P2	P3	Dstatistic	Z-score	p-value	f4-ratio	BBAA	ABBA	BABA
alpestre-1_5	alpestre-2	andersonii	0.0260789	0.484125	0.628297	0.00285526	275.88	40.9162	38.8364
andesicola	alpestre-2	alpestre-1_5	0.217841	4.95637	7.18232e-07	0.0844975	168.093	109.752	70.4884
alpestre-2	alpestre-1_5	barbeyi	0.0254004	0.579783	0.562061	0.00567651	200.168	80.2063	76.2327
alpestre-1_5	alpestre-2	bicolor	0.125738	2.44893	0.0143283	0.0127872	294.34	58.6146	45.5208
alpestre-2	alpestre-1_5	brachycentrum	0.0304127	0.618962	0.535942	0.00489368	302.225	64.9974	61.1606
alpestre-2	alpestre-1_5	californicum	0.020315	0.34984	0.726459	0.000967676	253.845	43.8594	42.1128
alpestre-2	alpestre-1_5	cardinale	0.0842446	1.45112	0.146748	0.00444579	224.723	48.4867	40.952
alpestre-2	alpestre-1_5	carolinianum	0.0258781	0.497012	0.619181	0.00173737	185.098	65.0388	61.7575
alpestre-2	alpestre-1_5	distichum-1_5	0.007406	0.152998	0.8784	0.000758722	268.808	55.3549	54.541
alpestre-1_5	alpestre-2	distichum-2_6	0.00374046	0.0766011	0.938941	0.000393486	332.844	51.4797	51.0961
alpestre-1_5	alpestre-2	exaltatum	0.0405664	0.769536	0.441575	0.00453472	163.313	55.3099	50.9974
geraniifolium	alpestre-2	alpestre-1_5	0.282082	6.86954	6.44099e-12	0.120659	95.374	127.893	71.6153
alpestre-1_5	alpestre-2	geyeri	0.0859367	1.96484	0.0494329	0.0184083	182.79	83.9031	70.6236
alpestre-2	alpestre-1_5	glaucescens	0.112945	2.39291	0.0167153	0.0254918	205.822	86.4266	68.885
alpestre-2	alpestre-1_5	glaucum-1_2	0.088474	1.64453	0.100068	0.0117999	189.472	58.5556	49.0365
alpestre-1_5	alpestre-2	glaucum-3_4	0.029882	0.628983	0.52936	0.00690121	202.958	65.7287	61.9145
alpestre-1_5	alpestre-2	gypsophilum	0.0127681	0.245595	0.805996	0.000726836	344.559	49.0243	47.7882
alpestre-2	alpestre-1_5	hesperium	0.0759202	1.39586	0.162757	0.00429531	270.041	54.7801	47.0492
alpestre-2	alpestre-1_5	lineapetalum	0.00101298	0.019664	0.984311	8.40543e-05	295.468	51.4679	51.3637
alpestre-2	alpestre-1_5	multiplex	0.058723	1.2935	0.19584	0.00722566	291.508	64.5792	57.4153
novomexicanum	alpestre-2	alpestre-1_5	0.109545	2.59337	0.00950413	0.0424284	175.957	100.249	80.454
alpestre-2	alpestre-1_5	nudicaule	0.0205572	0.367748	0.713061	0.0019208	572.239	45.2491	43.4262
alpestre-2	alpestre-1_5	nuttallianum-14	0.0101421	0.196216	0.844441	0.000936195	293.97	46.3411	45.4106
alpestre-2	alpestre-1_5	nuttallianum-7_9	0.0217649	0.446294	0.655385	0.00308994	336.796	52.0803	49.8615
alpestre-2	alpestre-1_5	occidentale	0.0460001	1.00566	0.314577	0.00964587	197.108	70.7438	64.5216
alpestre-1_5	alpestre-2	parryi	0.00943505	0.173167	0.86252	0.000440278	250.208	45.5069	44.6563
alpestre-1_5	alpestre-2	patens	0.0466277	0.749764	0.453397	0.00428022	818.51	33.1241	30.1727
ramosum-1_5	alpestre-1_5	alpestre-2	0.0591972	1.59977	0.109651	0.0176131	323.336	83.4837	74.1521
ramosum-3	alpestre-2	alpestre-1_5	0.0365728	0.804782	0.420946	0.0111623	381.253	69.1345	64.2561
alpestre-1_5	alpestre-2	ramosum-4_10	0.00874416	0.226804	0.820576	0.00384507	127.024	95.1737	93.5237
sapellonis	alpestre-2	alpestre-1_5	0.0812682	2.05417	0.039959	0.0330417	190.68	103.691	88.1039
alpestre-2	alpestre-1_5	scaposum	0.0627438	1.22311	0.221287	0.00677308	287.425	51.4457	45.3711
scopulorum	alpestre-2	alpestre-1_5	0.302108	7.31189	2.63408e-13	0.124484	100.994	128.154	68.6868
alpestre-2	alpestre-1_5	stachydeum	0.0505463	0.897679	0.369357	0.00413954	243.855	56.3617	50.9381
alpestre-1_5	alpestre-2	trolliifolium	0.0406809	0.798153	0.424782	0.00376401	451.498	50.4525	46.5081
alpestre-1_5	alpestre-2	viridescens	0.059746	1.07527	0.282253	0.00498946	232.562	59.8333	53.0868
alpestre-1_5	alpestre-2	xantholeucum	0.0088456	0.176955	0.859543	0.000810463	292.568	48.3131	47.4659
alpestre-1_5	andesicola	andersonii	0.0108034	0.196529	0.844196	0.00127484	255.182	42.8021	41.8872
alpestre-1_5	barbeyi	andersonii	0.0406208	0.823464	0.410244	0.00596324	203.989	55.3944	51.0697
alpestre-1_5	bicolor	andersonii	0.248125	6.29986	2.97916e-10	0.0703471	116.644	126.371	76.1265
brachycentrum	alpestre-1_5	andersonii	0.312252	7.14909	8.73575e-13	0.0632801	190.477	105.724	55.4095
californicum	alpestre-1_5	andersonii	0.238793	4.58916	4.45041e-06	0.0530641	145.919	94.4644	58.046
cardinale	alpestre-1_5	andersonii	0.264743	5.14464	2.68028e-07	0.0557837	165.916	89.2873	51.9071
carolinianum	alpestre-1_5	andersonii	0.0911229	1.71001	0.0872637	0.0165617	176.673	64.0286	53.3342
alpestre-1_5	distichum-1_5	andersonii	0.16334	3.91205	9.15176e-05	0.0408087	151.307	105.485	75.8639
alpestre-1_5	distichum-2_6	andersonii	0.294901	8.10609	5.22694e-16	0.107044	113.452	167.787	91.3631
exaltatum	alpestre-1_5	andersonii	0.0985203	1.6645	0.0960135	0.0118248	176.849	43.7587	35.9097
geraniifolium	alpestre-1_5	andersonii	0.0921821	1.72361	0.0847777	0.0112532	235.242	46.2405	38.4349
alpestre-1_5	geyeri	andersonii	0.0649378	1.32648	0.184682	0.00891781	202.712	52.9989	46.5354
alpestre-1_5	glaucescens	andersonii	0.0807481	1.64032	0.100938	0.0134041	189.222	64.7832	55.1026
glaucum-1_2	alpestre-1_5	andersonii	0.0207516	0.373727	0.708607	0.00303177	191.385	50.7688	48.7046
glaucum-3_4	alpestre-1_5	andersonii	0.0216856	0.42024	0.67431	0.00281524	196.752	49.5265	47.424
gypsophilum	alpestre-1_5	andersonii	0.444051	11.0796	2.3e-16	0.123075	161.116	154.873	59.625
hesperium	alpestre-1_5	andersonii	0.315485	6.76428	1.33976e-11	0.0668521	156.53	97.7821	50.8811
alpestre-1_5	lineapetalum	andersonii	0.252777	6.07601	1.23212e-09	0.0783978	124.318	135.483	80.809
alpestre-1_5	multiplex	andersonii	0.131686	3.40988	0.000649909	0.0309232	151.215	100.658	77.2325
novomexicanum	alpestre-1_5	andersonii	0.0289819	0.528541	0.597124	0.00322859	259.883	41.0827	38.7684
alpestre-1_5	andersonii	nudicaule	0.0298949	0.637498	0.523801	0.00669748	246.459	79.8164	75.1827
alpestre-1_5	nuttallianum-14	andersonii	0.278703	6.75449	1.43336e-11	0.0871613	111.026	131.688	74.283
alpestre-1_5	nuttallianum-7_9	andersonii	0.327799	9.00661	2.3e-16	0.1241	101.032	175.837	89.018
alpestre-1_5	occidentale	andersonii	0.0536388	1.08475	0.278031	0.00837287	199.516	58.0771	52.1639
parryi	alpestre-1_5	andersonii	0.255611	5.37359	7.71823e-08	0.0586389	155.501	97.1224	57.579
alpestre-1_5	andersonii	patens	0.113553	2.3314	0.0197324	0.0258851	396.832	68.2622	54.3403
ramosum-1_5	alpestre-1_5	andersonii	0.0157007	0.316556	0.75158	0.0012777	468.152	31.1102	30.1484
alpestre-1_5	ramosum-3	andersonii	0.0889792	1.54999	0.121144	0.00993016	268.766	42.7925	35.7995
ramosum-4_10	alpestre-1_5	andersonii	0.140468	2.74605	0.00603182	0.0143855	261.887	43.8233	33.0282
sapellonis	alpestre-1_5	andersonii	0.0338772	0.634287	0.525893	0.00365818	271.948	41.0885	38.3958
andersonii	scaposum	alpestre-1_5	0.236793	5.83805	5.28157e-09	0.0795173	200.059	118.694	73.2444
scopulorum	alpestre-1_5	andersonii	0.0331794	0.634848	0.525528	0.00415598	229.06	44.8166	41.9382
stachydeum	alpestre-1_5	andersonii	0.0878347	1.72013	0.0854095	0.018384	148.41	77.7934	65.2309
alpestre-1_5	andersonii	trolliifolium	0.0513046	1.18231	0.237082	0.0129779	173.62	103.613	93.5004
alpestre-1_5	viridescens	andersonii	0.249272	5.14709	2.6456e-07	0.055938	142.342	94.4476	56.7567
alpestre-1_5	xantholeucum	andersonii	0.164632	3.9719	7.13002e-05	0.0495013	124.126	120.015	86.0844
andesicola	alpestre-1_5	barbeyi	0.00534157	0.117964	0.906096	0.0012364	169.73	82.9304	82.0492
andesicola	alpestre-1_5	bicolor	0.0784358	1.49308	0.135417	0.00749615	271.808	53.3859	45.6202
alpestre-1_5	andesicola	brachycentrum	0.030705	0.629017	0.529338	0.00506766	263.758	67.3398	63.3277
andesicola	alpestre-1_5	californicum	0.0495638	0.838341	0.401839	0.00258557	233.793	50.4769	45.7095
alpestre-1_5	andesicola	cardinale	0.00193816	0.0336125	0.973186	0.000112459	204.808	50.2593	50.0648
andesicola	alpestre-1_5	carolinianum	0.0799921	1.45119	0.146727	0.0054024	157.37	66.7795	56.8872
andesicola	alpestre-1_5	distichum-1_5	0.0220413	0.452154	0.651158	0.0024921	246.915	64.2732	61.501
andesicola	alpestre-1_5	distichum-2_6	0.0495719	1.00291	0.315905	0.00567237	311.418	60.6694	54.9385
andesicola	alpestre-1_5	exaltatum	0.0709173	1.23488	0.216874	0.0072103	132.155	51.1753	44.3976
geraniifolium	andesicola	alpestre-1_5	0.141377	3.08414	0.00204142	0.0513396	142.832	102.99	77.4766
andesicola	alpestre-1_5	geyeri	0.107321	2.32493	0.0200758	0.0221025	153.615	86.3134	69.5825
andesicola	alpestre-1_5	glaucescens	0.0759473	1.58015	0.114071	0.0170844	178.602	86.6992	74.4596
alpestre-1_5	andesicola	glaucum-1_2	0.030164	0.547413	0.584095	0.00433094	157.751	59.4401	55.9592
andesicola	alpestre-1_5	glaucum-3_4	0.0511391	1.06379	0.287424	0.0117028	172.242	66.6237	60.1411
andesicola	alpestre-1_5	gypsophilum	0.074495	1.40684	0.159476	0.00462541	305.475	57.9954	49.9537
alpestre-1_5	andesicola	hesperium	0.0280362	0.504056	0.614222	0.0016074	240.44	54.3339	51.3704
alpestre-1_5	andesicola	lineapetalum	0.0366822	0.70798	0.478958	0.00312044	282.407	56.0807	52.112
andesicola	alpestre-1_5	multiplex	0.102479	2.2517	0.024341	0.0125749	267.192	67.1454	54.6626
andesicola	novomexicanum	alpestre-1_5	0.0926686	2.01041	0.0443881	0.0297027	226.066	87.451	72.6176
andesicola	alpestre-1_5	nudicaule	0.030149	0.530236	0.595949	0.00277087	543.269	45.3802	42.724
andesicola	alpestre-1_5	nuttallianum-14	0.0921641	1.71721	0.0859405	0.00840178	261.751	48.553	40.3585
andesicola	alpestre-1_5	nuttallianum-7_9	0.0985749	2.02021	0.0433616	0.0136958	303.434	56.1098	46.0404
andesicola	alpestre-1_5	occidentale	0.0320701	0.686068	0.49267	0.00679561	164.468	73.9453	69.3498
alpestre-1_5	andesicola	parryi	0.0602251	1.10556	0.268916	0.00336134	233.099	58.6201	51.9604
andesicola	alpestre-1_5	patens	0.0441119	0.709488	0.478022	0.00421252	806.612	34.7648	31.8273
alpestre-1_5	ramosum-1_5	andesicola	0.0696521	1.72395	0.0847166	0.0131398	355.998	74.4792	64.7795
andesicola	ramosum-3	alpestre-1_5	0.203741	4.22772	2.36076e-05	0.0752639	181.306	103.188	68.2578
andesicola	alpestre-1_5	ramosum-4_10	0.0928732	2.21282	0.0269099	0.0384855	103.58	101.914	84.5929
andesicola	sapellonis	alpestre-1_5	0.162571	3.75615	0.000172545	0.0528811	242.432	94.7032	68.2171
alpestre-1_5	andesicola	scaposum	0.0247203	0.462697	0.643582	0.00268441	255.886	50.3044	47.8773
scopulorum	andesicola	alpestre-1_5	0.124823	2.72771	0.00637762	0.0459943	132.169	92.8983	72.2802
andesicola	alpestre-1_5	stachydeum	0.0327124	0.572651	0.566881	0.00270447	213.159	56.5619	52.9786
andesicola	alpestre-1_5	trolliifolium	0.0917729	1.7069	0.0878407	0.00836073	421.694	51.4688	42.816
andesicola	alpestre-1_5	viridescens	0.132356	2.37659	0.0174733	0.010641	213.561	63.408	48.5851
andesicola	alpestre-1_5	xantholeucum	0.0830345	1.59596	0.110497	0.00805761	263.442	52.8747	44.7671
alpestre-1_5	barbeyi	bicolor	0.136904	3.00848	0.00262558	0.0191359	211.252	84.1729	63.901
brachycentrum	alpestre-1_5	barbeyi	0.286171	7.6047	2.85566e-14	0.101987	88.4931	189.535	105.193
barbeyi	alpestre-1_5	californicum	0.0424995	0.799958	0.423735	0.00296908	184.353	67.3288	61.8392
barbeyi	alpestre-1_5	cardinale	0.14954	2.84659	0.00441898	0.0115384	163.504	78.2383	57.8828
carolinianum	alpestre-1_5	barbeyi	0.289102	6.32908	2.46635e-10	0.085445	99.8326	118.981	65.6139
alpestre-1_5	barbeyi	distichum-1_5	0.0111556	0.248694	0.803597	0.00165702	186.515	86.6062	84.6953
alpestre-1_5	barbeyi	distichum-2_6	0.155223	3.51265	0.000443657	0.0240014	242.965	93.9027	68.668
exaltatum	alpestre-1_5	barbeyi	0.16457	3.36756	0.000758359	0.0411465	80.7714	90.3915	64.8443
geraniifolium	alpestre-1_5	barbeyi	0.126716	2.92797	0.00341181	0.0298094	147.72	96.5149	74.8059
barbeyi	geyeri	alpestre-1_5	0.0136384	0.320676	0.748456	0.00503127	107.101	112.438	109.413
glaucescens	barbeyi	alpestre-1_5	0.0532241	1.24616	0.212706	0.0181021	154.798	109.905	98.7971
glaucum-1_2	alpestre-1_5	barbeyi	0.220094	4.90321	9.42815e-07	0.0586887	86.076	113.775	72.727
glaucum-3_4	alpestre-1_5	barbeyi	0.106698	2.59813	0.00937327	0.0298831	93.2385	119.533	96.484
barbeyi	alpestre-1_5	gypsophilum	0.111826	2.32752	0.0199376	0.00834683	276.942	73.702	58.8763
barbeyi	alpestre-1_5	hesperium	0.056034	1.1189	0.263182	0.00418571	191.309	74.0731	66.2124
alpestre-1_5	barbeyi	lineapetalum	0.0452674	0.966153	0.333967	0.00507769	227.247	76.7934	70.142
alpestre-1_5	barbeyi	multiplex	0.0700644	1.83099	0.0671025	0.0130832	208.221	101.692	88.3754
novomexicanum	alpestre-1_5	barbeyi	0.0417607	0.963659	0.335217	0.00872538	182.871	78.0255	71.7699
alpestre-1_5	barbeyi	nudicaule	0.00971314	0.197741	0.843248	0.00107968	480.054	54.1063	53.0653
barbeyi	alpestre-1_5	nuttallianum-14	0.0264132	0.539101	0.589817	0.00336488	210.889	65.2116	61.8554
alpestre-1_5	barbeyi	nuttallianum-7_9	0.097495	2.23806	0.0252174	0.0184414	242.319	77.6299	63.8375
occidentale	barbeyi	alpestre-1_5	0.0520663	1.24654	0.212565	0.0161443	181.809	99.2914	89.4636
barbeyi	alpestre-1_5	parryi	0.0298979	0.604884	0.545256	0.00201866	180.089	69.947	65.8859
barbeyi	alpestre-1_5	patens	0.0470993	0.841432	0.400106	0.00531944	724.696	42.441	38.6229
alpestre-1_5	ramosum-1_5	barbeyi	0.0276023	0.698461	0.484889	0.00419534	449.51	59.314	56.1276
ramosum-3	alpestre-1_5	barbeyi	0.0172153	0.364879	0.715202	0.00387998	205.087	79.3584	76.6723
alpestre-1_5	ramosum-4_10	barbeyi	0.0346486	0.855548	0.392248	0.00757604	171.737	83.3355	77.7539
sapellonis	alpestre-1_5	barbeyi	0.0146373	0.342572	0.73192	0.00304516	202.096	79.7044	77.4047
barbeyi	alpestre-1_5	scaposum	0.0241568	0.51422	0.607098	0.00359673	206.719	71.2344	67.874
scopulorum	alpestre-1_5	barbeyi	0.162723	3.70232	0.000213637	0.0348402	141.095	87.3438	62.8962
alpestre-1_5	barbeyi	stachydeum	0.00192696	0.0373465	0.970209	0.000202029	171.14	70.7714	70.4992
barbeyi	alpestre-1_5	trolliifolium	0.0682419	1.39104	0.164214	0.00760982	358.403	63.5825	55.4589
barbeyi	alpestre-1_5	viridescens	0.000493523	0.00977612	0.9922	5.2343e-05	159.982	74.6139	74.5403
barbeyi	alpestre-1_5	xantholeucum	0.0303387	0.642767	0.520375	0.00389764	214.447	69.0662	64.9988
brachycentrum	alpestre-1_5	bicolor	0.257547	6.09753	1.07721e-09	0.0479409	184.5	132.946	78.4909
californicum	alpestre-1_5	bicolor	0.243503	5.06097	4.17123e-07	0.049611	135.817	122.074	74.2648
cardinale	alpestre-1_5	bicolor	0.261485	5.39269	6.94114e-08	0.0471991	152.506	107.776	63.0959
carolinianum	alpestre-1_5	bicolor	0.0833466	1.66647	0.0956198	0.0141838	179.633	79.8954	67.602
bicolor	distichum-1_5	alpestre-1_5	0.210084	5.18333	2.17957e-07	0.0769903	155.269	151.132	98.6556
distichum-2_6	bicolor	alpestre-1_5	0.106026	2.66793	0.007632	0.0359458	210.889	133.882	108.214
alpestre-1_5	exaltatum	bicolor	0.0249565	0.442596	0.658058	0.00302183	170.641	55.9362	53.2122
geraniifolium	alpestre-1_5	bicolor	0.0840617	1.67182	0.094559	0.00938702	249.902	61.1554	51.671
alpestre-1_5	geyeri	bicolor	0.180198	4.0346	5.46947e-05	0.023536	197.54	80.5831	55.9755
alpestre-1_5	glaucescens	bicolor	0.247851	5.57935	2.41416e-08	0.0385593	190.909	100.93	60.8359
alpestre-1_5	glaucum-1_2	bicolor	0.00583164	0.111854	0.910939	0.000766117	175.77	62.2839	61.5616
alpestre-1_5	glaucum-3_4	bicolor	0.13375	2.92768	0.00341504	0.0173854	188.48	79.5128	60.7524
gypsophilum	alpestre-1_5	bicolor	0.447175	11.7855	2.3e-16	0.110673	153.51	196.769	75.1662
hesperium	alpestre-1_5	bicolor	0.294551	6.52036	7.01405e-11	0.056099	147.598	123.197	67.1348
lineapetalum	bicolor	alpestre-1_5	0.0125606	0.3039	0.761204	0.00428213	186.916	113.293	110.482
bicolor	multiplex	alpestre-1_5	0.161624	4.16522	3.11051e-05	0.0567436	145.733	145.44	104.968
alpestre-1_5	novomexicanum	bicolor	0.00705038	0.139611	0.888967	0.000705936	282.217	52.6957	51.9578
alpestre-1_5	bicolor	nudicaule	0.013967	0.313188	0.754138	0.00264472	348.204	87.2179	84.8151
nuttallianum-14	bicolor	alpestre-1_5	0.0410337	0.961132	0.336486	0.0133161	196.676	102.978	94.8602
nuttallianum-7_9	bicolor	alpestre-1_5	0.186989	4.83943	1.3021e-06	0.0604583	219.026	132.452	90.7209
alpestre-1_5	occidentale	bicolor	0.199342	4.31982	1.56155e-05	0.0298696	191.757	91.8666	61.3285
parryi	alpestre-1_5	bicolor	0.24413	5.44572	5.15956e-08	0.049442	141.336	121.919	74.0718
alpestre-1_5	bicolor	patens	0.1125	2.32416	0.0201167	0.0211662	544.709	69.9431	55.7973
alpestre-1_5	ramosum-1_5	bicolor	0.101665	2.22953	0.0257785	0.00746934	552.285	44.1446	35.9971
alpestre-1_5	ramosum-3	bicolor	0.111503	2.01667	0.0437299	0.0114658	286.445	57.24	45.7556
ramosum-4_10	alpestre-1_5	bicolor	0.0181148	0.376803	0.70632	0.00175306	277.198	53.3933	51.4933
alpestre-1_5	sapellonis	bicolor	0.0438038	0.88289	0.377296	0.00463872	305.18	58.3523	53.4548
bicolor	alpestre-1_5	scaposum	0.0954343	2.31795	0.0204519	0.024131	116.446	122.765	101.375
scopulorum	alpestre-1_5	bicolor	0.0298098	0.597806	0.549969	0.00324744	246.664	55.7475	52.5201
stachydeum	alpestre-1_5	bicolor	0.240749	4.85268	1.21806e-06	0.041963	147.479	109.002	66.7014
alpestre-1_5	bicolor	trolliifolium	0.130174	3.12678	0.00176732	0.0278442	243.783	120.373	92.6437
bicolor	viridescens	alpestre-1_5	0.260745	5.79091	7.00067e-09	0.0883468	135.925	134.612	78.9319
bicolor	xantholeucum	alpestre-1_5	0.0073448	0.17815	0.858605	0.00262037	178.289	113.697	112.039
brachycentrum	alpestre-1_5	californicum	0.310585	6.95893	3.42874e-12	0.0318807	157.219	130.603	68.7018
brachycentrum	alpestre-1_5	cardinale	0.401604	9.06148	2.3e-16	0.042986	142.12	140.143	59.832
carolinianum	alpestre-1_5	brachycentrum	0.167371	3.33017	0.000867922	0.0395126	153.121	96.0117	68.4805
brachycentrum	alpestre-1_5	distichum-1_5	0.317507	7.95827	1.74459e-15	0.0592901	155.26	153.249	79.3858
brachycentrum	alpestre-1_5	distichum-2_6	0.286427	7.25787	3.93241e-13	0.0584308	226.256	146.723	81.3865
brachycentrum	exaltatum	alpestre-1_5	0.384427	8.78216	2.3e-16	0.139877	73.1198	142.913	63.5451
geraniifolium	alpestre-1_5	brachycentrum	0.140309	2.9516	0.00316128	0.0241352	237.871	78.9575	59.5269
brachycentrum	alpestre-1_5	geyeri	0.417202	11.2442	2.3e-16	0.140962	85.9468	212.98	87.584
brachycentrum	alpestre-1_5	glaucescens	0.089638	2.41496	0.0157368	0.0401092	95.1823	183.057	152.939
brachycentrum	glaucum-1_2	alpestre-1_5	0.312941	7.31927	2.49323e-13	0.113937	84.5779	151.121	79.0814
brachycentrum	glaucum-3_4	alpestre-1_5	0.362832	9.79763	2.3e-16	0.119468	153.749	164.365	76.8461
brachycentrum	alpestre-1_5	gypsophilum	0.361879	8.97466	2.3e-16	0.0429097	244.192	152.726	71.5614
brachycentrum	alpestre-1_5	hesperium	0.395437	9.34684	2.3e-16	0.0416878	161.687	145.302	62.951
brachycentrum	alpestre-1_5	lineapetalum	0.375527	8.98165	2.3e-16	0.0550231	192.588	141.878	64.411
brachycentrum	alpestre-1_5	multiplex	0.331249	8.70913	2.3e-16	0.0695595	169.845	155.725	78.2283
novomexicanum	alpestre-1_5	brachycentrum	0.0469246	0.958378	0.337872	0.00702997	266.705	63.698	57.988
brachycentrum	alpestre-1_5	nudicaule	0.423206	10.1692	2.3e-16	0.0711825	466.275	127.718	51.7613
brachycentrum	alpestre-1_5	nuttallianum-14	0.402391	9.58089	2.3e-16	0.0659474	185.08	123.925	52.809
brachycentrum	alpestre-1_5	nuttallianum-7_9	0.426275	10.9251	2.3e-16	0.101144	231.396	139.381	56.0665
alpestre-1_5	brachycentrum	occidentale	0.0441856	1.26167	0.207067	0.0231258	82.5233	189.937	173.862
brachycentrum	alpestre-1_5	parryi	0.314195	7.27505	3.46301e-13	0.0313352	156.461	136.923	71.4523
brachycentrum	alpestre-1_5	patens	0.399486	9.12942	2.3e-16	0.0733924	710.714	101.21	43.4288
alpestre-1_5	ramosum-1_5	brachycentrum	0.0919859	2.12216	0.0338242	0.00969545	585.249	48.9173	40.676
alpestre-1_5	ramosum-3	brachycentrum	0.0390951	0.762071	0.446018	0.00626894	290.601	65.8006	60.8492
ramosum-4_10	alpestre-1_5	brachycentrum	0.0426532	0.928744	0.353022	0.00611467	264.99	62.2029	57.1137
alpestre-1_5	sapellonis	brachycentrum	0.071007	1.48808	0.13673	0.0116425	299.562	72.8101	63.1556
brachycentrum	alpestre-1_5	scaposum	0.382447	9.19459	2.3e-16	0.0762532	177.525	140.128	62.5966
scopulorum	alpestre-1_5	brachycentrum	0.113585	2.38864	0.0169108	0.0185881	235.558	70.1428	55.8338
brachycentrum	alpestre-1_5	stachydeum	0.368177	8.37697	2.3e-16	0.0535186	148.005	144.847	66.8902
brachycentrum	alpestre-1_5	trolliifolium	0.416996	10.3455	2.3e-16	0.0702825	336.146	136.075	55.9861
brachycentrum	alpestre-1_5	viridescens	0.330233	7.60869	2.7689e-14	0.0461433	128.95	140.297	70.6389
brachycentrum	alpestre-1_5	xantholeucum	0.450189	11.2018	2.3e-16	0.0777762	185.094	143.367	54.3549
californicum	cardinale	alpestre-1_5	0.0629292	1.18914	0.234385	0.0201825	169.827	89.9381	79.2888
carolinianum	alpestre-1_5	californicum	0.0558793	0.984154	0.32504	0.00493692	144.318	72.0399	64.4149
californicum	alpestre-1_5	distichum-1_5	0.339173	7.51042	5.89386e-14	0.0684475	120.731	144.444	71.2769
californicum	alpestre-1_5	distichum-2_6	0.135123	3.03098	0.00243765	0.033084	170.997	129.802	98.8993
exaltatum	alpestre-1_5	californicum	0.0508883	0.787199	0.431165	0.0032126	141.986	52.9896	47.8576
geraniifolium	alpestre-1_5	californicum	0.0867749	1.52482	0.127305	0.00496306	211.114	55.7821	46.8741
geyeri	alpestre-1_5	californicum	0.216615	4.21235	2.52722e-05	0.014505	191.576	76.6367	49.3468
glaucescens	alpestre-1_5	californicum	0.136041	2.61118	0.00902293	0.0102685	176.282	80.0425	60.8724
glaucum-1_2	alpestre-1_5	californicum	0.0436654	0.752321	0.451858	0.00308681	147.484	63.5503	58.2326
glaucum-3_4	alpestre-1_5	californicum	0.0723501	1.36516	0.172203	0.00471687	165.979	66.2344	57.2969
gypsophilum	californicum	alpestre-1_5	0.231509	5.62415	1.86424e-08	0.0915073	188.743	159.889	99.7746
hesperium	californicum	alpestre-1_5	0.0199048	0.401646	0.687944	0.00596097	370.455	87.0885	83.6892
californicum	alpestre-1_5	lineapetalum	0.22774	4.68376	2.81655e-06	0.0370626	144.12	120.22	75.6198
californicum	alpestre-1_5	multiplex	0.290644	6.78578	1.1546e-11	0.0692963	129.29	146.293	80.405
novomexicanum	alpestre-1_5	californicum	0.0395165	0.696026	0.486413	0.00207589	238.465	50.2826	46.4596
alpestre-1_5	californicum	nudicaule	0.122036	2.46281	0.0137854	0.0252235	340.078	101.297	79.2622
californicum	alpestre-1_5	nuttallianum-14	0.273932	5.46125	4.72783e-08	0.0506534	133.144	112.63	64.1927
californicum	alpestre-1_5	nuttallianum-7_9	0.250948	5.34165	9.21047e-08	0.0669636	159.81	118.651	71.0464
occidentale	alpestre-1_5	californicum	0.0663233	1.25345	0.210044	0.00477564	175.743	69.6419	60.9787
californicum	parryi	alpestre-1_5	0.00142331	0.0290933	0.97679	0.000471704	187.969	89.1701	88.9167
alpestre-1_5	californicum	patens	0.107055	2.0144	0.0439674	0.0202271	539.576	67.4679	54.4193
ramosum-1_5	alpestre-1_5	californicum	0.0228463	0.448631	0.653698	0.000800774	486.256	34.0056	32.4865
alpestre-1_5	ramosum-3	californicum	0.0260636	0.413224	0.679442	0.00135044	248.907	47.5009	45.0877
ramosum-4_10	alpestre-1_5	californicum	0.0946246	1.76915	0.0768692	0.00485132	240.846	52.7151	43.6012
alpestre-1_5	sapellonis	californicum	0.0292155	0.52242	0.601378	0.00161878	263	53.5766	50.5349
californicum	alpestre-1_5	scaposum	0.222226	4.68963	2.73702e-06	0.0520542	132.072	122.02	77.6484
scopulorum	alpestre-1_5	californicum	0.0985791	1.78826	0.0737346	0.00565662	206.147	55.1016	45.2127
californicum	alpestre-1_5	stachydeum	0.224224	4.28422	1.83384e-05	0.0363447	111.033	125.661	79.6302
californicum	alpestre-1_5	trolliifolium	0.168484	3.48331	0.000495251	0.0324418	252.118	106.618	75.8715
californicum	alpestre-1_5	viridescens	0.389938	7.73352	1.04617e-14	0.0580538	101.068	138.707	60.8802
californicum	alpestre-1_5	xantholeucum	0.30937	6.5616	5.32343e-11	0.0581236	137.139	119.697	63.1343
carolinianum	alpestre-1_5	cardinale	0.132172	2.44277	0.014575	0.0136638	127.314	85.1684	65.283
cardinale	alpestre-1_5	distichum-1_5	0.291528	6.3452	2.22137e-10	0.0560851	124.596	126.465	69.3731
cardinale	alpestre-1_5	distichum-2_6	0.240251	5.24986	1.52216e-07	0.0538518	186.923	123.9	75.8984
exaltatum	alpestre-1_5	cardinale	0.103285	1.62451	0.104267	0.00750665	124.014	60.5868	49.2431
geraniifolium	alpestre-1_5	cardinale	0.0609333	1.10869	0.267564	0.00374078	185.442	56.2092	49.7526
geyeri	alpestre-1_5	cardinale	0.168213	3.24645	0.00116852	0.0123471	164.202	76.3268	54.3459
glaucescens	alpestre-1_5	cardinale	0.182418	3.49753	0.000469583	0.0149573	150.276	84.9962	58.7705
glaucum-1_2	alpestre-1_5	cardinale	0.0414284	0.728199	0.466492	0.00341733	131.819	72.5556	66.783
glaucum-3_4	alpestre-1_5	cardinale	0.0448036	0.842301	0.39962	0.00321474	146.31	67.4488	61.6641
gypsophilum	cardinale	alpestre-1_5	0.326831	7.91099	2.55351e-15	0.113845	293.673	142.364	72.2283
hesperium	cardinale	alpestre-1_5	0.055532	1.12099	0.262294	0.0186256	186.295	95.0052	85.0087
cardinale	alpestre-1_5	lineapetalum	0.101343	2.13521	0.032744	0.0171774	154.782	108.713	88.7057
cardinale	alpestre-1_5	multiplex	0.247286	5.78751	7.14375e-09	0.0561683	136.326	125.768	75.8984
novomexicanum	alpestre-1_5	cardinale	0.107626	1.92345	0.054424	0.00603809	222.987	54.5126	43.9188
alpestre-1_5	cardinale	nudicaule	0.0195374	0.396809	0.691508	0.00378042	353.326	83.8021	80.5903
cardinale	alpestre-1_5	nuttallianum-14	0.216622	4.34082	1.4195e-05	0.0387431	143.702	97.1745	62.5703
cardinale	alpestre-1_5	nuttallianum-7_9	0.206617	4.44709	8.70416e-06	0.0547964	178.632	105.057	69.0777
occidentale	alpestre-1_5	cardinale	0.119133	2.24095	0.0250295	0.00908945	155.867	74.7769	58.8568
parryi	cardinale	alpestre-1_5	0.0770341	1.56044	0.118656	0.0232641	311.195	87.917	75.3406
alpestre-1_5	cardinale	patens	0.0180694	0.332807	0.73928	0.00300613	579.412	54.1901	52.2665
alpestre-1_5	ramosum-1_5	cardinale	0.00773681	0.150125	0.880666	0.000319503	451.51	37.1988	36.6276
ramosum-3	alpestre-1_5	cardinale	0.0309578	0.513608	0.607526	0.00171814	227.265	48.3342	45.4314
ramosum-4_10	alpestre-1_5	cardinale	0.0395143	0.733892	0.463015	0.0020162	212.4	47.0974	43.5168
sapellonis	alpestre-1_5	cardinale	0.0420696	0.767572	0.442741	0.0023389	236.563	51.5614	47.3982
cardinale	alpestre-1_5	scaposum	0.167736	3.53882	0.00040192	0.0402528	148.881	110.923	79.0564
scopulorum	alpestre-1_5	cardinale	0.0295578	0.550024	0.582303	0.00190505	180.191	55.1506	51.9839
cardinale	alpestre-1_5	stachydeum	0.268214	5.1135	3.1624e-07	0.0382193	110.118	108.556	62.6389
cardinale	alpestre-1_5	trolliifolium	0.215038	4.42632	9.58559e-06	0.0377477	278.816	98.3611	63.5451
cardinale	alpestre-1_5	viridescens	0.267485	5.33739	9.42921e-08	0.0397655	105.611	117.986	68.1875
cardinale	alpestre-1_5	xantholeucum	0.211411	4.46218	8.1131e-06	0.0399813	148.673	106.062	69.0428
carolinianum	alpestre-1_5	distichum-1_5	0.113729	2.39632	0.0165605	0.0193414	142.8	86.6278	68.9358
carolinianum	alpestre-1_5	distichum-2_6	0.0631175	1.3114	0.189724	0.0115061	211.42	81.1176	71.4857
carolinianum	alpestre-1_5	exaltatum	0.0498936	0.931951	0.351362	0.00991019	66.169	87.6412	79.3113
geraniifolium	alpestre-1_5	carolinianum	0.112704	2.07896	0.0376207	0.00785645	137.457	70.3863	56.1276
carolinianum	alpestre-1_5	geyeri	0.111054	2.40627	0.0161165	0.0350373	87.2248	107.098	85.6884
carolinianum	alpestre-1_5	glaucescens	0.199026	4.21599	2.48687e-05	0.0609165	100.237	111.301	74.3516
carolinianum	alpestre-1_5	glaucum-1_2	0.151844	2.81077	0.00494235	0.0352701	82.0807	95.1901	70.0929
carolinianum	alpestre-1_5	glaucum-3_4	0.120583	2.4782	0.0132046	0.0429255	85.7305	98.8433	77.5707
carolinianum	alpestre-1_5	gypsophilum	0.00483797	0.0992891	0.920909	0.000559549	209.102	85.0987	84.2792
alpestre-1_5	carolinianum	hesperium	0.0381127	0.731745	0.464324	0.00399512	140.302	79.9878	74.1146
carolinianum	alpestre-1_5	lineapetalum	0.136438	2.69363	0.00706789	0.019962	183.202	88.803	67.48
carolinianum	alpestre-1_5	multiplex	0.161386	3.46958	0.000521271	0.0299957	157.123	89.6667	64.7466
novomexicanum	alpestre-1_5	carolinianum	0.120857	2.26194	0.0237012	0.00809144	162.308	69.895	54.822
carolinianum	alpestre-1_5	nudicaule	0.0890366	1.6683	0.0952554	0.014361	391.585	69.1198	57.8177
carolinianum	alpestre-1_5	nuttallianum-14	0.0733386	1.43713	0.150681	0.0114933	178.456	72.1606	62.2995
carolinianum	alpestre-1_5	nuttallianum-7_9	0.111043	2.28114	0.0225404	0.0251894	214.942	76.7005	61.3689
carolinianum	alpestre-1_5	occidentale	0.171141	3.63806	0.000274694	0.0536923	99.7786	106.758	75.5564
alpestre-1_5	carolinianum	parryi	0.0217456	0.431534	0.66608	0.00201073	143.652	78.2289	74.899
carolinianum	alpestre-1_5	patens	0.0886561	1.54354	0.122699	0.0131534	571.475	49.0755	41.0825
ramosum-1_5	alpestre-1_5	carolinianum	0.00450023	0.0903899	0.927977	0.000193154	373.895	40.8832	40.5169
ramosum-3	alpestre-1_5	carolinianum	0.0093881	0.162158	0.871181	0.000596502	175.082	57.6788	56.6059
ramosum-4_10	alpestre-1_5	carolinianum	0.043741	0.896941	0.36975	0.0026381	161.172	60.0606	55.0266
sapellonis	alpestre-1_5	carolinianum	0.0345021	0.664939	0.506089	0.00227136	180.977	64.4963	60.1942
carolinianum	alpestre-1_5	scaposum	0.1333	2.67876	0.00738963	0.024528	162.645	80.1775	61.3164
alpestre-1_5	scopulorum	carolinianum	0.0586607	1.17783	0.238865	0.00418177	136.186	68.5543	60.957
carolinianum	alpestre-1_5	stachydeum	0.187241	3.44947	0.000561695	0.0258366	145.33	89.9589	61.5839
carolinianum	alpestre-1_5	trolliifolium	0.0615721	1.17968	0.238126	0.00924212	303.373	71.7483	63.4253
carolinianum	alpestre-1_5	viridescens	0.25536	4.76665	1.87319e-06	0.0313816	123.217	88.5399	52.5191
carolinianum	alpestre-1_5	xantholeucum	0.0844009	1.76049	0.0783243	0.0141766	171.649	83.2234	70.2685
distichum-2_6	distichum-1_5	alpestre-1_5	0.325153	8.48834	2.3e-16	0.111575	213.103	170.713	86.9373
exaltatum	alpestre-1_5	distichum-1_5	0.0764471	1.41172	0.158031	0.00950586	144.255	64.6085	55.4318
geraniifolium	alpestre-1_5	distichum-1_5	0.0328141	0.693702	0.487869	0.00414577	217.329	70.6322	66.144
geyeri	alpestre-1_5	distichum-1_5	0.0178445	0.405728	0.684943	0.00255243	189.45	80.5586	77.7339
glaucescens	alpestre-1_5	distichum-1_5	0.0348969	0.779311	0.435797	0.00542298	177.885	92.5509	86.3092
glaucum-1_2	alpestre-1_5	distichum-1_5	0.0706617	1.45326	0.146152	0.00989093	153.007	79.8765	69.3331
alpestre-1_5	glaucum-3_4	distichum-1_5	0.00816657	0.180982	0.856382	0.0010962	163.108	78.4853	77.2138
gypsophilum	alpestre-1_5	distichum-1_5	0.436821	11.9267	2.3e-16	0.109663	131.306	216.178	84.7336
hesperium	alpestre-1_5	distichum-1_5	0.251334	6.01528	1.79575e-09	0.0523145	119.695	137.344	82.172
lineapetalum	distichum-1_5	alpestre-1_5	0.226112	5.54914	2.87071e-08	0.0724076	219.422	141.533	89.3319
multiplex	distichum-1_5	alpestre-1_5	0.0807004	2.27951	0.022637	0.019222	570.802	94.3792	80.2838
novomexicanum	alpestre-1_5	distichum-1_5	0.0659304	1.36788	0.17135	0.0074281	267.52	67.5302	59.1764
distichum-1_5	alpestre-1_5	nudicaule	0.0364716	0.831482	0.405702	0.00663499	407.561	90.4856	84.1175
nuttallianum-14	distichum-1_5	alpestre-1_5	0.210182	5.07135	3.95008e-07	0.0726213	193.016	130.814	85.3753
nuttallianum-7_9	distichum-1_5	alpestre-1_5	0.326098	8.77265	2.3e-16	0.116431	186.452	165.428	84.0678
alpestre-1_5	occidentale	distichum-1_5	0.031488	0.708425	0.478681	0.00460424	179.714	85.2509	80.046
parryi	alpestre-1_5	distichum-1_5	0.226585	5.44574	5.15906e-08	0.0489732	120.602	135.795	85.6247
alpestre-1_5	distichum-1_5	patens	0.101065	2.15953	0.0308088	0.0163294	637.505	63.9608	52.2191
alpestre-1_5	ramosum-1_5	distichum-1_5	0.0044711	0.103918	0.917234	0.000336044	543.48	44.8537	44.4544
ramosum-3	alpestre-1_5	distichum-1_5	0.0191945	0.362706	0.716824	0.00201688	266.497	56.9885	54.842
ramosum-4_10	alpestre-1_5	distichum-1_5	0.0762187	1.69866	0.0893828	0.00784411	246.008	64.1603	55.0725
sapellonis	alpestre-1_5	distichum-1_5	0.00272567	0.0588645	0.95306	0.00030705	292.498	64.8265	64.4741
alpestre-1_5	distichum-1_5	scaposum	0.118736	3.30541	0.000948383	0.0313048	142.585	130.758	103.002
scopulorum	alpestre-1_5	distichum-1_5	0.0455081	0.983785	0.325221	0.0056665	210.281	66.617	60.8177
stachydeum	alpestre-1_5	distichum-1_5	0.260772	5.51203	3.54715e-08	0.049894	128.113	130.166	76.3203
alpestre-1_5	distichum-1_5	trolliifolium	0.0273984	0.662113	0.507899	0.00526182	293.306	100.087	94.749
distichum-1_5	viridescens	alpestre-1_5	0.083047	1.85787	0.0631877	0.0203759	520.745	84.8867	71.8686
xantholeucum	distichum-1_5	alpestre-1_5	0.201537	5.04481	4.53981e-07	0.0705051	201.697	136.385	90.6326
exaltatum	alpestre-1_5	distichum-2_6	0.0411639	0.76652	0.443367	0.00498742	207.203	54.4944	50.1853
geraniifolium	alpestre-1_5	distichum-2_6	0.128302	2.66444	0.00771174	0.0166866	288.962	73.8799	57.0778
alpestre-1_5	geyeri	distichum-2_6	0.0917717	2.10505	0.0352865	0.0139038	238.081	87.314	72.6352
alpestre-1_5	glaucescens	distichum-2_6	0.141128	3.14537	0.00165876	0.0238891	244.894	101.255	76.2096
glaucum-1_2	alpestre-1_5	distichum-2_6	0.0203937	0.412131	0.680244	0.00286345	213.015	66.7563	64.0879
glaucum-3_4	alpestre-1_5	distichum-2_6	0.0114685	0.251954	0.801077	0.00163574	238.806	76.4053	74.6726
gypsophilum	alpestre-1_5	distichum-2_6	0.418743	11.4396	2.3e-16	0.115384	195.783	212.212	86.9431
hesperium	alpestre-1_5	distichum-2_6	0.235122	5.51922	3.40504e-08	0.0527748	176.873	138.273	85.6286
distichum-2_6	lineapetalum	alpestre-1_5	0.0368927	0.917685	0.358784	0.012423	247.522	125.841	116.886
distichum-2_6	multiplex	alpestre-1_5	0.251866	6.7619	1.36197e-11	0.084992	214.526	165.553	98.937
novomexicanum	alpestre-1_5	distichum-2_6	0.0927475	1.91438	0.0555722	0.0100705	328.949	61.1905	50.8034
alpestre-1_5	distichum-2_6	nudicaule	0.000660284	0.0158256	0.987374	0.000137848	343.789	97.3498	97.2214
distichum-2_6	nuttallianum-14	alpestre-1_5	0.0745477	1.83879	0.0659458	0.0240248	257.411	109.921	94.6693
nuttallianum-7_9	distichum-2_6	alpestre-1_5	0.0523363	1.4174	0.156366	0.0163338	321.904	115.163	103.708
alpestre-1_5	occidentale	distichum-2_6	0.128062	2.91823	0.00352023	0.0213556	240.334	95.4049	73.7435
parryi	alpestre-1_5	distichum-2_6	0.215321	5.04025	4.6493e-07	0.0501824	182.144	135.432	87.4424
alpestre-1_5	distichum-2_6	patens	0.117436	2.72111	0.00650627	0.0245605	574.408	81.1523	64.0951
ramosum-1_5	alpestre-1_5	distichum-2_6	0.0240757	0.549705	0.582522	0.00181932	613.999	42.388	40.3949
alpestre-1_5	ramosum-3	distichum-2_6	0.11561	2.17152	0.0298922	0.0133887	334.692	62.6819	49.6905
ramosum-4_10	alpestre-1_5	distichum-2_6	0.0322099	0.697595	0.485431	0.00346749	324.114	58.5125	54.8607
sapellonis	alpestre-1_5	distichum-2_6	0.0396815	0.834417	0.404046	0.00446931	351.588	62.2266	57.4766
distichum-2_6	alpestre-1_5	scaposum	0.16998	4.27532	1.90865e-05	0.0490623	126.99	157.97	112.069
scopulorum	alpestre-1_5	distichum-2_6	0.0977482	2.07801	0.0377081	0.0120455	277.281	65.8907	54.1563
stachydeum	alpestre-1_5	distichum-2_6	0.164763	3.48447	0.000493119	0.0331129	178.579	114.33	81.9848
alpestre-1_5	distichum-2_6	trolliifolium	0.160409	4.06212	4.86292e-05	0.0385257	239.177	141.805	102.6
distichum-2_6	viridescens	alpestre-1_5	0.322708	7.57215	3.67088e-14	0.113868	174.906	158.347	81.0817
distichum-2_6	xantholeucum	alpestre-1_5	0.0741658	1.85404	0.063733	0.0264803	232.966	128.275	110.562
geraniifolium	alpestre-1_5	exaltatum	0.0939714	1.72732	0.0841095	0.0114809	118.992	62.7248	51.9488
exaltatum	alpestre-1_5	geyeri	0.0120081	0.244777	0.806629	0.00304822	70.2778	81.2778	79.349
exaltatum	alpestre-1_5	glaucescens	0.103051	1.98658	0.0469694	0.0244685	84.4505	78.7648	64.0477
glaucum-1_2	exaltatum	alpestre-1_5	0.0621853	1.02305	0.306282	0.0161299	105.449	63.3568	55.9384
glaucum-3_4	exaltatum	alpestre-1_5	0.0385901	0.723998	0.469067	0.00908538	117.48	60.6953	56.1849
exaltatum	alpestre-1_5	gypsophilum	0.0160495	0.287102	0.774035	0.00121847	206.972	59.3507	57.4757
exaltatum	alpestre-1_5	hesperium	0.105056	1.75901	0.0785756	0.00726797	137.082	61.6788	49.9514
exaltatum	alpestre-1_5	lineapetalum	0.0175139	0.302735	0.762092	0.00168033	176.522	54.3655	52.4939
exaltatum	alpestre-1_5	multiplex	0.07626	1.51689	0.129295	0.0108615	158.624	66.1881	56.8084
novomexicanum	alpestre-1_5	exaltatum	0.153895	2.75928	0.00579282	0.0154545	141.434	55.3234	40.5664
exaltatum	alpestre-1_5	nudicaule	0.0526117	0.858212	0.390775	0.00588317	397.24	48.4201	43.5799
exaltatum	alpestre-1_5	nuttallianum-14	0.00190528	0.0332472	0.973477	0.000211089	170.661	48.3863	48.2023
exaltatum	alpestre-1_5	nuttallianum-7_9	0.0764812	1.4063	0.159635	0.0118795	213.681	52.7328	45.2397
exaltatum	alpestre-1_5	occidentale	0.100723	1.99532	0.0460079	0.0249779	78.5479	80.0739	65.4194
exaltatum	alpestre-1_5	parryi	0.0831091	1.4094	0.158717	0.00525763	141.237	59.7543	50.5842
exaltatum	alpestre-1_5	patens	0.0569974	0.843195	0.39912	0.00554623	594.609	31.7127	28.2925
alpestre-1_5	ramosum-1_5	exaltatum	0.00753342	0.147975	0.882362	0.000568375	379.993	36.8022	36.2519
alpestre-1_5	ramosum-3	exaltatum	0.067503	1.12038	0.262551	0.00657063	153.317	47.4974	41.4905
ramosum-4_10	alpestre-1_5	exaltatum	0.049293	0.987598	0.323349	0.0052228	138.308	53.5645	48.5319
alpestre-1_5	sapellonis	exaltatum	0.0377903	0.715819	0.474103	0.00407367	150.85	53.8748	49.9512
exaltatum	alpestre-1_5	scaposum	0.106584	1.93375	0.0531437	0.0146148	166.364	59.7253	48.2201
scopulorum	alpestre-1_5	exaltatum	0.0110414	0.209295	0.834218	0.00139422	118.012	58.661	57.3798
exaltatum	alpestre-1_5	stachydeum	0.102891	1.65623	0.097676	0.0089822	135.797	57.0752	46.4259
exaltatum	alpestre-1_5	trolliifolium	0.0566798	0.997002	0.318763	0.0060009	308.83	52.3686	46.7506
exaltatum	alpestre-1_5	viridescens	0.095696	1.57209	0.115931	0.00832023	121.717	56.1753	46.3628
exaltatum	alpestre-1_5	xantholeucum	0.0990736	1.76758	0.0771318	0.0108399	177.237	57.0564	46.77
geraniifolium	alpestre-1_5	geyeri	0.167249	3.67407	0.000238716	0.0366906	139.335	96.429	68.7954
geraniifolium	alpestre-1_5	glaucescens	0.204245	4.35903	1.30642e-05	0.0472832	147.578	100.561	66.4499
geraniifolium	alpestre-1_5	glaucum-1_2	0.065471	1.23965	0.215105	0.0106933	140.145	71.1278	62.3865
geraniifolium	alpestre-1_5	glaucum-3_4	0.0602244	1.27758	0.201397	0.0154177	144.753	76.3934	67.7146
geraniifolium	alpestre-1_5	gypsophilum	0.0137666	0.277155	0.781661	0.00097309	292.657	62.5807	60.8811
geraniifolium	alpestre-1_5	hesperium	0.0560891	1.06163	0.288404	0.00387864	210.182	65.8681	58.8715
geraniifolium	alpestre-1_5	lineapetalum	0.0168235	0.33592	0.736931	0.00172524	258.55	66.684	64.4774
geraniifolium	alpestre-1_5	multiplex	0.163001	3.67952	0.000233673	0.0219687	236.642	78.6176	56.5802
geraniifolium	novomexicanum	alpestre-1_5	0.204448	4.65336	3.26567e-06	0.084428	98.4149	125.72	83.0399
geraniifolium	alpestre-1_5	nudicaule	0.0580425	1.0861	0.277436	0.00612961	507.192	53.0564	47.2352
geraniifolium	alpestre-1_5	nuttallianum-14	0.132923	2.55984	0.010472	0.013681	245.145	57.8051	44.2409
geraniifolium	alpestre-1_5	nuttallianum-7_9	0.125032	2.55682	0.0105633	0.019721	279.281	64.8368	50.4253
geraniifolium	alpestre-1_5	occidentale	0.102672	2.23085	0.0256908	0.0228624	145.021	84.6597	68.8941
alpestre-1_5	geraniifolium	parryi	0.0243277	0.469689	0.638578	0.00144517	203.284	58.5894	55.8064
geraniifolium	alpestre-1_5	patens	0.126017	2.0979	0.0359139	0.0125482	756.637	39.3021	30.5052
alpestre-1_5	ramosum-1_5	geraniifolium	0.0537311	1.34628	0.178212	0.00747628	392.76	63.0044	56.5791
geraniifolium	ramosum-3	alpestre-1_5	0.299312	6.70307	2.04081e-11	0.131521	89.0612	136.99	73.8754
geraniifolium	alpestre-1_5	ramosum-4_10	0.109513	2.7268	0.00639518	0.0527734	84.195	119.367	95.8033
geraniifolium	sapellonis	alpestre-1_5	0.294369	7.18593	6.6749e-13	0.121261	107.356	136.627	74.4826
alpestre-1_5	geraniifolium	scaposum	0.00246623	0.0488164	0.961066	0.000311259	234.397	55.7496	55.4753
geraniifolium	scopulorum	alpestre-1_5	0.068781	1.4972	0.134342	0.0148398	458.344	54.8852	47.821
geraniifolium	alpestre-1_5	stachydeum	0.0933257	1.71057	0.0871611	0.00829066	197.638	64.7283	53.678
geraniifolium	alpestre-1_5	trolliifolium	0.163609	3.10925	0.00187562	0.0164889	388.355	60.4718	43.4666
geraniifolium	alpestre-1_5	viridescens	0.0530519	1.00857	0.313181	0.00482662	191.365	66.0443	59.3898
geraniifolium	alpestre-1_5	xantholeucum	0.104872	2.10635	0.0351739	0.0116249	244.446	61.6669	49.9603
glaucescens	geyeri	alpestre-1_5	0.108337	2.52062	0.0117147	0.0372225	147.138	115.235	92.7072
glaucum-1_2	alpestre-1_5	geyeri	0.196159	4.09324	4.25381e-05	0.0477378	80.7995	109.275	73.4349
glaucum-3_4	alpestre-1_5	geyeri	0.0306294	0.729213	0.465871	0.0081278	85.9983	106.67	100.33
geyeri	alpestre-1_5	gypsophilum	0.0969648	2.15211	0.0313887	0.00759756	269.233	76.2941	62.8063
geyeri	alpestre-1_5	hesperium	0.0748528	1.55793	0.11925	0.00569745	185.958	76.9582	66.2394
alpestre-1_5	geyeri	lineapetalum	0.042435	0.919544	0.357811	0.00482203	224.689	77.5135	71.2027
geyeri	alpestre-1_5	multiplex	0.032375	0.780212	0.435266	0.00519675	204.677	83.4505	78.2165
novomexicanum	alpestre-1_5	geyeri	0.189962	4.21352	2.51425e-05	0.0360913	174.385	87.9384	59.862
geyeri	alpestre-1_5	nudicaule	0.0361743	0.730307	0.465203	0.00400168	484.036	56.5668	52.6172
alpestre-1_5	geyeri	nuttallianum-14	0.0471825	0.981771	0.326213	0.00576717	200.574	63.4041	57.6905
alpestre-1_5	geyeri	nuttallianum-7_9	0.0164024	0.370519	0.710996	0.00303395	242.804	67.9914	65.797
occidentale	geyeri	alpestre-1_5	0.070797	1.64348	0.100284	0.0244634	138.601	109.695	95.1897
geyeri	alpestre-1_5	parryi	0.0598137	1.2325	0.217762	0.00393171	186.746	69.6593	61.7964
geyeri	alpestre-1_5	patens	0.0915271	1.69834	0.0894435	0.0101751	739.316	43.4171	36.1359
ramosum-1_5	alpestre-1_5	geyeri	0.0778806	1.93817	0.052602	0.0110974	448.939	61.5239	52.6332
alpestre-1_5	ramosum-3	geyeri	0.125321	2.72945	0.00634399	0.0292687	179.99	94.7135	73.6181
ramosum-4_10	alpestre-1_5	geyeri	0.0532777	1.29151	0.196525	0.0106632	166.125	82.3698	74.0368
sapellonis	alpestre-1_5	geyeri	0.087679	2.01733	0.0436606	0.017299	186.745	83.6708	70.1812
alpestre-1_5	geyeri	scaposum	0.0216988	0.473742	0.635684	0.00306968	208.341	65.7234	62.9317
scopulorum	alpestre-1_5	geyeri	0.0806923	1.83986	0.0657887	0.0167102	129.006	82.112	69.8498
geyeri	alpestre-1_5	stachydeum	0.125862	2.49253	0.0126837	0.0127041	174.545	76.4457	59.3537
geyeri	alpestre-1_5	trolliifolium	0.0253432	0.537104	0.591196	0.00297479	361.218	62.7595	59.6571
alpestre-1_5	geyeri	viridescens	0.0126949	0.255787	0.798115	0.00137366	168.496	76.6558	74.7339
alpestre-1_5	geyeri	xantholeucum	0.0813652	1.77944	0.0751675	0.0104867	207.387	72.9811	61.9985
glaucum-1_2	alpestre-1_5	glaucescens	0.0649118	1.35427	0.175651	0.0172603	92.066	93.7622	82.3316
alpestre-1_5	glaucum-3_4	glaucescens	0.117253	3.15398	0.00161059	0.0398446	99.1345	137.957	109.001
glaucescens	alpestre-1_5	gypsophilum	0.141387	3.04695	0.00231177	0.012024	260.397	86.7687	65.2721
glaucescens	alpestre-1_5	hesperium	0.173404	3.49505	0.000473975	0.0141194	169.944	90.1016	63.4714
alpestre-1_5	glaucescens	lineapetalum	0.0282562	0.610889	0.541273	0.0034024	216.061	79.9831	75.5872
glaucescens	alpestre-1_5	multiplex	0.0434463	1.04905	0.294156	0.0077596	197.939	95.6027	87.6414
novomexicanum	alpestre-1_5	glaucescens	0.141893	2.9924	0.00276797	0.0291194	195.201	84.7441	63.6834
alpestre-1_5	glaucescens	nudicaule	0.0408369	0.798235	0.424734	0.00494879	469.168	61.0642	56.2726
glaucescens	alpestre-1_5	nuttallianum-14	0.0215874	0.440715	0.65942	0.00299051	203.521	71.3958	68.3785
alpestre-1_5	glaucescens	nuttallianum-7_9	0.0794626	1.76234	0.0780119	0.014473	242.809	73.0051	62.2568
glaucescens	occidentale	alpestre-1_5	0.00483305	0.110378	0.912109	0.00125578	375.637	79.0486	78.2882
glaucescens	alpestre-1_5	parryi	0.0906286	1.82181	0.0684831	0.0067837	172.046	81.9193	68.3047
alpestre-1_5	glaucescens	patens	0.0319917	0.584333	0.558996	0.00393185	707.549	45.0269	42.2352
alpestre-1_5	ramosum-1_5	glaucescens	0.0785183	1.85905	0.0630197	0.0109024	461.139	55.3251	47.2695
ramosum-3	alpestre-1_5	glaucescens	0.00145922	0.0289275	0.976922	0.000324214	201.31	73.8724	73.6571
ramosum-4_10	alpestre-1_5	glaucescens	0.0980931	2.1781	0.0293985	0.018331	172.145	73.6828	60.5186
sapellonis	alpestre-1_5	glaucescens	0.0894782	1.93341	0.0531854	0.0181769	215.127	81.7012	68.281
glaucescens	alpestre-1_5	scaposum	0.0617659	1.32845	0.18403	0.00908355	195.218	73.3567	64.8219
scopulorum	alpestre-1_5	glaucescens	0.165589	3.5599	0.000371003	0.0333733	145.654	80.0326	57.293
glaucescens	alpestre-1_5	stachydeum	0.0616663	1.18576	0.235715	0.0070614	170.318	82.0764	72.5417
glaucescens	alpestre-1_5	trolliifolium	0.0981188	1.97374	0.048411	0.01199	348.034	71.0169	58.326
glaucescens	alpestre-1_5	viridescens	0.00330639	0.066093	0.947304	0.000380161	152.734	81.1293	80.5946
glaucescens	alpestre-1_5	xantholeucum	0.0422053	0.891249	0.372796	0.00586636	201.496	75.796	69.6571
glaucum-1_2	glaucum-3_4	alpestre-1_5	0.0459367	0.929127	0.352823	0.0115088	155.951	74.553	68.0043
glaucum-1_2	alpestre-1_5	gypsophilum	0.0750563	1.46	0.144291	0.00607592	217.016	73.2951	63.0608
alpestre-1_5	glaucum-1_2	hesperium	0.002183	0.0397062	0.968327	0.000166724	148.984	66.1528	65.8646
alpestre-1_5	glaucum-1_2	lineapetalum	0.0812123	1.54681	0.121908	0.00880203	183.16	70.8546	60.2105
glaucum-1_2	alpestre-1_5	multiplex	0.0541546	1.15181	0.249401	0.00899024	166.003	83.547	74.963
novomexicanum	alpestre-1_5	glaucum-1_2	0.0561277	1.07217	0.283642	0.00780083	164.699	60.1573	53.7632
alpestre-1_5	glaucum-1_2	nudicaule	0.0703862	1.26018	0.207605	0.00868213	416.934	59.628	51.786
glaucum-1_2	alpestre-1_5	nuttallianum-14	0.0133244	0.239305	0.810869	0.00149926	178.939	52.4826	51.1024
glaucum-1_2	alpestre-1_5	nuttallianum-7_9	0.028085	0.549446	0.582699	0.0046114	217.77	55.8307	52.7804
glaucum-1_2	alpestre-1_5	occidentale	0.118599	2.54095	0.0110553	0.0327368	87.5747	101.146	79.698
glaucum-1_2	alpestre-1_5	parryi	0.0776317	1.41357	0.157488	0.00545012	153.73	70.1658	60.0564
alpestre-1_5	glaucum-1_2	patens	0.0232736	0.380806	0.703347	0.00259392	654.022	38.3568	36.612
ramosum-1_5	alpestre-1_5	glaucum-1_2	0.0437132	0.898614	0.368858	0.00440655	432.036	44.7475	40.9993
alpestre-1_5	ramosum-3	glaucum-1_2	0.018166	0.319853	0.749079	0.00256182	183.14	56.4371	54.4232
ramosum-4_10	alpestre-1_5	glaucum-1_2	0.0746264	1.47859	0.139251	0.0099178	159.721	59.5578	51.2859
alpestre-1_5	sapellonis	glaucum-1_2	0.0116069	0.230152	0.817973	0.00172344	180.061	62.1892	60.7622
alpestre-1_5	glaucum-1_2	scaposum	0.0185095	0.3517	0.725063	0.00253647	168.55	57.8924	55.7882
scopulorum	alpestre-1_5	glaucum-1_2	0.0386133	0.736365	0.461509	0.00627357	130.513	66.0304	61.1207
alpestre-1_5	glaucum-1_2	stachydeum	0.000142113	0.00243332	0.998058	1.52715e-05	136.457	67.1997	67.1806
glaucum-1_2	alpestre-1_5	trolliifolium	0.0194205	0.351657	0.725096	0.00235981	320.181	58.7344	56.4965
glaucum-1_2	alpestre-1_5	viridescens	0.065867	1.17953	0.238188	0.00694137	126.628	73.8168	64.6936
glaucum-1_2	alpestre-1_5	xantholeucum	0.0987831	1.83199	0.0669526	0.0116361	180.039	62.0562	50.8982
glaucum-3_4	alpestre-1_5	gypsophilum	0.0360726	0.775515	0.438036	0.0029261	247.516	75.8437	70.5625
glaucum-3_4	alpestre-1_5	hesperium	0.0444364	0.886988	0.375085	0.00334629	163.768	75.5109	69.0855
alpestre-1_5	glaucum-3_4	lineapetalum	0.0495974	1.04976	0.29383	0.00526011	201.536	74.1784	67.168
glaucum-3_4	alpestre-1_5	multiplex	0.0553284	1.30217	0.192857	0.00865718	186.071	87.2171	78.0719
novomexicanum	alpestre-1_5	glaucum-3_4	0.0358401	0.777237	0.437019	0.00829809	182.701	66.3084	61.7198
glaucum-3_4	alpestre-1_5	nudicaule	0.0373936	0.734978	0.462353	0.00421006	470.062	58.2305	54.0326
glaucum-3_4	alpestre-1_5	nuttallianum-14	0.0953189	1.87548	0.0607262	0.0105268	195.196	61.625	50.8993
glaucum-3_4	alpestre-1_5	nuttallianum-7_9	0.0193952	0.426085	0.670046	0.0033308	237.935	66.0639	63.55
alpestre-1_5	glaucum-3_4	occidentale	0.255481	7.53132	5.02308e-14	0.0989581	85.5929	168.464	99.9019
glaucum-3_4	alpestre-1_5	parryi	0.0132136	0.272883	0.784943	0.000893396	159.12	69.2244	67.4188
glaucum-3_4	alpestre-1_5	patens	0.0365499	0.665401	0.505794	0.00429919	727.709	44.263	41.1415
alpestre-1_5	ramosum-1_5	glaucum-3_4	0.0183426	0.44099	0.65922	0.00299487	470.602	49.5901	47.8037
alpestre-1_5	ramosum-3	glaucum-3_4	0.120631	2.41569	0.0157052	0.0296319	195.201	74.4227	58.4002
ramosum-4_10	alpestre-1_5	glaucum-3_4	0.0323107	0.732734	0.463721	0.00679149	168.117	63.0947	59.1451
alpestre-1_5	sapellonis	glaucum-3_4	0.0985061	2.14238	0.0321629	0.0239801	197.352	77.9358	63.9583
glaucum-3_4	alpestre-1_5	scaposum	0.0313873	0.654569	0.512745	0.00441371	192.471	68.0021	63.8632
scopulorum	alpestre-1_5	glaucum-3_4	0.0258259	0.556631	0.57778	0.00659872	140.949	70.477	66.9284
glaucum-3_4	alpestre-1_5	stachydeum	0.038242	0.727038	0.467203	0.00390354	154.905	73.5764	68.1562
glaucum-3_4	alpestre-1_5	trolliifolium	0.0920637	1.85583	0.0634784	0.0108191	348.92	68.5569	56.9978
glaucum-3_4	alpestre-1_5	viridescens	0.023274	0.449956	0.652742	0.00235671	136.164	74.2695	70.8911
glaucum-3_4	alpestre-1_5	xantholeucum	0.0651284	1.34931	0.177236	0.00746424	196.004	64.4518	56.5699
gypsophilum	hesperium	alpestre-1_5	0.205868	5.118	3.08796e-07	0.078092	210.483	147.759	97.3076
gypsophilum	alpestre-1_5	lineapetalum	0.3418	8.93933	2.3e-16	0.0731187	164.951	190.26	93.329
gypsophilum	alpestre-1_5	multiplex	0.435812	12.2538	2.3e-16	0.127631	146.736	229.532	90.1922
novomexicanum	alpestre-1_5	gypsophilum	0.125507	2.44258	0.0145828	0.00757744	337.987	60.4073	46.9351
gypsophilum	alpestre-1_5	nudicaule	0.187789	4.66595	3.07195e-06	0.0493546	371.332	152.297	104.141
gypsophilum	alpestre-1_5	nuttallianum-14	0.370886	9.45131	2.3e-16	0.0868788	150.951	164.624	75.5477
gypsophilum	alpestre-1_5	nuttallianum-7_9	0.399891	10.8135	2.3e-16	0.129946	178.874	179.452	76.9282
occidentale	alpestre-1_5	gypsophilum	0.131142	2.84545	0.0044349	0.0109099	258.195	82.5996	63.4468
gypsophilum	parryi	alpestre-1_5	0.222237	5.60112	2.12974e-08	0.0724128	426.579	124.517	79.2355
gypsophilum	alpestre-1_5	patens	0.0971122	2.32027	0.0203263	0.0229387	575.451	90.0651	74.1207
ramosum-1_5	alpestre-1_5	gypsophilum	0.0417856	0.904565	0.365696	0.00174589	617.77	39.7349	36.5474
ramosum-3	alpestre-1_5	gypsophilum	0.0221545	0.398563	0.690215	0.00136108	337.431	53.747	51.4171
ramosum-4_10	alpestre-1_5	gypsophilum	0.0819314	1.70672	0.0878745	0.00491507	329.744	58.2777	49.4513
sapellonis	alpestre-1_5	gypsophilum	0.0673867	1.37934	0.167791	0.00406079	346.611	57.529	50.2651
gypsophilum	alpestre-1_5	scaposum	0.374648	10.0333	2.3e-16	0.112054	148.495	193.648	88.0939
alpestre-1_5	scopulorum	gypsophilum	0.0398682	0.821315	0.411467	0.00277011	268.622	61.3576	56.6528
gypsophilum	alpestre-1_5	stachydeum	0.475275	12.0329	2.3e-16	0.0896365	116.371	192.44	68.447
gypsophilum	alpestre-1_5	trolliifolium	0.388887	9.84689	2.3e-16	0.0875897	275.602	166.258	73.1539
gypsophilum	alpestre-1_5	viridescens	0.433744	11.3052	2.3e-16	0.0770178	115.204	184.85	73.0064
gypsophilum	alpestre-1_5	xantholeucum	0.401638	10.36	2.3e-16	0.0957654	158.35	181.349	77.4181
hesperium	alpestre-1_5	lineapetalum	0.214655	4.85238	1.2199e-06	0.0344671	150.823	119.17	77.0503
hesperium	alpestre-1_5	multiplex	0.23914	5.91326	3.35403e-09	0.0594307	133.472	144.339	88.6274
novomexicanum	alpestre-1_5	hesperium	0.0641581	1.20262	0.229123	0.00371262	248.679	56.5697	49.7486
alpestre-1_5	hesperium	nudicaule	0.0310554	0.681755	0.495394	0.00738577	332.522	104.357	98.0703
hesperium	alpestre-1_5	nuttallianum-14	0.244366	5.20871	1.90159e-07	0.0450159	139.588	106.799	64.8533
hesperium	alpestre-1_5	nuttallianum-7_9	0.27082	6.15601	7.45982e-10	0.068283	172.964	113.85	65.3255
occidentale	alpestre-1_5	hesperium	0.136552	2.71752	0.0065774	0.0103708	181.31	79.2947	60.2409
parryi	hesperium	alpestre-1_5	0.000161625	0.00361644	0.997115	5.72832e-05	210.108	96.6898	96.6586
alpestre-1_5	hesperium	patens	0.069142	1.37199	0.170066	0.0134249	527.809	64.7378	56.3646
ramosum-1_5	alpestre-1_5	hesperium	0.0295926	0.59994	0.548546	0.00123901	489.812	41.6178	39.2254
ramosum-3	alpestre-1_5	hesperium	0.0673818	1.14229	0.253334	0.00398457	263.022	56.2266	49.1276
ramosum-4_10	alpestre-1_5	hesperium	0.0229124	0.450458	0.65238	0.00129276	242.734	54.6663	52.2174
sapellonis	alpestre-1_5	hesperium	0.0455728	0.896629	0.369917	0.00255514	268.498	55.0271	50.2303
hesperium	alpestre-1_5	scaposum	0.22125	4.99802	5.79206e-07	0.0512392	134.387	116.965	74.5845
scopulorum	alpestre-1_5	hesperium	0.0746367	1.4104	0.158423	0.00515456	205.617	64.3546	55.4154
hesperium	alpestre-1_5	stachydeum	0.238712	4.90046	9.56101e-07	0.0383097	110.176	126.589	77.7992
hesperium	alpestre-1_5	trolliifolium	0.236788	5.24136	1.59394e-07	0.044687	266.337	115.459	71.2488
hesperium	alpestre-1_5	viridescens	0.313024	6.57138	4.98509e-11	0.0467421	96.9844	129.339	67.6701
hesperium	alpestre-1_5	xantholeucum	0.317378	7.2083	5.66538e-13	0.0602557	143.283	123.476	63.9812
lineapetalum	multiplex	alpestre-1_5	0.167174	4.261	2.03517e-05	0.054147	264.746	139.743	99.7126
alpestre-1_5	novomexicanum	lineapetalum	0.0163812	0.324478	0.745576	0.00136469	296.334	55.1515	53.3737
lineapetalum	alpestre-1_5	nudicaule	0.00859074	0.191154	0.848405	0.00177908	335.104	93.7604	92.1632
nuttallianum-14	lineapetalum	alpestre-1_5	0.0520008	1.20344	0.228807	0.0152335	345.107	94.4089	85.0755
nuttallianum-7_9	lineapetalum	alpestre-1_5	0.170497	4.37393	1.22029e-05	0.0518692	271.282	121.631	86.197
alpestre-1_5	occidentale	lineapetalum	0.0341619	0.733382	0.463326	0.00389112	212.658	75.9963	70.9755
parryi	alpestre-1_5	lineapetalum	0.148195	3.37024	0.000751033	0.0270244	150.35	121.868	90.4093
alpestre-1_5	lineapetalum	patens	0.099087	2.06621	0.0388086	0.018495	571.297	69.5955	57.0469
alpestre-1_5	ramosum-1_5	lineapetalum	0.0511957	1.1178	0.263654	0.00303806	571.379	41.8856	37.8058
alpestre-1_5	ramosum-3	lineapetalum	0.0834028	1.50521	0.13227	0.00661638	294.615	54.125	45.7917
ramosum-4_10	alpestre-1_5	lineapetalum	0.0900853	1.82156	0.0685213	0.00668396	284.991	53.9863	45.0634
sapellonis	alpestre-1_5	lineapetalum	0.00709049	0.144457	0.88514	0.000563158	319.848	52.523	51.7834
lineapetalum	alpestre-1_5	scaposum	0.091034	2.18042	0.0292263	0.0237663	120.079	124.375	103.619
scopulorum	alpestre-1_5	lineapetalum	0.0115134	0.231984	0.816551	0.00108872	251.512	58.265	56.9386
stachydeum	alpestre-1_5	lineapetalum	0.139306	2.77524	0.00551609	0.020818	149.747	103.594	78.2604
alpestre-1_5	lineapetalum	trolliifolium	0.122624	2.95026	0.00317504	0.0288164	245.546	130.761	102.195
lineapetalum	viridescens	alpestre-1_5	0.307731	6.93395	4.09264e-12	0.0976528	192.418	137.049	72.5495
lineapetalum	xantholeucum	alpestre-1_5	0.0532656	1.29297	0.196021	0.0149097	488.644	93.7027	84.2253
novomexicanum	alpestre-1_5	multiplex	0.0927246	2.08296	0.0372548	0.0117095	295.144	69.7017	57.8725
multiplex	alpestre-1_5	nudicaule	0.0452275	1.10599	0.268731	0.00813608	404.559	93.1937	85.1286
nuttallianum-14	multiplex	alpestre-1_5	0.164774	4.24064	2.22883e-05	0.0574623	176.866	132.035	94.6787
nuttallianum-7_9	multiplex	alpestre-1_5	0.25131	7.07228	1.52413e-12	0.0897197	178.659	163.386	97.7579
alpestre-1_5	occidentale	multiplex	0.0190939	0.466076	0.641161	0.0032913	187.28	86.7057	83.4567
parryi	alpestre-1_5	multiplex	0.25352	6.38009	1.76987e-10	0.0622215	131.668	141.225	84.1004
alpestre-1_5	multiplex	patens	0.0717543	1.65116	0.0987051	0.0122606	660.311	67.4081	58.3821
ramosum-1_5	alpestre-1_5	multiplex	0.0145091	0.362912	0.716671	0.00129204	580.761	47.9309	46.5599
ramosum-3	alpestre-1_5	multiplex	0.00223551	0.0457417	0.963516	0.000273314	284.285	59.6021	59.3362
ramosum-4_10	alpestre-1_5	multiplex	0.0962085	2.30865	0.0209632	0.0116108	269.257	69.4062	57.2233
sapellonis	alpestre-1_5	multiplex	0.0945527	2.1731	0.029773	0.011317	313.745	67.967	56.2244
multiplex	alpestre-1_5	scaposum	0.0207708	0.551385	0.58137	0.00496008	141.555	115.094	110.41
scopulorum	alpestre-1_5	multiplex	0.142563	3.17878	0.00147896	0.0191328	235.081	73.6546	55.2741
stachydeum	alpestre-1_5	multiplex	0.220537	5.00062	5.71449e-07	0.0487042	136.82	129.998	83.0197
alpestre-1_5	multiplex	trolliifolium	0.0674238	1.72075	0.0852962	0.0133684	288.504	112.521	98.306
multiplex	viridescens	alpestre-1_5	0.144887	3.56002	0.000370823	0.0340937	491.008	89.9587	67.1899
xantholeucum	multiplex	alpestre-1_5	0.132159	3.51937	0.00043257	0.0462752	203.207	134.105	102.796
novomexicanum	alpestre-1_5	nudicaule	0.0349369	0.646731	0.517806	0.00341664	561.943	48.806	45.5109
novomexicanum	alpestre-1_5	nuttallianum-14	0.115712	2.18573	0.0288353	0.0110216	272.389	53.2661	42.2174
novomexicanum	alpestre-1_5	nuttallianum-7_9	0.129936	2.62135	0.00875828	0.017215	321.088	55.8378	42.9958
novomexicanum	alpestre-1_5	occidentale	0.110408	2.39158	0.0167759	0.0222891	182.014	77.1583	61.8146
novomexicanum	alpestre-1_5	parryi	0.0237592	0.448179	0.654024	0.00128487	245.082	54.6094	52.0747
novomexicanum	alpestre-1_5	patens	0.0317541	0.503868	0.614354	0.00325124	818.145	37.0612	34.7799
alpestre-1_5	ramosum-1_5	novomexicanum	0.0964064	2.57249	0.010097	0.0219725	350.889	75.384	62.1271
novomexicanum	ramosum-3	alpestre-1_5	0.130039	2.84074	0.00450086	0.0469152	191.565	96.3216	74.1532
novomexicanum	alpestre-1_5	ramosum-4_10	0.16552	4.19984	2.67099e-05	0.0640569	115.486	104.45	74.7831
novomexicanum	sapellonis	alpestre-1_5	0.102571	2.55529	0.0106099	0.0294145	295.726	80.1632	65.2483
novomexicanum	alpestre-1_5	scaposum	0.104332	1.97837	0.0478869	0.0102968	261.46	49.8457	40.4273
scopulorum	novomexicanum	alpestre-1_5	0.179625	4.13422	3.56161e-05	0.071315	93.5082	110.479	76.8329
novomexicanum	alpestre-1_5	stachydeum	0.0154909	0.274988	0.783325	0.00125252	229.457	54.6285	52.9618
novomexicanum	alpestre-1_5	trolliifolium	0.0995823	1.92572	0.0541391	0.00955633	440.697	54.5004	44.6289
novomexicanum	alpestre-1_5	viridescens	0.0837291	1.54149	0.123198	0.00687674	240.092	62.2895	52.6645
novomexicanum	alpestre-1_5	xantholeucum	0.164086	3.20385	0.00135604	0.0149229	279.237	55.6957	39.9944
nuttallianum-14	alpestre-1_5	nudicaule	0.0330724	0.725427	0.46819	0.00631899	302.854	79.7187	74.6146
nuttallianum-7_9	alpestre-1_5	nudicaule	0.0671013	1.62716	0.103703	0.0144686	307.59	100.097	87.5082
alpestre-1_5	occidentale	nudicaule	0.0277603	0.556552	0.577834	0.0034648	470.016	61.1259	57.8238
alpestre-1_5	parryi	nudicaule	0.00727976	0.163676	0.869986	0.0016059	346.966	95.8481	94.4627
alpestre-1_5	nudicaule	patens	0.406521	11.529	2.3e-16	0.165473	362.346	199.28	84.0859
ramosum-1_5	alpestre-1_5	nudicaule	0.0571278	1.13651	0.255743	0.00369885	872.054	34.7765	31.0178
alpestre-1_5	ramosum-3	nudicaule	0.0157985	0.263485	0.792177	0.00153935	562.672	46.2135	44.776
ramosum-4_10	alpestre-1_5	nudicaule	0.00572499	0.110993	0.911622	0.000493482	566.256	42.4543	41.9709
alpestre-1_5	sapellonis	nudicaule	0.0301684	0.567207	0.570574	0.00282888	583.673	47.8418	45.0397
scaposum	alpestre-1_5	nudicaule	0.00402741	0.0887007	0.92932	0.000665225	332.567	74.227	73.6315
scopulorum	alpestre-1_5	nudicaule	0.0300216	0.573292	0.566447	0.00315771	485.327	49.2005	46.3325
alpestre-1_5	stachydeum	nudicaule	0.0212311	0.404304	0.685989	0.00354095	347.236	74.5729	71.4722
alpestre-1_5	trolliifolium	nudicaule	0.165513	4.10513	4.04091e-05	0.0532296	216.365	160.201	114.701
alpestre-1_5	viridescens	nudicaule	0.0381157	0.744415	0.456626	0.00641586	359.507	77.3576	71.6771
xantholeucum	alpestre-1_5	nudicaule	0.0449019	0.977027	0.328556	0.00836366	329.829	82.9627	75.8325
nuttallianum-7_9	nuttallianum-14	alpestre-1_5	0.187586	4.9773	6.4479e-07	0.0525164	301.438	105.465	72.1476
occidentale	alpestre-1_5	nuttallianum-14	0.00265171	0.0544434	0.956582	0.000339896	203.778	63.0191	62.6858
parryi	alpestre-1_5	nuttallianum-14	0.22449	4.95299	7.30816e-07	0.043793	135.069	111.667	70.7222
alpestre-1_5	nuttallianum-14	patens	0.0850419	1.6648	0.0959521	0.0159206	477.375	62.7535	52.9167
ramosum-1_5	alpestre-1_5	nuttallianum-14	0.0790546	1.66062	0.0967891	0.00554413	498.663	38.9579	33.2496
ramosum-3	alpestre-1_5	nuttallianum-14	0.0664546	1.16207	0.245207	0.00589974	285.971	45.1068	39.4852
ramosum-4_10	alpestre-1_5	nuttallianum-14	0.0659628	1.36357	0.172703	0.0060828	267.026	50.8088	44.5206
sapellonis	alpestre-1_5	nuttallianum-14	0.0465447	0.914996	0.360194	0.00432005	286.46	48.8145	44.4724
nuttallianum-14	alpestre-1_5	scaposum	0.133704	3.21854	0.00128847	0.0370636	107.754	124.951	95.4783
scopulorum	alpestre-1_5	nuttallianum-14	0.0545154	1.09352	0.274165	0.00558607	241.398	51.8511	46.49
stachydeum	alpestre-1_5	nuttallianum-14	0.192851	3.69999	0.000215604	0.0322305	143.648	92.7804	62.7804
alpestre-1_5	nuttallianum-14	trolliifolium	0.159231	3.78044	0.000156552	0.0378414	217.048	126.43	91.697
nuttallianum-14	viridescens	alpestre-1_5	0.319928	7.14381	9.07775e-13	0.107979	166.409	127.725	65.8082
nuttallianum-14	xantholeucum	alpestre-1_5	0.0901313	2.1098	0.0348758	0.023443	407.307	88.2027	73.6176
alpestre-1_5	occidentale	nuttallianum-7_9	0.00332145	0.073867	0.941116	0.00067175	239.462	73.1583	72.6739
parryi	alpestre-1_5	nuttallianum-7_9	0.211197	4.96366	6.91764e-07	0.0590008	171.289	115.993	75.5412
alpestre-1_5	nuttallianum-7_9	patens	0.083979	1.94384	0.0519149	0.0178592	505.066	75.1159	63.477
ramosum-1_5	alpestre-1_5	nuttallianum-7_9	0.0528516	1.17289	0.240838	0.00478313	583.148	37.4035	33.6483
alpestre-1_5	ramosum-3	nuttallianum-7_9	0.0940656	1.7638	0.0777653	0.0128545	322.192	51.7836	42.8791
ramosum-4_10	alpestre-1_5	nuttallianum-7_9	0.0541701	1.18466	0.236152	0.00668753	306.604	49.7287	44.6179
sapellonis	alpestre-1_5	nuttallianum-7_9	0.0397954	0.820867	0.411722	0.00544713	339.679	53.4364	49.3461
nuttallianum-7_9	alpestre-1_5	scaposum	0.228704	5.97126	2.35434e-09	0.0669577	108.24	157.07	98.5977
scopulorum	alpestre-1_5	nuttallianum-7_9	0.00115848	0.0248482	0.980176	0.00018494	274.579	56.263	56.1328
stachydeum	alpestre-1_5	nuttallianum-7_9	0.19817	4.19079	2.77991e-05	0.0494184	171.872	102.969	68.908
alpestre-1_5	nuttallianum-7_9	trolliifolium	0.100253	2.64372	0.00820016	0.0252414	211.563	131.278	107.355
nuttallianum-7_9	viridescens	alpestre-1_5	0.368663	9.03327	2.3e-16	0.133163	140.456	158.236	72.9912
nuttallianum-7_9	xantholeucum	alpestre-1_5	0.206313	5.39808	6.7359e-08	0.0667297	248.123	129.05	84.9081
occidentale	alpestre-1_5	parryi	0.0466913	0.953798	0.340186	0.00346688	174.831	76.6313	69.7945
occidentale	alpestre-1_5	patens	0.0148764	0.273782	0.784252	0.00189269	714.226	45.2435	43.9171
alpestre-1_5	ramosum-1_5	occidentale	0.0276752	0.681767	0.495386	0.00414221	445.216	54.5075	51.5717
alpestre-1_5	ramosum-3	occidentale	0.0112484	0.225155	0.821859	0.00231786	195.446	68.5184	66.9941
ramosum-4_10	alpestre-1_5	occidentale	0.0587777	1.36866	0.171106	0.0113842	167.197	72.3908	64.3533
sapellonis	alpestre-1_5	occidentale	0.0236797	0.515185	0.606424	0.00480695	198.562	72.6507	69.2896
occidentale	alpestre-1_5	scaposum	0.0264605	0.565769	0.571551	0.00391509	193.734	68.5935	65.0571
scopulorum	alpestre-1_5	occidentale	0.0546237	1.19666	0.23144	0.0115953	139.063	72.2171	64.7362
alpestre-1_5	occidentale	stachydeum	0.00536366	0.102832	0.918096	0.000559581	156.226	70.2899	69.5399
occidentale	alpestre-1_5	trolliifolium	0.0458199	0.941695	0.346349	0.0055411	350.33	65.898	60.1237
alpestre-1_5	occidentale	viridescens	0.0252687	0.507734	0.61164	0.00270981	144.37	76.6411	72.8633
occidentale	alpestre-1_5	xantholeucum	0.0387466	0.812091	0.416739	0.00510908	205.628	69.4421	64.2615
parryi	alpestre-1_5	patens	0.0515391	1.08715	0.276972	0.010667	548.422	69.5677	62.7483
ramosum-1_5	alpestre-1_5	parryi	0.036841	0.769248	0.441746	0.00132315	474.954	38.3311	35.6071
ramosum-3	alpestre-1_5	parryi	0.0302739	0.520106	0.60299	0.00149245	252.833	48.3889	45.5451
ramosum-4_10	alpestre-1_5	parryi	0.0486635	0.990672	0.321846	0.00232763	240.517	51.2993	46.5382
alpestre-1_5	sapellonis	parryi	0.0131123	0.257963	0.796435	0.000684365	258.668	53.1192	51.7442
parryi	alpestre-1_5	scaposum	0.198373	4.61331	3.96304e-06	0.048671	140.309	124.056	82.9844
alpestre-1_5	scopulorum	parryi	0.0181218	0.359034	0.71957	0.00102175	200.043	54.1338	52.2067
parryi	alpestre-1_5	stachydeum	0.280007	5.83711	5.31156e-09	0.0441075	111.932	122.363	68.8278
parryi	alpestre-1_5	trolliifolium	0.263067	5.79724	6.74155e-09	0.0503299	269.965	115.09	67.1487
parryi	alpestre-1_5	viridescens	0.307829	6.71702	1.85483e-11	0.0468967	100.737	128.15	67.8238
parryi	alpestre-1_5	xantholeucum	0.257791	6.01133	1.84008e-09	0.0523425	143.568	121.05	71.4306
alpestre-1_5	ramosum-1_5	patens	0.040052	0.7164	0.473744	0.00251702	1143.41	23.9388	22.0951
alpestre-1_5	ramosum-3	patens	0.198172	3.08494	0.00203594	0.0176822	833.135	37.3264	24.9792
ramosum-4_10	alpestre-1_5	patens	0.106775	1.89354	0.0582859	0.00906555	817.968	33.9506	27.3999
alpestre-1_5	sapellonis	patens	0.0297586	0.506394	0.61258	0.00294585	847.344	36.5562	34.4434
alpestre-1_5	scaposum	patens	0.0602117	1.25311	0.210166	0.00906947	554.608	52.549	46.5803
scopulorum	alpestre-1_5	patens	0.0903269	1.5754	0.115165	0.00881437	737.595	35.3954	29.5308
alpestre-1_5	stachydeum	patens	0.0233405	0.40457	0.685794	0.00395205	561.655	56.8602	54.2665
alpestre-1_5	trolliifolium	patens	0.219664	5.10653	3.28123e-07	0.0630019	403.484	115.338	73.7925
alpestre-1_5	viridescens	patens	0.0967965	1.67505	0.0939245	0.0151119	574.136	56.5564	46.5738
alpestre-1_5	xantholeucum	patens	0.0116575	0.234863	0.814315	0.00200915	547.672	56.875	55.5642
alpestre-1_5	ramosum-1_5	ramosum-3	0.0620562	1.58452	0.113075	0.0131909	329.914	80.9816	71.518
ramosum-1_5	alpestre-1_5	ramosum-4_10	0.0133378	0.37804	0.705401	0.00392884	376.769	69.3137	67.4891
alpestre-1_5	ramosum-1_5	sapellonis	0.0984053	2.73967	0.0061501	0.0283816	348.161	84.3743	69.2563
alpestre-1_5	ramosum-1_5	scaposum	0.0236463	0.510285	0.609852	0.0018465	528.771	37.5405	35.8061
alpestre-1_5	ramosum-1_5	scopulorum	0.0210833	0.519181	0.603635	0.00317639	362.292	55.2414	52.9602
alpestre-1_5	ramosum-1_5	stachydeum	0.0507276	1.00535	0.31473	0.00286388	485.303	41.4622	37.4588
ramosum-1_5	alpestre-1_5	trolliifolium	0.115766	2.41374	0.0157898	0.00765366	706.04	40.0418	31.7328
ramosum-1_5	alpestre-1_5	viridescens	0.00334354	0.068766	0.945176	0.000181818	474.251	39.3339	39.0718
ramosum-1_5	alpestre-1_5	xantholeucum	0.0818876	1.77096	0.0765681	0.00556442	517.15	39.9223	33.8789
ramosum-3	alpestre-1_5	ramosum-4_10	0.0145682	0.338104	0.735285	0.00600729	126.686	88.3833	85.8451
sapellonis	ramosum-3	alpestre-1_5	0.0721084	1.63522	0.102003	0.0264077	205.755	92.383	79.9559
alpestre-1_5	ramosum-3	scaposum	0.0261882	0.468869	0.639163	0.00269849	275.874	46.5664	44.1897
scopulorum	ramosum-3	alpestre-1_5	0.283463	6.25978	3.85527e-10	0.120487	86.8997	123.084	68.7157
alpestre-1_5	ramosum-3	stachydeum	0.0993281	1.658	0.0973166	0.00841424	240.865	60.2188	49.3368
alpestre-1_5	ramosum-3	trolliifolium	0.00704668	0.121681	0.903151	0.000683522	446.008	48.6293	47.9488
alpestre-1_5	ramosum-3	viridescens	0.113283	1.89771	0.057734	0.00937769	239.648	62.5304	49.8047
ramosum-3	alpestre-1_5	xantholeucum	0.0501997	0.901478	0.367334	0.0047808	285.541	49.3047	44.5911
sapellonis	alpestre-1_5	ramosum-4_10	0.110389	2.80787	0.00498707	0.0434692	126.645	101.156	81.0435
alpestre-1_5	ramosum-4_10	scaposum	0.00365372	0.0746227	0.940515	0.000368761	260.399	47.6899	47.3427
scopulorum	alpestre-1_5	ramosum-4_10	0.0918301	2.28895	0.0220822	0.0442644	87.0813	113.571	94.467
ramosum-4_10	alpestre-1_5	stachydeum	0.0622805	1.20381	0.228665	0.00477257	229.349	56.4756	49.8534
ramosum-4_10	alpestre-1_5	trolliifolium	0.15908	3.21743	0.00129345	0.0141041	428.534	55.4809	40.2517
ramosum-4_10	alpestre-1_5	viridescens	0.0605385	1.1632	0.244747	0.00469908	216.708	58.7657	52.0567
ramosum-4_10	alpestre-1_5	xantholeucum	0.143116	3.04335	0.00233962	0.0127433	273.724	55.178	41.3616
sapellonis	alpestre-1_5	scaposum	0.00136077	0.0267503	0.978659	0.000136436	282.037	47.2698	47.1413
scopulorum	sapellonis	alpestre-1_5	0.252645	6.1473	7.88142e-10	0.0991145	109.266	119.473	71.2799
alpestre-1_5	sapellonis	stachydeum	0.0778041	1.46784	0.142149	0.0066005	247.445	61.7363	52.8231
sapellonis	alpestre-1_5	trolliifolium	0.0337813	0.673445	0.500664	0.00311916	465.814	50.1005	46.8262
sapellonis	alpestre-1_5	viridescens	0.0214802	0.408733	0.682735	0.00176345	256.817	59.6083	57.1013
sapellonis	alpestre-1_5	xantholeucum	0.07657	1.55267	0.120502	0.00690149	290.801	51.5287	44.1989
scopulorum	alpestre-1_5	scaposum	0.0184471	0.369286	0.711915	0.00221165	231.379	52.6689	50.761
stachydeum	alpestre-1_5	scaposum	0.229515	4.75222	2.01196e-06	0.0455619	142.772	106.345	66.6419
scaposum	alpestre-1_5	trolliifolium	0.0509535	1.17299	0.2408	0.00969597	243.199	97.668	88.1975
alpestre-1_5	viridescens	scaposum	0.0950653	2.09155	0.0364788	0.0213761	130.88	101.642	83.9944
xantholeucum	alpestre-1_5	scaposum	0.159744	3.90402	9.46064e-05	0.0419822	122.086	131.487	95.2649
scopulorum	alpestre-1_5	stachydeum	0.0447113	0.823412	0.410274	0.00392269	184.128	58.0897	53.1175
scopulorum	alpestre-1_5	trolliifolium	0.0591499	1.18723	0.235136	0.00591225	390.487	52.444	46.5864
scopulorum	alpestre-1_5	viridescens	0.0420557	0.779974	0.435406	0.00363305	188.237	58.0734	53.3859
scopulorum	alpestre-1_5	xantholeucum	0.0436058	0.91032	0.362654	0.00455287	244.918	54.3473	49.8056
alpestre-1_5	stachydeum	trolliifolium	0.0188881	0.370943	0.71068	0.00327622	261.384	84.0058	80.8912
stachydeum	alpestre-1_5	viridescens	0.236824	4.43166	9.3511e-06	0.0325453	105.184	112.566	69.4583
stachydeum	alpestre-1_5	xantholeucum	0.276153	5.69866	1.20749e-08	0.044307	145.728	102.163	57.9482
alpestre-1_5	viridescens	trolliifolium	0.0858552	1.74558	0.0808846	0.0145015	276.887	87.5226	73.6823
alpestre-1_5	xantholeucum	trolliifolium	0.180136	4.39384	1.11364e-05	0.0409275	242.856	129.861	90.217
xantholeucum	viridescens	alpestre-1_5	0.264544	5.96642	2.42517e-09	0.0886564	172.343	125.685	73.0981
andesicola	alpestre-2	andersonii	0.0119188	0.208994	0.834453	0.00124352	305.452	37.8811	36.9887
barbeyi	alpestre-2	andersonii	0.0135345	0.273547	0.784433	0.0020506	194.595	55.1888	53.7148
alpestre-2	bicolor	andersonii	0.229971	5.64254	1.67555e-08	0.0646951	119.884	123.003	77.0069
brachycentrum	alpestre-2	andersonii	0.35305	7.94011	2.02009e-15	0.0709571	186.314	107.515	51.4076
californicum	alpestre-2	andersonii	0.256104	4.77786	1.7717e-06	0.055416	143.665	92.3371	54.6843
cardinale	alpestre-2	andersonii	0.24159	4.53349	5.8016e-06	0.0517856	162.461	88.2682	53.9175
carolinianum	alpestre-2	andersonii	0.0620267	1.12612	0.260117	0.0112917	179.441	63.3458	55.9465
alpestre-2	distichum-1_5	andersonii	0.149497	3.50191	0.00046194	0.0376972	144.471	105.486	78.0482
alpestre-2	distichum-2_6	andersonii	0.285737	7.82834	4.94375e-15	0.103378	107.082	164.259	91.2505
exaltatum	alpestre-2	andersonii	0.069239	1.14691	0.25142	0.00880879	185.372	46.1137	40.1415
geraniifolium	alpestre-2	andersonii	0.0653372	1.17079	0.241684	0.00827619	238.267	46.7218	40.9909
alpestre-2	geyeri	andersonii	0.0760371	1.47637	0.139845	0.0104048	200.77	53.7682	46.1693
alpestre-2	glaucescens	andersonii	0.0764407	1.51888	0.128792	0.0123932	184.467	63.1003	54.1385
glaucum-1_2	alpestre-2	andersonii	0.0288531	0.49039	0.623858	0.00406546	180.618	49.123	46.3678
glaucum-3_4	alpestre-2	andersonii	0.10668	2.06579	0.038848	0.0143606	196.133	55.9575	45.1693
gypsophilum	alpestre-2	andersonii	0.393864	9.61501	2.3e-16	0.107004	154.132	145.558	63.2972
hesperium	alpestre-2	andersonii	0.297076	6.17866	6.46479e-10	0.0637568	149.707	97.9728	53.0943
alpestre-2	lineapetalum	andersonii	0.247764	5.84631	5.0259e-09	0.0752958	119.846	132.102	79.6398
alpestre-2	multiplex	andersonii	0.111188	2.81637	0.00485691	0.0264935	145.394	99.9152	79.9198
novomexicanum	alpestre-2	andersonii	0.069949	1.21725	0.223511	0.00646671	316.936	35.5449	30.8974
alpestre-2	andersonii	nudicaule	0.0165463	0.358883	0.719683	0.00379044	236.547	79.5156	76.9271
alpestre-2	nuttallianum-14	andersonii	0.267503	6.38612	1.70142e-10	0.0837979	109.841	133.593	77.204
alpestre-2	nuttallianum-7_9	andersonii	0.328688	9.12061	2.3e-16	0.12285	98.0992	174.167	87.9968
alpestre-2	occidentale	andersonii	0.0247405	0.494689	0.62082	0.0037942	194.915	55.226	52.5593
parryi	alpestre-2	andersonii	0.257435	5.24109	1.59631e-07	0.0585362	147.997	96.443	56.9534
alpestre-2	andersonii	patens	0.0877844	1.7336	0.0829898	0.0203029	394.013	65.9054	55.2682
ramosum-1_5	alpestre-2	andersonii	0.0545497	1.03666	0.299894	0.00599454	266.822	42.8255	38.395
alpestre-2	ramosum-3	andersonii	0.018856	0.305556	0.759943	0.00131503	473.878	25.1406	24.2101
ramosum-4_10	alpestre-2	andersonii	0.0992646	1.88126	0.0599365	0.0111972	258.854	46.4419	38.0544
sapellonis	alpestre-2	andersonii	0.0506196	0.911278	0.362149	0.00455642	335.149	34.9703	31.6005
andersonii	scaposum	alpestre-2	0.186316	4.55211	5.31094e-06	0.0640715	201.102	116.434	79.861
scopulorum	alpestre-2	andersonii	0.044596	0.840246	0.400771	0.00542828	240.257	44.6714	40.8572
stachydeum	alpestre-2	andersonii	0.104781	1.94857	0.0513473	0.0215782	141.073	76.9913	62.3872
alpestre-2	andersonii	trolliifolium	0.0317127	0.739586	0.459551	0.00826911	177.09	104.236	97.8278
alpestre-2	viridescens	andersonii	0.231337	4.63026	3.65208e-06	0.0500072	142.13	89.4233	55.8226
alpestre-2	xantholeucum	andersonii	0.168991	4.04389	5.25725e-05	0.0521228	127.814	127.685	90.7685
andesicola	alpestre-2	barbeyi	0.0781306	1.58599	0.11274	0.0172266	242.951	83.4653	71.3681
andesicola	alpestre-2	bicolor	0.117732	2.13958	0.0323886	0.0103948	329.69	49.1834	38.8223
andesicola	alpestre-2	brachycentrum	0.00326177	0.0607603	0.95155	0.000440709	348.208	52.3316	51.9913
andesicola	alpestre-2	californicum	0.0502689	0.784179	0.432935	0.00228628	285.995	42.9468	38.8356
alpestre-2	andesicola	cardinale	0.0161411	0.259748	0.795058	0.000911536	263.03	48.7454	47.1968
alpestre-2	andesicola	carolinianum	0.0202514	0.347306	0.728361	0.00121889	219.25	57.2014	54.9306
alpestre-2	andesicola	distichum-1_5	0.0439008	0.843719	0.398826	0.00450782	313.447	57.4319	52.6014
andesicola	alpestre-2	distichum-2_6	0.0570335	1.06716	0.285901	0.00576368	369.696	51.8038	46.2135
andesicola	alpestre-2	exaltatum	0.023173	0.389434	0.696955	0.00260938	209.65	55.1921	52.6921
alpestre-2	andesicola	geraniifolium	0.227975	5.16345	2.42438e-07	0.0532696	160.495	109.281	68.7049
andesicola	alpestre-2	geyeri	0.121718	2.49636	0.0125477	0.0252909	226.512	84.7014	66.3194
andesicola	alpestre-2	glaucescens	0.0186135	0.360409	0.718541	0.00353344	250.984	66.9803	64.5324
alpestre-2	andesicola	glaucum-1_2	0.122698	2.05181	0.0401884	0.0157197	223.585	56.5208	44.1667
andesicola	alpestre-2	glaucum-3_4	0.0102985	0.195915	0.844677	0.00215032	252.441	57.0556	55.8924
andesicola	alpestre-2	gypsophilum	0.0541582	0.971967	0.331067	0.00281531	368.906	46.566	41.7812
alpestre-2	andesicola	hesperium	0.0183085	0.304929	0.76042	0.000876982	308.528	43.6458	42.0764
andesicola	alpestre-2	lineapetalum	0.0251302	0.454213	0.649676	0.00201381	345.295	50.566	48.0868
alpestre-2	andesicola	multiplex	0.000892442	0.0183612	0.985351	0.000106405	339.028	58.0332	57.9298
andesicola	novomexicanum	alpestre-2	0.0880123	1.98088	0.0476046	0.0418083	137.953	108.769	91.1716
alpestre-2	andesicola	nudicaule	0.011668	0.191029	0.848503	0.000978484	597.028	39.7396	38.8229
alpestre-2	andesicola	nuttallianum-14	0.0178765	0.313355	0.754011	0.00164472	336.014	45.6701	44.066
andesicola	alpestre-2	nuttallianum-7_9	0.0836287	1.55672	0.119537	0.0102353	369.902	47.0613	39.7975
alpestre-2	andesicola	occidentale	0.0494315	0.990902	0.321733	0.00953627	239.994	66.6019	60.3275
andesicola	alpestre-2	parryi	0.0144357	0.24882	0.8035	0.000693073	282.356	47.0926	45.7523
andesicola	alpestre-2	patens	0.0599871	0.898582	0.368876	0.00471147	823.774	28.4688	25.2465
andesicola	alpestre-2	ramosum-1_5	0.126227	2.84495	0.00444178	0.0501194	168.158	98.2222	76.2049
alpestre-2	ramosum-3	andesicola	0.104695	2.2177	0.0265753	0.0250215	299.823	74.5937	60.4549
andesicola	alpestre-2	ramosum-4_10	0.0609516	1.36422	0.172498	0.0242035	185.601	91.9641	81.3975
andesicola	sapellonis	alpestre-2	0.125317	3.06943	0.00214468	0.0553606	153.532	108.209	84.1088
alpestre-2	andesicola	scaposum	0.023219	0.416326	0.677172	0.00272999	330.986	52.7899	50.3941
alpestre-2	andesicola	scopulorum	0.192426	4.4605	8.177e-06	0.0503898	155.427	102.559	69.4583
alpestre-2	andesicola	stachydeum	0.0157693	0.253784	0.799662	0.00114448	285.524	46.9688	45.5104
andesicola	alpestre-2	trolliifolium	0.042685	0.759216	0.447723	0.00387215	488.56	48.6852	44.6991
andesicola	alpestre-2	viridescens	0.127551	2.14514	0.0319415	0.00936023	268.719	55.434	42.8924
andesicola	alpestre-2	xantholeucum	0.0367552	0.693236	0.488161	0.00349842	336.774	49.901	46.3628
alpestre-2	barbeyi	bicolor	0.0521391	1.09216	0.274764	0.00777205	189.653	78.735	70.9315
brachycentrum	alpestre-2	barbeyi	0.288349	7.51878	5.52882e-14	0.108469	90.208	192.54	106.354
barbeyi	alpestre-2	californicum	0.125011	2.28012	0.0226009	0.00974798	171.308	78.8063	61.2924
barbeyi	alpestre-2	cardinale	0.124601	2.28139	0.0225256	0.0102022	151.069	78.7799	61.3229
carolinianum	alpestre-2	barbeyi	0.252967	5.34137	9.22483e-08	0.0769686	98.3698	119.235	71.0892
alpestre-2	barbeyi	distichum-1_5	0.0462179	1.01134	0.311852	0.00729336	182.373	90.4349	82.4448
alpestre-2	barbeyi	distichum-2_6	0.0930205	2.05428	0.0399484	0.0140783	227.247	82.0054	68.0474
exaltatum	alpestre-2	barbeyi	0.0823448	1.63809	0.101404	0.0229263	91.84	93.7519	79.4866
geraniifolium	alpestre-2	barbeyi	0.100562	2.18637	0.0287889	0.0242174	165.124	90.3117	73.8075
barbeyi	geyeri	alpestre-2	0.112707	2.62436	0.00868109	0.0397618	105.612	123.247	98.2795
glaucescens	barbeyi	alpestre-2	0.151013	3.41065	0.000648092	0.0487907	144.396	123.163	90.845
glaucum-1_2	alpestre-2	barbeyi	0.192479	3.87814	0.000105258	0.0551348	82.7468	113.311	76.7318
glaucum-3_4	alpestre-2	barbeyi	0.0784194	1.85215	0.0640038	0.0228954	98.9145	116.39	99.4631
barbeyi	alpestre-2	gypsophilum	0.112992	2.27102	0.0231456	0.00921474	262.067	77.5257	61.7848
barbeyi	alpestre-2	hesperium	0.0301301	0.583776	0.559371	0.00243228	193.341	75.6915	71.2637
alpestre-2	barbeyi	lineapetalum	0.00460209	0.0964594	0.923156	0.000574781	223.497	77.1603	76.4534
alpestre-2	barbeyi	multiplex	0.126441	3.21682	0.00129622	0.0255712	207.105	111.172	86.2142
alpestre-2	novomexicanum	barbeyi	0.0697033	1.48067	0.138695	0.0153672	263.126	80.5852	70.0832
alpestre-2	barbeyi	nudicaule	0.047981	0.943845	0.345249	0.00596687	457.264	62.8477	57.0928
alpestre-2	barbeyi	nuttallianum-14	0.0599919	1.19272	0.232981	0.00834564	204.708	73.3322	65.0315
alpestre-2	barbeyi	nuttallianum-7_9	0.067498	1.51211	0.130505	0.0136093	241.274	76.262	66.6179
occidentale	barbeyi	alpestre-2	0.0980973	2.27917	0.0226572	0.0297346	172.559	107.17	88.0226
barbeyi	alpestre-2	parryi	0.0532872	1.03514	0.300603	0.00397638	174.697	76.8892	69.1094
barbeyi	alpestre-2	patens	0.068599	1.21017	0.226214	0.00833158	690.467	45.4451	39.6104
alpestre-2	ramosum-1_5	barbeyi	0.00936013	0.216436	0.828648	0.00224476	187.62	84.8274	83.2541
alpestre-2	ramosum-3	barbeyi	0.0400054	0.787489	0.430996	0.00580825	480.452	50.2692	46.4019
alpestre-2	ramosum-4_10	barbeyi	0.098258	2.35004	0.0187715	0.0233585	166.017	92.3501	75.8255
alpestre-2	sapellonis	barbeyi	0.0980539	2.20615	0.0273734	0.0204467	282.614	82.0113	67.3644
barbeyi	alpestre-2	scaposum	0.00473986	0.099164	0.921008	0.000744761	206.434	70.5117	69.8465
scopulorum	alpestre-2	barbeyi	0.124392	2.70141	0.00690467	0.0256788	175.23	80.9958	63.0746
alpestre-2	barbeyi	stachydeum	0.0155436	0.292391	0.769988	0.00168546	158.776	70.0764	67.9312
barbeyi	alpestre-2	trolliifolium	0.109395	2.17829	0.0293846	0.0132092	357.797	71.1645	57.1297
barbeyi	alpestre-2	viridescens	0.0984882	1.90077	0.0573323	0.0111054	147.078	84.3832	69.252
alpestre-2	barbeyi	xantholeucum	0.013907	0.290209	0.771657	0.00208461	214.321	78.4246	76.2732
brachycentrum	alpestre-2	bicolor	0.355746	8.58723	2.3e-16	0.070562	171.923	147.911	70.2878
californicum	alpestre-2	bicolor	0.233263	4.66917	3.02413e-06	0.0470376	134.56	113.873	70.7963
cardinale	alpestre-2	bicolor	0.270972	5.43029	5.62622e-08	0.0507143	142.016	108.474	62.2205
carolinianum	alpestre-2	bicolor	0.133656	2.63405	0.00843735	0.0234254	179.404	85.3345	65.213
bicolor	distichum-1_5	alpestre-2	0.136584	3.34705	0.000816755	0.0488986	145.186	139.567	106.023
distichum-2_6	bicolor	alpestre-2	0.144153	3.59813	0.000320508	0.0459373	202.2	129.322	96.735
exaltatum	alpestre-2	bicolor	0.0305217	0.530168	0.595995	0.00394712	169.931	59.4965	55.9722
geraniifolium	alpestre-2	bicolor	0.176525	3.37788	0.000730464	0.0200132	249.484	65.145	45.5964
alpestre-2	geyeri	bicolor	0.201472	4.33251	1.47416e-05	0.027451	201.114	82.593	54.8934
alpestre-2	glaucescens	bicolor	0.148404	3.19926	0.0013778	0.0243294	173.968	93.7271	69.5032
glaucum-1_2	alpestre-2	bicolor	0.0348206	0.631554	0.527678	0.00479021	161.961	63.7196	59.4314
glaucum-3_4	alpestre-2	bicolor	0.035657	0.73586	0.461816	0.0049443	179.993	73.7218	68.6454
gypsophilum	alpestre-2	bicolor	0.448098	11.9469	2.3e-16	0.113551	145.297	194.46	74.1131
hesperium	alpestre-2	bicolor	0.306694	6.67772	2.42687e-11	0.0634395	135.649	131.871	69.9682
lineapetalum	bicolor	alpestre-2	0.0620129	1.49774	0.134201	0.0204539	178.296	118.869	104.987
bicolor	multiplex	alpestre-2	0.110109	2.83916	0.00452325	0.0370664	139.977	133.555	107.061
novomexicanum	alpestre-2	bicolor	0.0922084	1.7147	0.0863998	0.00923276	348.554	55.0608	45.7639
alpestre-2	bicolor	nudicaule	0.0466064	1.02274	0.306432	0.0086866	338.212	87.8368	80.0139
nuttallianum-14	bicolor	alpestre-2	0.0727298	1.68062	0.0928377	0.022554	196.78	105.807	91.4601
nuttallianum-7_9	bicolor	alpestre-2	0.224243	5.77983	7.47753e-09	0.0717814	213.877	138.694	87.8854
alpestre-2	occidentale	bicolor	0.136155	2.84762	0.00440471	0.0213635	173.579	86.4301	65.7148
parryi	alpestre-2	bicolor	0.297691	6.56546	5.18708e-11	0.0647143	137.203	132.97	71.9635
alpestre-2	bicolor	patens	0.0588454	1.17732	0.239068	0.0111389	532.686	64.1649	57.033
ramosum-1_5	alpestre-2	bicolor	0.054702	1.12346	0.261244	0.00606365	285.181	59.985	53.7627
ramosum-3	alpestre-2	bicolor	0.0193764	0.3271	0.743592	0.00124637	546.91	31.7847	30.5764
ramosum-4_10	alpestre-2	bicolor	0.0672545	1.3513	0.1766	0.00684494	267.459	56.5963	49.4633
sapellonis	alpestre-2	bicolor	0.10181	1.94511	0.0517621	0.00941878	367.267	52.1383	42.5029
bicolor	alpestre-2	scaposum	0.0796386	1.90075	0.0573341	0.019468	126.158	115.868	98.7739
scopulorum	alpestre-2	bicolor	0.12781	2.47264	0.0134119	0.0135245	260.186	58.9808	45.6127
stachydeum	alpestre-2	bicolor	0.291294	5.6392	1.7084e-08	0.0505567	134.325	108.1	59.3287
alpestre-2	bicolor	trolliifolium	0.109731	2.56273	0.0103853	0.0231483	243.872	114.511	91.8655
bicolor	viridescens	alpestre-2	0.231914	5.15769	2.50014e-07	0.0781188	126.814	131.664	82.0914
xantholeucum	bicolor	alpestre-2	0.0252558	0.615462	0.53825	0.00905226	179.434	118.93	113.071
brachycentrum	alpestre-2	californicum	0.305031	6.66037	2.73142e-11	0.0333013	139.892	134.185	71.4578
brachycentrum	alpestre-2	cardinale	0.382478	8.20818	2.3e-16	0.043176	124.381	140.744	62.8672
carolinianum	alpestre-2	brachycentrum	0.162484	3.0917	0.00199012	0.0393907	159.649	98.2622	70.7934
brachycentrum	alpestre-2	distichum-1_5	0.329467	8.12419	4.50378e-16	0.0658314	151.012	155.8	78.5798
brachycentrum	alpestre-2	distichum-2_6	0.332752	8.21432	2.3e-16	0.0686044	210.513	146.768	73.4803
brachycentrum	exaltatum	alpestre-2	0.381128	8.84158	2.3e-16	0.134984	82.9213	149.107	66.8137
geraniifolium	alpestre-2	brachycentrum	0.072445	1.40531	0.159929	0.0129024	258.457	71.8976	62.184
brachycentrum	alpestre-2	geyeri	0.416889	10.8933	2.3e-16	0.149424	80.5799	212.695	87.5331
brachycentrum	alpestre-2	glaucescens	0.086214	2.27087	0.0231551	0.0390622	96.6729	176.31	148.322
brachycentrum	glaucum-1_2	alpestre-2	0.31547	7.35308	1.9369e-13	0.103142	79.2543	141.077	73.4123
brachycentrum	glaucum-3_4	alpestre-2	0.382346	9.95226	2.3e-16	0.119978	141.851	162.039	72.4015
brachycentrum	alpestre-2	gypsophilum	0.349848	8.26661	2.3e-16	0.0422681	223.189	149.764	72.1334
brachycentrum	alpestre-2	hesperium	0.320616	7.41323	1.23263e-13	0.0355884	145.749	138.855	71.4334
brachycentrum	alpestre-2	lineapetalum	0.390978	9.27507	2.3e-16	0.0609534	187.884	144.892	63.4392
brachycentrum	alpestre-2	multiplex	0.334679	8.57865	2.3e-16	0.0744703	163.629	157.566	78.5448
alpestre-2	novomexicanum	brachycentrum	0.0473507	0.900665	0.367767	0.00700927	354.637	60.5777	55.1003
brachycentrum	alpestre-2	nudicaule	0.385825	9.35783	2.3e-16	0.0683549	437.549	128.568	56.9792
brachycentrum	alpestre-2	nuttallianum-14	0.380307	8.90427	2.3e-16	0.0664802	183.965	128.95	57.8924
brachycentrum	alpestre-2	nuttallianum-7_9	0.406493	10.0526	2.3e-16	0.104724	226.084	141.544	59.7283
alpestre-2	brachycentrum	occidentale	0.0474398	1.33496	0.18189	0.0247326	78.4784	181.906	165.428
brachycentrum	alpestre-2	parryi	0.326693	7.29675	2.94808e-13	0.0334732	154.295	139.092	70.5903
brachycentrum	alpestre-2	patens	0.456943	10.4069	2.3e-16	0.0827816	676.175	99.4566	37.0712
alpestre-2	ramosum-1_5	brachycentrum	0.11845	2.45399	0.014128	0.019875	286.194	73.4488	57.8915
alpestre-2	ramosum-3	brachycentrum	0.0846698	1.48111	0.138579	0.00779245	571.925	38.6319	32.6007
ramosum-4_10	alpestre-2	brachycentrum	0.0239176	0.505656	0.613098	0.00383519	254.065	64.349	61.3427
alpestre-2	sapellonis	brachycentrum	0.101736	2.01738	0.0436563	0.0149912	378.976	64.8164	52.8459
brachycentrum	alpestre-2	scaposum	0.330379	7.94161	1.9958e-15	0.0702383	180.656	138.674	69.7988
scopulorum	alpestre-2	brachycentrum	0.0455255	0.917797	0.358725	0.00734461	271.814	63.694	58.1471
brachycentrum	alpestre-2	stachydeum	0.388395	9.1288	2.3e-16	0.0570998	136.411	141.402	62.2894
brachycentrum	alpestre-2	trolliifolium	0.438869	10.9424	2.3e-16	0.0746338	325.089	138.119	53.8637
brachycentrum	alpestre-2	viridescens	0.359648	8.19161	2.57715e-16	0.0543352	119.205	149.057	70.2014
brachycentrum	alpestre-2	xantholeucum	0.436035	10.8801	2.3e-16	0.0840318	185.259	156.874	61.6079
californicum	cardinale	alpestre-2	0.0344584	0.619401	0.535652	0.0103383	173.488	84.6412	79.0023
carolinianum	alpestre-2	californicum	0.0460895	0.795662	0.426228	0.00411304	138.511	72.5041	66.1152
californicum	alpestre-2	distichum-1_5	0.271696	5.82472	5.72084e-09	0.0543029	129.459	127.692	73.1298
californicum	alpestre-2	distichum-2_6	0.101066	2.14434	0.0320055	0.0234287	171.321	114.411	93.408
exaltatum	alpestre-2	californicum	0.0735469	1.14344	0.252857	0.00515207	136.161	60.6678	52.3553
geraniifolium	alpestre-2	californicum	0.0956538	1.58734	0.112435	0.0056986	203.242	56.6852	46.7876
geyeri	alpestre-2	californicum	0.16347	3.06794	0.00215543	0.0105592	185.495	68.6215	49.3385
glaucescens	alpestre-2	californicum	0.173061	3.24372	0.0011798	0.0137743	159.145	84.8113	59.787
glaucum-1_2	alpestre-2	californicum	0.0738129	1.16625	0.243514	0.00526745	127.852	63.9369	55.147
glaucum-3_4	alpestre-2	californicum	0.083325	1.49878	0.13393	0.0058217	149.678	69.3171	58.6539
gypsophilum	californicum	alpestre-2	0.25288	5.9978	2.00013e-09	0.0895035	181.858	145.296	86.6431
hesperium	californicum	alpestre-2	0.100419	1.95954	0.0500499	0.0270121	370.489	89.6069	73.2527
californicum	alpestre-2	lineapetalum	0.227398	4.51371	6.37019e-06	0.0387714	143.963	119.234	75.0532
californicum	alpestre-2	multiplex	0.249561	5.61947	1.91544e-08	0.0573719	133.901	132.636	79.6563
novomexicanum	alpestre-2	californicum	0.0546348	0.869469	0.38459	0.002691	296.326	46.5828	41.7564
alpestre-2	californicum	nudicaule	0.123569	2.43948	0.0147082	0.0248703	323.388	96.3565	75.162
californicum	alpestre-2	nuttallianum-14	0.248122	4.87813	1.07094e-06	0.0463785	134.119	109.81	66.1505
californicum	alpestre-2	nuttallianum-7_9	0.179945	3.71223	0.000205443	0.0504879	162.43	108.411	75.3449
occidentale	alpestre-2	californicum	0.152459	2.78353	0.00537701	0.0115763	159.808	77.0613	56.6725
parryi	californicum	alpestre-2	0.0515894	1.01017	0.312416	0.0159305	185.867	90.6655	81.7697
alpestre-2	californicum	patens	0.0810875	1.45064	0.146879	0.01554	513.729	63.375	53.8681
alpestre-2	ramosum-1_5	californicum	0.0132228	0.229882	0.818183	0.000657857	242.431	45.4308	44.2451
ramosum-3	alpestre-2	californicum	0.0234424	0.343786	0.731007	0.000824471	474.289	31.3791	29.9416
ramosum-4_10	alpestre-2	californicum	0.0795389	1.44567	0.14827	0.00474094	222.834	58.4134	49.8058
sapellonis	alpestre-2	californicum	0.0132597	0.227963	0.819675	0.000652834	313.055	45.7703	44.5723
californicum	alpestre-2	scaposum	0.183079	3.76665	0.000165455	0.0423917	138.189	111.449	76.956
scopulorum	alpestre-2	californicum	0.0453203	0.78609	0.431815	0.00254263	219.073	51.2159	46.7749
californicum	alpestre-2	stachydeum	0.179451	3.31503	0.00091633	0.02706	98.6632	105.983	73.7326
californicum	alpestre-2	trolliifolium	0.2071	4.16126	3.16493e-05	0.0387215	245.13	105.623	69.3796
californicum	alpestre-2	viridescens	0.348261	6.5063	7.70231e-11	0.0517703	102.065	128.093	61.919
californicum	alpestre-2	xantholeucum	0.292694	6.08431	1.16991e-09	0.0575097	140.98	122.26	66.8953
carolinianum	alpestre-2	cardinale	0.130058	2.3266	0.0199865	0.0129441	124.073	82.2124	63.2888
cardinale	alpestre-2	distichum-1_5	0.172806	3.60069	0.000317378	0.0358961	127.678	117.78	83.0714
cardinale	alpestre-2	distichum-2_6	0.190306	4.02515	5.69386e-05	0.0404149	187.071	108.849	74.0434
exaltatum	alpestre-2	cardinale	0.0611522	0.926667	0.354099	0.00463626	129.459	61.397	54.3206
geraniifolium	alpestre-2	cardinale	0.0179473	0.302883	0.761979	0.00106027	190.851	50.5642	48.7812
geyeri	alpestre-2	cardinale	0.140226	2.55686	0.0105621	0.00965134	166.363	67.7118	51.0573
glaucescens	alpestre-2	cardinale	0.137843	2.52762	0.011484	0.0116694	137.664	81.9589	62.1013
alpestre-2	glaucum-1_2	cardinale	0.017679	0.285806	0.775027	0.00146095	118.636	68.0078	65.645
glaucum-3_4	alpestre-2	cardinale	0.0242599	0.432233	0.665572	0.00171131	133.275	62.6707	59.702
gypsophilum	cardinale	alpestre-2	0.350004	8.30644	2.3e-16	0.112825	295.843	141.093	67.9329
hesperium	cardinale	alpestre-2	0.136137	2.64641	0.00813522	0.0421111	193.675	102.841	78.1956
cardinale	alpestre-2	lineapetalum	0.0922221	1.84489	0.0650536	0.0164407	158.934	108.441	90.1285
cardinale	alpestre-2	multiplex	0.204131	4.5301	5.89561e-06	0.0456013	133.963	117.682	77.782
novomexicanum	alpestre-2	cardinale	0.0401227	0.649894	0.51576	0.00209369	279.01	45.9063	42.3646
alpestre-2	cardinale	nudicaule	0.0607982	1.18164	0.23735	0.0120009	341.767	87.1181	77.1319
cardinale	alpestre-2	nuttallianum-14	0.198307	3.8263	0.000130082	0.0360402	151.41	98.3194	65.7778
cardinale	alpestre-2	nuttallianum-7_9	0.190213	3.85808	0.000114281	0.0516417	180.222	101.257	68.8924
occidentale	alpestre-2	cardinale	0.120905	2.18346	0.029002	0.00990915	135.029	77.9664	61.147
parryi	cardinale	alpestre-2	0.128737	2.49439	0.0126175	0.0358327	312.681	88.5	68.3125
cardinale	alpestre-2	patens	0.0060048	0.10593	0.915638	0.00102023	552.903	52.3542	51.7292
alpestre-2	ramosum-1_5	cardinale	0.0547673	0.964587	0.334752	0.00273851	222.708	44.9546	40.2862
alpestre-2	ramosum-3	cardinale	0.11299	1.71269	0.0867689	0.00394734	456.45	32.5608	25.9497
ramosum-4_10	alpestre-2	cardinale	0.0191474	0.338767	0.734785	0.000993947	204.489	45.6122	43.8983
alpestre-2	sapellonis	cardinale	0.00958777	0.159937	0.872931	0.000436903	286.861	39.6701	38.9167
cardinale	alpestre-2	scaposum	0.160511	3.30722	0.000942278	0.0380678	148.264	105.853	76.5718
alpestre-2	scopulorum	cardinale	0.0280171	0.493683	0.62153	0.00165621	195.365	50.9618	48.184
cardinale	alpestre-2	stachydeum	0.2282	4.11719	3.83528e-05	0.0324797	99.2558	100.242	62.9919
cardinale	alpestre-2	trolliifolium	0.205094	4.13178	3.59968e-05	0.0369668	276.361	99.8889	65.8889
cardinale	alpestre-2	viridescens	0.187666	3.58277	0.000339974	0.0302841	102.039	114.838	78.5463
cardinale	alpestre-2	xantholeucum	0.197786	4.15525	3.24939e-05	0.0387842	151.832	109.764	73.5145
carolinianum	alpestre-2	distichum-1_5	0.121736	2.44719	0.0143976	0.0207258	148.169	89.5599	70.121
carolinianum	alpestre-2	distichum-2_6	0.00522565	0.102771	0.918144	0.00098819	203.944	78.4818	77.6658
carolinianum	alpestre-2	exaltatum	0.0688911	1.27766	0.201368	0.0135402	76.537	90.0231	78.419
geraniifolium	alpestre-2	carolinianum	0.017677	0.309221	0.757154	0.00118104	148.747	61.9184	59.7674
carolinianum	alpestre-2	geyeri	0.146904	3.18605	0.00144229	0.0500344	79.7257	118.707	88.2969
carolinianum	alpestre-2	glaucescens	0.0893563	1.7893	0.0735661	0.0283305	103.76	104.302	87.191
carolinianum	alpestre-2	glaucum-1_2	0.10251	1.82028	0.0687161	0.0226351	83.684	85.724	69.783
carolinianum	alpestre-2	glaucum-3_4	0.117671	2.3074	0.0210325	0.0418345	85.6508	100.012	78.9528
carolinianum	alpestre-2	gypsophilum	0.00739074	0.145985	0.883933	0.000843906	211.21	84.717	83.474
alpestre-2	carolinianum	hesperium	0.0659148	1.22605	0.220182	0.0065754	148.883	80.1256	70.2159
carolinianum	alpestre-2	lineapetalum	0.135294	2.60164	0.009278	0.0199401	185.502	90.7309	69.1059
carolinianum	alpestre-2	multiplex	0.137829	2.90707	0.00364834	0.0260588	154.866	90.2215	68.3638
novomexicanum	alpestre-2	carolinianum	0.130513	2.32806	0.0199087	0.00686969	236.33	56.1532	43.1879
carolinianum	alpestre-2	nudicaule	0.084944	1.51902	0.128756	0.0131828	385.616	68.1198	57.4531
carolinianum	alpestre-2	nuttallianum-14	0.0710409	1.36648	0.171787	0.0110311	182.207	72.974	63.2934
carolinianum	alpestre-2	nuttallianum-7_9	0.095324	1.86584	0.062064	0.0236545	220.543	82.1892	67.8837
carolinianum	alpestre-2	occidentale	0.127057	2.60758	0.00911856	0.0412931	95.3877	104.013	80.5613
alpestre-2	carolinianum	parryi	0.0134336	0.258552	0.795981	0.00125336	142.869	79.3692	77.265
carolinianum	alpestre-2	patens	0.0684068	1.10323	0.269927	0.0100709	568.363	48.5365	42.3212
ramosum-1_5	alpestre-2	carolinianum	0.0181503	0.343461	0.731251	0.0011138	178.528	58.2866	56.2085
ramosum-3	alpestre-2	carolinianum	0.0809935	1.27098	0.203734	0.00322042	405.551	39.6693	33.7248
ramosum-4_10	alpestre-2	carolinianum	0.051804	1.04275	0.297064	0.00345004	160.174	66.917	60.3253
alpestre-2	sapellonis	carolinianum	0.029264	0.539612	0.589465	0.00162771	256.124	55.2001	52.0612
carolinianum	alpestre-2	scaposum	0.0132048	0.258582	0.795958	0.00245275	166.23	73.2668	71.3571
alpestre-2	scopulorum	carolinianum	0.0638869	1.20412	0.228544	0.00438066	157.877	67.3912	59.2975
carolinianum	alpestre-2	stachydeum	0.16812	2.94826	0.00319563	0.0220533	139.315	84.7043	60.3223
carolinianum	alpestre-2	trolliifolium	0.0259493	0.488142	0.625449	0.00415033	302.319	74.1314	70.3814
carolinianum	alpestre-2	viridescens	0.229068	4.03148	5.54256e-05	0.0287263	119.849	89.4253	56.092
carolinianum	alpestre-2	xantholeucum	0.0916699	1.88604	0.0592899	0.0157225	172.113	85.9867	71.5457
distichum-2_6	distichum-1_5	alpestre-2	0.271231	6.88868	5.63117e-12	0.0892984	209.924	156.614	89.7831
alpestre-2	exaltatum	distichum-1_5	0.0344935	0.634392	0.525825	0.00503304	151.386	73.5715	68.6653
geraniifolium	alpestre-2	distichum-1_5	0.0218464	0.439518	0.660286	0.00260293	224.166	62.6417	59.9632
alpestre-2	geyeri	distichum-1_5	0.0668035	1.44875	0.147407	0.00946395	190.768	81.1495	70.9863
glaucescens	alpestre-2	distichum-1_5	0.0276573	0.606343	0.544287	0.00470135	164.781	94.9951	89.8819
glaucum-1_2	alpestre-2	distichum-1_5	0.00605797	0.118764	0.905462	0.000903212	142.31	74.963	74.0602
alpestre-2	glaucum-3_4	distichum-1_5	0.00477254	0.103401	0.917645	0.000686011	163.469	78.6206	77.8737
gypsophilum	alpestre-2	distichum-1_5	0.403242	10.8675	2.3e-16	0.10236	129.088	205.501	87.3938
hesperium	alpestre-2	distichum-1_5	0.228498	5.25466	1.48298e-07	0.0510953	113.841	140.175	88.0303
lineapetalum	distichum-1_5	alpestre-2	0.192785	4.67635	2.92023e-06	0.0595347	214.832	134.194	90.8158
multiplex	distichum-1_5	alpestre-2	0.0448151	1.24966	0.211425	0.0102298	561.763	89.374	81.7069
novomexicanum	alpestre-2	distichum-1_5	0.0814673	1.56349	0.117937	0.007972	336.789	56.7408	48.1922
distichum-1_5	alpestre-2	nudicaule	0.0171424	0.385442	0.69991	0.0031224	386.2	86.901	83.9719
nuttallianum-14	distichum-1_5	alpestre-2	0.195693	4.64442	3.41032e-06	0.0638037	199.346	128.067	86.1467
nuttallianum-7_9	distichum-1_5	alpestre-2	0.296416	7.86852	3.58871e-15	0.102872	183.342	162.93	88.4247
alpestre-2	occidentale	distichum-1_5	0.0328894	0.71518	0.474498	0.0049935	168.371	84.1009	78.745
parryi	alpestre-2	distichum-1_5	0.182283	4.18897	2.80229e-05	0.0408852	123.576	131.181	90.7305
alpestre-2	distichum-1_5	patens	0.0524031	1.07596	0.281943	0.00901068	606.996	62.0825	55.8998
ramosum-1_5	alpestre-2	distichum-1_5	0.0307117	0.637108	0.524054	0.0033661	258.889	61.3534	57.6971
ramosum-3	alpestre-2	distichum-1_5	0.0555215	0.980483	0.326848	0.00371216	542.535	36.9725	33.0829
alpestre-2	ramosum-4_10	distichum-1_5	0.0300418	0.632318	0.527179	0.00339522	243.44	64.9882	61.1973
sapellonis	alpestre-2	distichum-1_5	0.0350871	0.695873	0.486509	0.00331381	351.388	53.6745	50.0356
alpestre-2	distichum-1_5	scaposum	0.15088	4.11159	3.92946e-05	0.0405957	141.862	135.871	100.245
scopulorum	alpestre-2	distichum-1_5	0.029011	0.590836	0.55463	0.00322192	234.391	59.2332	55.8932
stachydeum	alpestre-2	distichum-1_5	0.239115	4.72264	2.32806e-06	0.0450004	117.932	117.747	72.3032
alpestre-2	distichum-1_5	trolliifolium	0.0420064	0.997764	0.318394	0.00866862	284.694	109.043	100.251
distichum-1_5	viridescens	alpestre-2	0.132078	2.88009	0.00397559	0.0316053	502.03	89.6266	68.7134
xantholeucum	distichum-1_5	alpestre-2	0.160372	4.0278	5.63019e-05	0.0533333	212.157	130.326	94.302
alpestre-2	exaltatum	distichum-2_6	0.0101962	0.183967	0.854039	0.00133619	209.929	57.1059	55.9531
geraniifolium	alpestre-2	distichum-2_6	0.130531	2.55825	0.0105199	0.0153799	284.844	62.86	48.3443
alpestre-2	geyeri	distichum-2_6	0.173877	3.79418	0.000148134	0.0233023	234.436	78.9221	55.5419
alpestre-2	glaucescens	distichum-2_6	0.120624	2.56471	0.0103262	0.0200027	217.453	91.9751	72.1748
alpestre-2	glaucum-1_2	distichum-2_6	0.0272007	0.50278	0.615119	0.00387041	201.206	64.2509	60.8481
glaucum-3_4	alpestre-2	distichum-2_6	0.0112539	0.24017	0.810198	0.00156384	226.076	70.3573	68.7914
gypsophilum	alpestre-2	distichum-2_6	0.365559	9.80698	2.3e-16	0.100884	185.038	193.534	89.9164
hesperium	alpestre-2	distichum-2_6	0.255586	5.80658	6.37634e-09	0.0558697	171.163	132.034	78.2807
distichum-2_6	lineapetalum	alpestre-2	0.0789421	1.9572	0.0503243	0.0260929	233.107	127.492	108.836
distichum-2_6	multiplex	alpestre-2	0.232977	6.10293	1.0414e-09	0.0757675	208.602	154.754	96.2709
novomexicanum	alpestre-2	distichum-2_6	0.148158	2.85004	0.00437138	0.0137909	393.923	53.3051	39.5482
alpestre-2	distichum-2_6	nudicaule	0.0151262	0.358735	0.719794	0.00318842	319.293	98.1024	95.1788
distichum-2_6	nuttallianum-14	alpestre-2	0.0883347	2.13084	0.033102	0.0259857	260.825	107.356	89.9288
nuttallianum-7_9	distichum-2_6	alpestre-2	0.0476238	1.28499	0.198794	0.0138906	322.536	109.149	99.2257
alpestre-2	occidentale	distichum-2_6	0.103701	2.28261	0.0224533	0.0171212	217.227	87.8242	71.3207
parryi	alpestre-2	distichum-2_6	0.216284	4.8688	1.12278e-06	0.0504367	178.022	130.591	84.147
alpestre-2	distichum-2_6	patens	0.121039	2.67754	0.00741645	0.0250701	522.45	77.3663	60.6597
ramosum-1_5	alpestre-2	distichum-2_6	0.0464943	0.980181	0.326997	0.00502368	327.915	56.9343	51.8753
alpestre-2	ramosum-3	distichum-2_6	0.0865414	1.57307	0.115702	0.00621917	588.606	36.9462	31.0608
alpestre-2	ramosum-4_10	distichum-2_6	0.0297865	0.626187	0.531192	0.00321833	309.008	55.3155	52.1155
sapellonis	alpestre-2	distichum-2_6	0.0573254	1.16014	0.245991	0.00541018	411.907	50.3375	44.8792
distichum-2_6	alpestre-2	scaposum	0.150899	3.75834	0.000171045	0.0428343	125.075	148.924	109.872
scopulorum	alpestre-2	distichum-2_6	0.0504557	1.02414	0.305771	0.0055551	296.228	55.3737	50.0543
stachydeum	alpestre-2	distichum-2_6	0.149608	2.96288	0.00304771	0.0273576	165.768	97.386	72.0388
alpestre-2	distichum-2_6	trolliifolium	0.164234	4.03576	5.44256e-05	0.040839	219.562	146.097	104.878
distichum-2_6	viridescens	alpestre-2	0.358485	8.46182	2.3e-16	0.122334	158.524	159.298	75.2251
distichum-2_6	xantholeucum	alpestre-2	0.0977706	2.43492	0.0148952	0.0337672	234.747	131.218	107.844
geraniifolium	alpestre-2	exaltatum	0.125196	2.23485	0.0254274	0.0168263	139.623	71.4861	55.5781
exaltatum	alpestre-2	geyeri	0.00139677	0.0281704	0.977526	0.000386423	68.9907	89.6175	89.3675
exaltatum	alpestre-2	glaucescens	0.0249596	0.473522	0.635841	0.00640197	98.4896	80.3472	76.434
glaucum-1_2	exaltatum	alpestre-2	0.106713	1.77073	0.0766048	0.0263572	112.698	70.967	57.2813
glaucum-3_4	exaltatum	alpestre-2	0.0658913	1.25056	0.211094	0.0155496	129.065	69.0029	60.4716
alpestre-2	exaltatum	gypsophilum	0.00855011	0.150601	0.88029	0.000703251	213.775	64.3032	63.213
exaltatum	alpestre-2	hesperium	0.0773126	1.24402	0.21349	0.00539434	149.263	60.8183	52.0891
exaltatum	alpestre-2	lineapetalum	0.0173689	0.295717	0.767446	0.00184373	185.09	60.2014	58.1458
alpestre-2	exaltatum	multiplex	0.0338526	0.662934	0.507373	0.00531447	161.931	70.9682	66.3206
novomexicanum	alpestre-2	exaltatum	0.196633	3.44234	0.000576711	0.0211793	234.025	62.219	41.7711
alpestre-2	exaltatum	nudicaule	0.00664793	0.103979	0.917186	0.000805504	397.247	51	50.3264
alpestre-2	exaltatum	nuttallianum-14	0.085517	1.49345	0.13532	0.0112675	174.101	63.8646	53.8021
exaltatum	alpestre-2	nuttallianum-7_9	0.12273	2.23594	0.0253556	0.0213635	218.568	61.2245	47.8391
exaltatum	alpestre-2	occidentale	0.00464362	0.0883159	0.929626	0.00127658	89.3183	78.8773	78.1481
exaltatum	alpestre-2	parryi	0.0988245	1.64406	0.100164	0.00667169	146.81	65.6713	53.8588
exaltatum	alpestre-2	patens	0.0797032	1.12519	0.260508	0.00843664	602.163	35.3715	30.1493
ramosum-1_5	alpestre-2	exaltatum	0.0238368	0.443392	0.657482	0.00273047	160.086	56.1881	53.5718
alpestre-2	ramosum-3	exaltatum	0.0671754	1.08066	0.279846	0.00532578	410.83	39.3299	34.3785
alpestre-2	ramosum-4_10	exaltatum	0.00306341	0.0598682	0.952261	0.000412304	146.152	65.1457	64.7478
sapellonis	alpestre-2	exaltatum	0.00172985	0.0323507	0.974192	0.000192801	245.154	54.2891	54.1016
alpestre-2	exaltatum	scaposum	0.0162583	0.286834	0.77424	0.00242055	178.755	60.3368	58.4063
scopulorum	alpestre-2	exaltatum	0.0334157	0.62608	0.531263	0.00446847	145.573	65.0735	60.8652
exaltatum	alpestre-2	stachydeum	0.114011	1.79461	0.0727155	0.0110537	139.649	63.1389	50.2153
exaltatum	alpestre-2	trolliifolium	0.0796992	1.39652	0.162559	0.00896067	312.174	57.3403	48.875
exaltatum	alpestre-2	viridescens	0.0930196	1.48923	0.136426	0.00927136	127.61	65.1169	54.0336
exaltatum	alpestre-2	xantholeucum	0.0112329	0.203097	0.83906	0.00150862	181.047	65.1736	63.7257
geraniifolium	alpestre-2	geyeri	0.213569	4.51476	6.33896e-06	0.0477167	146.17	97.8229	63.3924
geraniifolium	alpestre-2	glaucescens	0.0774017	1.55809	0.119212	0.016989	166.27	81.9106	70.1415
geraniifolium	alpestre-2	glaucum-1_2	0.0140394	0.251404	0.801502	0.00227879	148.418	65.2057	63.4002
geraniifolium	alpestre-2	glaucum-3_4	0.0596581	1.18187	0.237258	0.0146782	159.19	71.4034	63.3634
alpestre-2	geraniifolium	gypsophilum	0.0239529	0.454811	0.649245	0.00160447	284.176	57.9259	55.2159
alpestre-2	geraniifolium	hesperium	0.0660238	1.16412	0.244377	0.00410984	224.541	57.8987	50.7269
geraniifolium	alpestre-2	lineapetalum	0.0549812	1.04723	0.294993	0.00512697	262.035	59.6128	53.3993
geraniifolium	alpestre-2	multiplex	0.101351	2.1724	0.0298253	0.0132262	240.309	69.0272	56.3228
novomexicanum	alpestre-2	geraniifolium	0.0303975	0.645314	0.518723	0.00599942	174.7	76.6811	72.1568
geraniifolium	alpestre-2	nudicaule	0.0291447	0.504474	0.613928	0.00304	496.022	49.197	46.4106
geraniifolium	alpestre-2	nuttallianum-14	0.175384	3.15665	0.00159593	0.0170267	256.524	55.342	38.8264
geraniifolium	alpestre-2	nuttallianum-7_9	0.151364	3.00172	0.00268458	0.0221839	289.999	58.9644	43.4609
geraniifolium	alpestre-2	occidentale	0.0609196	1.27456	0.202465	0.0145025	160.287	81.4518	72.0977
alpestre-2	geraniifolium	parryi	0.0223142	0.406039	0.684714	0.00130777	207.313	56.1944	53.7413
geraniifolium	alpestre-2	patens	0.190514	3.05388	0.00225904	0.019003	736.726	40.4392	27.4965
geraniifolium	alpestre-2	ramosum-1_5	0.224198	5.27129	1.35466e-07	0.0988982	96.1024	120.663	76.467
alpestre-2	ramosum-3	geraniifolium	0.00420693	0.0804675	0.935865	0.000570996	380.905	50.9731	50.546
geraniifolium	alpestre-2	ramosum-4_10	0.0810098	1.92341	0.0544282	0.0377856	99.2928	107.175	91.1119
alpestre-2	sapellonis	geraniifolium	0.0569789	1.25935	0.207905	0.0116044	191.792	82.8164	73.8876
alpestre-2	geraniifolium	scaposum	0.111681	2.16061	0.0307253	0.014724	238.758	63.7422	50.9349
geraniifolium	scopulorum	alpestre-2	0.0475468	1.05886	0.289666	0.0108917	442.013	59.3064	53.9227
geraniifolium	alpestre-2	stachydeum	0.0955751	1.62045	0.105136	0.00830496	206.694	60.0712	49.5903
geraniifolium	alpestre-2	trolliifolium	0.228727	4.28569	1.82172e-05	0.0231504	396.201	63.7135	39.9931
geraniifolium	alpestre-2	viridescens	0.136582	2.45967	0.0139066	0.0122544	194.108	68.3281	51.9062
geraniifolium	alpestre-2	xantholeucum	0.140249	2.75739	0.0058264	0.0153353	254.799	62.2891	46.9661
glaucescens	geyeri	alpestre-2	0.243345	5.66965	1.4309e-08	0.0813593	142.356	133.017	80.9497
glaucum-1_2	alpestre-2	geyeri	0.193893	3.9088	9.27569e-05	0.0538339	70.4401	116.591	78.7214
glaucum-3_4	alpestre-2	geyeri	0.0858274	2.00498	0.0449648	0.0249514	79.9527	117.013	98.5152
geyeri	alpestre-2	gypsophilum	0.100533	2.11224	0.0346661	0.00753653	276.451	70.9175	57.9609
geyeri	alpestre-2	hesperium	0.0215982	0.427495	0.669019	0.00150186	196.927	64.4219	61.6979
alpestre-2	geyeri	lineapetalum	0.0692659	1.44331	0.148933	0.00785001	228.397	75.1085	65.3776
alpestre-2	geyeri	multiplex	0.08007	1.84951	0.0643837	0.012924	199.945	85.4143	72.7501
novomexicanum	alpestre-2	geyeri	0.276086	5.80358	6.49121e-09	0.0543994	255.424	93.7973	53.2105
alpestre-2	geyeri	nudicaule	0.0439913	0.851545	0.394467	0.00519492	469.236	59.5972	54.5747
alpestre-2	geyeri	nuttallianum-14	0.145019	2.92279	0.00346909	0.0197767	203.261	77.6884	58.0095
alpestre-2	geyeri	nuttallianum-7_9	0.0473231	1.02765	0.304113	0.0086629	247.204	66.5477	60.5339
occidentale	geyeri	alpestre-2	0.180719	4.15473	3.25676e-05	0.0623161	135.885	126.103	87.5009
geyeri	alpestre-2	parryi	0.0735189	1.44848	0.147484	0.00480718	186.293	68.941	59.4983
geyeri	alpestre-2	patens	0.0602087	1.05171	0.292932	0.00639059	694.075	39.1615	34.7135
ramosum-1_5	alpestre-2	geyeri	0.119754	2.70174	0.0068977	0.0261795	170.68	89.7705	70.5692
alpestre-2	ramosum-3	geyeri	0.0332496	0.691161	0.489465	0.00550713	447.582	59.6155	55.7786
ramosum-4_10	alpestre-2	geyeri	0.0919509	2.13091	0.0330967	0.0208843	150.82	92.6238	77.0245
sapellonis	alpestre-2	geyeri	0.17176	3.71317	0.000204682	0.0332765	262.015	85.2047	60.2255
alpestre-2	geyeri	scaposum	0.0899484	1.91866	0.0550273	0.013398	219.815	72.747	60.74
scopulorum	alpestre-2	geyeri	0.153704	3.37959	0.000725938	0.0342098	151.596	92.1704	67.6114
geyeri	alpestre-2	stachydeum	0.0424592	0.806261	0.420092	0.00417986	172.703	65.3229	60.0017
geyeri	alpestre-2	trolliifolium	0.0205922	0.423329	0.672055	0.00245619	352.884	63.4583	60.8976
alpestre-2	geyeri	viridescens	0.0327369	0.634265	0.525908	0.00332773	157.175	70.8976	66.4028
alpestre-2	geyeri	xantholeucum	0.134012	2.88127	0.00396072	0.0188907	210.015	83.9592	64.1155
alpestre-2	glaucum-1_2	glaucescens	0.0116118	0.23059	0.817633	0.00328638	88.8264	90.1441	88.0747
alpestre-2	glaucum-3_4	glaucescens	0.197446	5.27145	1.35351e-07	0.0669897	103.025	146.294	98.0495
glaucescens	alpestre-2	gypsophilum	0.138352	2.90088	0.00372113	0.0126338	237.647	89.4074	67.6748
glaucescens	alpestre-2	hesperium	0.117094	2.3126	0.0207444	0.0100723	167.836	87.7494	69.3536
glaucescens	alpestre-2	lineapetalum	0.0160307	0.337779	0.735529	0.00202959	195.642	79.5556	77.0451
glaucescens	alpestre-2	multiplex	0.000170467	0.00398856	0.996818	3.20959e-05	175.553	92.5597	92.5282
novomexicanum	alpestre-2	glaucescens	0.017078	0.34358	0.731162	0.00317467	273.436	66.224	64
alpestre-2	glaucescens	nudicaule	0.041585	0.809764	0.418076	0.00564698	434.197	66.9227	61.579
alpestre-2	glaucescens	nuttallianum-14	0.00343032	0.0689052	0.945065	0.000490672	195.936	71.6059	71.1163
alpestre-2	glaucescens	nuttallianum-7_9	0.0798539	1.75015	0.0800933	0.0169815	225.839	82.1233	69.9774
glaucescens	occidentale	alpestre-2	0.0700203	1.60044	0.1095	0.0163955	359.046	81.1568	70.5353
glaucescens	alpestre-2	parryi	0.0912918	1.77374	0.0761057	0.00714911	161.24	83.5527	69.5735
alpestre-2	glaucescens	patens	0.00554669	0.0954983	0.923919	0.000725372	665.972	45.9514	45.4444
alpestre-2	ramosum-1_5	glaucescens	0.109858	2.37649	0.0174781	0.0235451	201.207	82.7856	66.3967
alpestre-2	ramosum-3	glaucescens	0.123434	2.34213	0.0191741	0.0163745	476.822	50.8325	39.6623
ramosum-4_10	alpestre-2	glaucescens	0.0139073	0.299981	0.764192	0.00281638	179.814	72.7404	70.7449
alpestre-2	sapellonis	glaucescens	0.0594444	1.24313	0.21382	0.0106388	285.622	67.9171	60.2956
glaucescens	alpestre-2	scaposum	0.0271193	0.574126	0.565882	0.00457162	195.221	78.247	74.115
scopulorum	alpestre-2	glaucescens	0.0696095	1.44673	0.147972	0.013729	173.655	72.4676	63.0353
glaucescens	alpestre-2	stachydeum	0.0379706	0.717194	0.473254	0.00444484	146.101	78.2118	72.4896
glaucescens	alpestre-2	trolliifolium	0.110648	2.19106	0.0284476	0.0142004	332.986	74.9861	60.0451
glaucescens	alpestre-2	viridescens	0.0171817	0.333887	0.738465	0.00214563	132.371	87.0547	84.1137
glaucescens	alpestre-2	xantholeucum	0.0378443	0.790711	0.429112	0.00564774	193.771	80.082	74.2418
glaucum-1_2	glaucum-3_4	alpestre-2	0.0644528	1.18073	0.237712	0.0147551	152.604	72.9566	64.1215
glaucum-1_2	alpestre-2	gypsophilum	0.0326196	0.588282	0.556343	0.00271479	199.091	68.8912	64.5388
alpestre-2	glaucum-1_2	hesperium	0.0329012	0.556326	0.577988	0.00260006	138.932	67.3935	63.1001
alpestre-2	glaucum-1_2	lineapetalum	0.0835855	1.50549	0.132198	0.00968405	172.253	71.1771	60.1962
alpestre-2	glaucum-1_2	multiplex	0.026517	0.532137	0.594631	0.00436622	153.856	75.9874	72.0616
alpestre-2	novomexicanum	glaucum-1_2	0.00850512	0.148827	0.88169	0.00104768	242.078	49.3038	48.4722
alpestre-2	glaucum-1_2	nudicaule	0.0638686	1.08428	0.278241	0.00812058	394.148	58.7483	51.6944
alpestre-2	glaucum-1_2	nuttallianum-14	0.0184953	0.308303	0.757852	0.00217221	167.915	54.2552	52.2847
glaucum-1_2	alpestre-2	nuttallianum-7_9	0.0313526	0.585898	0.557944	0.00572405	207.196	59.9653	56.3194
glaucum-1_2	alpestre-2	occidentale	0.0756014	1.49469	0.134995	0.0214666	79.0428	92.9959	79.923
glaucum-1_2	alpestre-2	parryi	0.0755305	1.2987	0.194047	0.00538368	140.165	69.2083	59.4878
glaucum-1_2	alpestre-2	patens	0.0516803	0.787769	0.430832	0.00574225	617.99	37.6788	33.9757
alpestre-2	ramosum-1_5	glaucum-1_2	0.0572996	1.07557	0.282118	0.00763558	180.061	57.0382	50.8559
alpestre-2	ramosum-3	glaucum-1_2	0.146713	2.3361	0.0194859	0.0126023	441.733	38.5781	28.7066
ramosum-4_10	alpestre-2	glaucum-1_2	0.00125957	0.0239928	0.980858	0.000185301	159.875	59.4813	59.3316
alpestre-2	sapellonis	glaucum-1_2	0.127933	2.38069	0.0172802	0.0155062	256.968	55.4557	42.8759
alpestre-2	glaucum-1_2	scaposum	0.0518535	0.954623	0.339768	0.00809711	162.014	66.8247	60.2361
alpestre-2	scopulorum	glaucum-1_2	0.0439604	0.788332	0.430502	0.00638921	153.758	59.5755	54.5582
alpestre-2	glaucum-1_2	stachydeum	0.00545942	0.0872923	0.930439	0.000596667	119.674	65.0668	64.3602
glaucum-1_2	alpestre-2	trolliifolium	0.055761	0.959283	0.337416	0.00663965	307.137	58.8883	52.6678
glaucum-1_2	alpestre-2	viridescens	0.0403974	0.673312	0.500749	0.00445893	115.101	72.3663	66.7465
glaucum-1_2	alpestre-2	xantholeucum	0.0729121	1.30998	0.190201	0.00952757	172.05	66.2309	57.2292
glaucum-3_4	alpestre-2	gypsophilum	0.0570377	1.1705	0.241801	0.00471399	233.747	76.2847	68.0521
glaucum-3_4	alpestre-2	hesperium	0.0262652	0.49259	0.622302	0.00192516	166.789	69.1921	65.6505
glaucum-3_4	alpestre-2	lineapetalum	0.0231839	0.480028	0.631207	0.0025259	204.796	70.3377	67.1502
glaucum-3_4	alpestre-2	multiplex	0.0361786	0.82406	0.409905	0.00569837	178.317	81.4505	75.7628
novomexicanum	alpestre-2	glaucum-3_4	0.0397559	0.805848	0.420331	0.00854332	263.748	61.161	56.4839
glaucum-3_4	alpestre-2	nudicaule	0.0241718	0.465469	0.641595	0.00282869	451.592	59.3628	56.5608
glaucum-3_4	alpestre-2	nuttallianum-14	0.0665836	1.28726	0.198005	0.00813108	192.681	66.1606	57.9002
glaucum-3_4	alpestre-2	nuttallianum-7_9	0.0382328	0.8145	0.415359	0.0068819	237.117	68.0304	63.02
alpestre-2	glaucum-3_4	occidentale	0.274377	7.82617	5.02961e-15	0.109569	84.4725	168.223	95.785
glaucum-3_4	alpestre-2	parryi	0.0547846	1.08944	0.275959	0.00387215	154.697	73.4366	65.8082
glaucum-3_4	alpestre-2	patens	0.0405145	0.685079	0.493294	0.00432455	696.17	39.3264	36.2639
ramosum-1_5	alpestre-2	glaucum-3_4	0.0235925	0.495599	0.620177	0.0058563	186.412	70.917	67.6479
alpestre-2	ramosum-3	glaucum-3_4	0.124642	2.23106	0.025677	0.0193558	481.307	47.026	36.6024
ramosum-4_10	alpestre-2	glaucum-3_4	0.00468891	0.100352	0.920065	0.0011028	166.851	67.3311	66.7026
alpestre-2	sapellonis	glaucum-3_4	0.0640054	1.31013	0.190152	0.013828	273.93	65.3115	57.4538
alpestre-2	glaucum-3_4	scaposum	0.032567	0.668038	0.50411	0.00484791	195.897	70.2099	65.7811
scopulorum	alpestre-2	glaucum-3_4	0.0256277	0.524721	0.599777	0.00594739	169.672	65.1024	61.849
glaucum-3_4	alpestre-2	stachydeum	0.0561285	1.02832	0.303798	0.00577439	147.208	71.7043	64.0828
glaucum-3_4	alpestre-2	trolliifolium	0.118373	2.34735	0.0189073	0.013897	342.773	69.3498	54.6693
glaucum-3_4	alpestre-2	viridescens	0.0785611	1.4771	0.139648	0.00853535	136.065	81.1343	69.3148
glaucum-3_4	alpestre-2	xantholeucum	0.112142	2.32279	0.0201907	0.0145663	196.872	75.9288	60.6163
gypsophilum	hesperium	alpestre-2	0.170495	4.21035	2.54974e-05	0.0586617	212.622	136.733	96.9001
gypsophilum	alpestre-2	lineapetalum	0.349108	9.13043	2.3e-16	0.0763729	164.395	188.7	91.0405
gypsophilum	alpestre-2	multiplex	0.411759	11.4604	2.3e-16	0.120351	141.646	218.584	91.0779
novomexicanum	alpestre-2	gypsophilum	0.18596	3.37184	0.000746674	0.0100488	392.551	55.0613	37.794
gypsophilum	alpestre-2	nudicaule	0.143103	3.51046	0.000447335	0.0373078	356.977	142.036	106.473
gypsophilum	alpestre-2	nuttallianum-14	0.363126	9.13402	2.3e-16	0.0892216	151.935	171.57	80.1603
gypsophilum	alpestre-2	nuttallianum-7_9	0.393239	10.3976	2.3e-16	0.136078	182.052	181.27	78.9439
occidentale	alpestre-2	gypsophilum	0.102652	2.12943	0.0332185	0.00842142	240.276	76.3666	62.1479
gypsophilum	parryi	alpestre-2	0.221666	5.47386	4.40336e-08	0.0694028	426.018	124.942	79.6013
gypsophilum	alpestre-2	patens	0.0852852	2.00783	0.0446613	0.0206363	542.59	88.3264	74.4444
ramosum-1_5	alpestre-2	gypsophilum	0.0647584	1.27421	0.202588	0.00380986	329.907	54.1502	47.5634
ramosum-3	alpestre-2	gypsophilum	0.0169183	0.280724	0.778922	0.000624356	598.057	31.7234	30.6678
ramosum-4_10	alpestre-2	gypsophilum	0.0648038	1.29592	0.195002	0.00406235	309.331	57.8001	50.7647
sapellonis	alpestre-2	gypsophilum	0.0967605	1.83896	0.0659212	0.00498283	405.498	49.3142	40.6128
gypsophilum	alpestre-2	scaposum	0.326915	8.67055	2.3e-16	0.0991591	146.133	184.419	93.5475
alpestre-2	scopulorum	gypsophilum	0.0124294	0.249022	0.803344	0.000826413	297.418	57.2726	55.8663
gypsophilum	alpestre-2	stachydeum	0.431626	10.7384	2.3e-16	0.0775895	103.98	168.064	66.7234
gypsophilum	alpestre-2	trolliifolium	0.38452	9.72495	2.3e-16	0.0870805	271.538	166.142	73.8576
gypsophilum	alpestre-2	viridescens	0.415351	10.6252	2.3e-16	0.0778608	112.992	187.193	77.3252
gypsophilum	alpestre-2	xantholeucum	0.371988	9.68813	2.3e-16	0.0950026	156.326	190.797	87.3351
hesperium	alpestre-2	lineapetalum	0.233514	5.13773	2.78082e-07	0.0406757	144.046	127.456	79.1991
hesperium	alpestre-2	multiplex	0.23273	5.6259	1.84546e-08	0.0598468	123.933	145.253	90.4079
alpestre-2	novomexicanum	hesperium	0.0135991	0.239547	0.810682	0.000687827	331.877	45.8076	44.5784
alpestre-2	hesperium	nudicaule	0.110198	2.32348	0.0201531	0.0279214	320.311	120.44	96.5301
hesperium	alpestre-2	nuttallianum-14	0.249018	5.31118	1.08919e-07	0.0476827	138.987	114.074	68.588
hesperium	alpestre-2	nuttallianum-7_9	0.273526	6.10929	1.00076e-09	0.0742629	168.733	120.004	68.4554
occidentale	alpestre-2	hesperium	0.119041	2.30329	0.0212628	0.00906001	168.035	75.1221	59.1395
parryi	hesperium	alpestre-2	0.0219988	0.476542	0.633688	0.00678946	217.115	92.1076	88.1424
alpestre-2	hesperium	patens	0.0479713	0.917986	0.358626	0.00953464	507.937	62.9583	57.1944
alpestre-2	ramosum-1_5	hesperium	0.0761556	1.43773	0.150512	0.0044506	261.364	56.708	48.682
alpestre-2	ramosum-3	hesperium	0.0162682	0.24638	0.805388	0.000562624	516.171	31.0179	30.0249
alpestre-2	ramosum-4_10	hesperium	0.0330056	0.631497	0.527715	0.00197041	250.364	56.4666	52.8582
sapellonis	alpestre-2	hesperium	0.00326405	0.0574643	0.954175	0.000157841	339.253	44.2908	44.0026
hesperium	alpestre-2	scaposum	0.177112	3.91442	9.06221e-05	0.0418645	128.337	112.881	78.912
scopulorum	alpestre-2	hesperium	0.00470158	0.0863263	0.931207	0.000310489	238.521	57.8756	57.3339
hesperium	alpestre-2	stachydeum	0.237425	4.89982	9.59254e-07	0.0388137	98.9977	124.144	76.5046
hesperium	alpestre-2	trolliifolium	0.259505	5.65779	1.53337e-08	0.048384	263.088	116.484	68.4838
hesperium	alpestre-2	viridescens	0.288432	5.86871	4.39186e-09	0.0473751	91.4792	135.236	74.6875
hesperium	alpestre-2	xantholeucum	0.314797	7.25395	4.04796e-13	0.0636663	146.859	132.246	68.9196
lineapetalum	multiplex	alpestre-2	0.166238	4.27382	1.92153e-05	0.0526544	254.37	138.082	98.7169
novomexicanum	alpestre-2	lineapetalum	0.0655365	1.2249	0.220613	0.00520144	362.703	52.9253	46.4149
alpestre-2	lineapetalum	nudicaule	0.069929	1.54374	0.122652	0.0144089	323.785	97.8576	85.066
nuttallianum-14	lineapetalum	alpestre-2	0.0677596	1.60939	0.10753	0.0186134	347.375	94.3021	82.3333
nuttallianum-7_9	lineapetalum	alpestre-2	0.15887	4.10865	3.9798e-05	0.0464605	260.019	119.054	86.4115
alpestre-2	occidentale	lineapetalum	0.00969833	0.202248	0.839723	0.00116105	204.429	73.5642	72.151
parryi	alpestre-2	lineapetalum	0.12266	2.701	0.00691306	0.0232692	154.25	119.715	93.5556
alpestre-2	lineapetalum	patens	0.100963	2.02336	0.0430361	0.0196779	541.007	70.6528	57.6944
ramosum-1_5	alpestre-2	lineapetalum	0.0476504	0.93888	0.347792	0.00389076	297.439	53.0951	48.2652
alpestre-2	ramosum-3	lineapetalum	0.085239	1.4592	0.144511	0.0045781	564.946	35.6753	30.0712
ramosum-4_10	alpestre-2	lineapetalum	0.0932361	1.82842	0.0674862	0.00728907	273.828	54.2832	45.0241
sapellonis	alpestre-2	lineapetalum	0.0902261	1.74464	0.081047	0.0068463	382.985	52.2769	43.6241
lineapetalum	alpestre-2	scaposum	0.0744935	1.77728	0.0755226	0.019387	118.754	118.923	102.433
scopulorum	alpestre-2	lineapetalum	0.0503934	0.975998	0.329065	0.00443094	273.866	55.6198	50.283
stachydeum	alpestre-2	lineapetalum	0.147866	2.83296	0.00461196	0.022466	142.997	100.837	74.8576
alpestre-2	lineapetalum	trolliifolium	0.139817	3.32436	0.000886228	0.032719	239.314	131.002	98.8628
lineapetalum	viridescens	alpestre-2	0.290926	6.40329	1.5206e-10	0.0916141	179.368	137.972	75.7847
lineapetalum	xantholeucum	alpestre-2	0.0777198	1.94833	0.0513752	0.021511	495.163	99.5347	85.1788
novomexicanum	alpestre-2	multiplex	0.0745116	1.55814	0.1192	0.0084252	363.421	59.1001	50.9036
alpestre-2	multiplex	nudicaule	0.0223921	0.538898	0.589957	0.00408538	383.934	91.6506	87.636
nuttallianum-14	multiplex	alpestre-2	0.18567	4.71573	2.40849e-06	0.0594455	187.316	131.067	90.0181
nuttallianum-7_9	multiplex	alpestre-2	0.264673	7.47872	7.50492e-14	0.0895117	180.661	160.586	93.3705
alpestre-2	occidentale	multiplex	0.017602	0.416382	0.67713	0.00312404	181.047	85.4599	82.5034
parryi	alpestre-2	multiplex	0.217814	5.17549	2.27317e-07	0.0539455	136.952	135.945	87.3156
alpestre-2	multiplex	patens	0.0378238	0.829783	0.406662	0.00657613	637.604	63.8395	59.1862
alpestre-2	ramosum-1_5	multiplex	0.0167464	0.378238	0.705254	0.00208228	283.207	62.7563	60.689
alpestre-2	ramosum-3	multiplex	0.00880157	0.171719	0.863659	0.000671783	572.47	36.8249	36.1823
alpestre-2	ramosum-4_10	multiplex	0.0355605	0.828904	0.407159	0.00450696	259.196	67.1233	62.5134
sapellonis	alpestre-2	multiplex	0.0427744	0.92465	0.355148	0.00442558	381.242	54.4358	49.9699
multiplex	alpestre-2	scaposum	0.031543	0.836248	0.403015	0.00763884	142.067	116.094	108.994
scopulorum	alpestre-2	multiplex	0.053051	1.14597	0.251806	0.00646608	256.01	61.2487	55.0775
stachydeum	alpestre-2	multiplex	0.187519	3.96256	7.41509e-05	0.0398934	127.089	116.654	79.8124
alpestre-2	multiplex	trolliifolium	0.0393237	0.995179	0.319649	0.00798888	285.315	111.465	103.03
multiplex	viridescens	alpestre-2	0.188265	4.59113	4.40854e-06	0.0430588	475.615	93.1478	63.6317
xantholeucum	multiplex	alpestre-2	0.11898	3.15816	0.00158769	0.0401057	219.922	134.309	105.747
alpestre-2	novomexicanum	nudicaule	0.00160592	0.0278953	0.977746	0.000130094	622.345	38.9809	38.8559
novomexicanum	alpestre-2	nuttallianum-14	0.127716	2.27345	0.0229992	0.0107083	351.207	46.6788	36.1059
novomexicanum	alpestre-2	nuttallianum-7_9	0.166526	3.21776	0.00129196	0.0198794	394.892	50.3368	35.9653
novomexicanum	alpestre-2	occidentale	0.0818327	1.67858	0.0932334	0.0156439	266.903	67.5347	57.3177
novomexicanum	alpestre-2	parryi	0.0550597	0.959273	0.337421	0.00254757	312.581	47.3064	42.3689
novomexicanum	alpestre-2	patens	0.106809	1.62613	0.103922	0.00857597	859.816	30.8715	24.9132
novomexicanum	alpestre-2	ramosum-1_5	0.00202431	0.0471774	0.962372	0.00086509	176.556	93.2415	92.8648
alpestre-2	ramosum-3	novomexicanum	0.113904	2.51647	0.0118537	0.0344969	292.384	75.6029	60.1411
novomexicanum	alpestre-2	ramosum-4_10	0.202774	4.9099	9.11238e-07	0.0732368	207.309	97.274	64.4754
novomexicanum	sapellonis	alpestre-2	0.0984609	2.53249	0.0113254	0.0407963	205.251	97.5597	80.0701
novomexicanum	alpestre-2	scaposum	0.0508829	0.931877	0.3514	0.00483139	343.855	43.8876	39.6376
novomexicanum	alpestre-2	scopulorum	0.0631181	1.39488	0.163053	0.014404	173.027	80.649	71.0726
novomexicanum	alpestre-2	stachydeum	0.00271018	0.0446656	0.964374	0.000189292	298.911	44.9627	44.7196
novomexicanum	alpestre-2	trolliifolium	0.179245	3.30923	0.000935536	0.0148144	507.155	50.9184	35.4392
novomexicanum	alpestre-2	viridescens	0.158097	2.73682	0.00620371	0.0121669	292.247	60.077	43.6742
novomexicanum	alpestre-2	xantholeucum	0.171109	3.30621	0.000945657	0.0148508	356.587	52.7279	37.3199
nuttallianum-14	alpestre-2	nudicaule	0.0729124	1.52721	0.126709	0.0147628	294.259	91.2795	78.8733
nuttallianum-7_9	alpestre-2	nudicaule	0.0431387	1.03988	0.298397	0.0094854	292.573	99.2431	91.0347
alpestre-2	occidentale	nudicaule	0.0265611	0.509107	0.610677	0.00331265	443.651	59.651	56.5642
alpestre-2	parryi	nudicaule	0.0562048	1.20186	0.229417	0.013406	336.55	106.227	94.9219
alpestre-2	nudicaule	patens	0.436625	11.798	2.3e-16	0.178087	330.028	198.549	77.8611
ramosum-1_5	alpestre-2	nudicaule	0.0116414	0.212526	0.831696	0.00113468	551.479	47.599	46.5035
alpestre-2	ramosum-3	nudicaule	0.0352508	0.540873	0.588595	0.00204529	826.182	27.8385	25.9427
alpestre-2	ramosum-4_10	nudicaule	0.0256711	0.474318	0.635273	0.00239479	534.952	46.0585	43.753
alpestre-2	sapellonis	nudicaule	0.0401826	0.703432	0.481787	0.00311477	649.653	39.5486	36.4931
alpestre-2	scaposum	nudicaule	0.019432	0.423582	0.671871	0.00349752	313.663	80.9236	77.8385
alpestre-2	scopulorum	nudicaule	0.0695189	1.24458	0.213285	0.00656902	505.696	46.3941	40.3628
alpestre-2	stachydeum	nudicaule	0.0273441	0.491326	0.623196	0.00456747	336.764	74.4896	70.5243
alpestre-2	trolliifolium	nudicaule	0.173589	4.29706	1.73078e-05	0.0561714	217.069	166.108	116.969
alpestre-2	viridescens	nudicaule	0.102249	1.95901	0.0501113	0.0167195	348.203	78.717	64.1128
xantholeucum	alpestre-2	nudicaule	0.0481408	1.0341	0.30109	0.00941651	329.45	89.1875	80.9948
nuttallianum-7_9	nuttallianum-14	alpestre-2	0.148283	3.77211	0.00016187	0.0384391	303.118	100.267	74.3711
alpestre-2	occidentale	nuttallianum-14	0.0607339	1.22604	0.220183	0.00821751	196.726	69.8611	61.8611
parryi	alpestre-2	nuttallianum-14	0.237614	5.05838	4.22827e-07	0.0480904	139.811	115.925	71.4115
alpestre-2	nuttallianum-14	patens	0.0291137	0.550126	0.582233	0.00541862	478.944	58.3611	55.059
ramosum-1_5	alpestre-2	nuttallianum-14	0.00487053	0.0931468	0.925787	0.000452662	284.338	45.8481	45.4036
ramosum-3	alpestre-2	nuttallianum-14	0.0534481	0.872894	0.382721	0.00318634	532.962	30.1806	27.1181
alpestre-2	ramosum-4_10	nuttallianum-14	0.0530378	1.05146	0.293049	0.00546556	268.879	54.9514	49.416
sapellonis	alpestre-2	nuttallianum-14	0.00514269	0.09639	0.923211	0.000442248	366.617	42.9245	42.4852
nuttallianum-14	alpestre-2	scaposum	0.0808927	1.89269	0.0583997	0.0226573	111.61	121.581	103.383
scopulorum	alpestre-2	nuttallianum-14	0.081907	1.59812	0.110016	0.00794117	268.864	50.8637	43.1623
stachydeum	alpestre-2	nuttallianum-14	0.206861	3.82989	0.000128203	0.034511	136.951	92.5972	60.8542
alpestre-2	nuttallianum-14	trolliifolium	0.15903	3.65076	0.00026147	0.0372276	211.215	124.417	90.2743
nuttallianum-14	viridescens	alpestre-2	0.364749	8.00267	1.21745e-15	0.115209	161.523	131.054	61.0017
nuttallianum-14	xantholeucum	alpestre-2	0.101683	2.44674	0.0144154	0.0257739	412.391	90.1649	73.5208
alpestre-2	occidentale	nuttallianum-7_9	0.0149988	0.328228	0.74274	0.00311587	232.111	72.7828	70.6318
parryi	alpestre-2	nuttallianum-7_9	0.191601	4.32512	1.52446e-05	0.0563777	175.474	115.13	78.1059
alpestre-2	nuttallianum-7_9	patens	0.0862474	1.94522	0.0517489	0.0193087	482.656	78.3333	65.8941
ramosum-1_5	alpestre-2	nuttallianum-7_9	0.101859	2.07793	0.0377158	0.0137333	329.912	54.0216	44.0337
alpestre-2	ramosum-3	nuttallianum-7_9	0.0297448	0.532422	0.594434	0.00268039	579.775	31.4939	29.6745
ramosum-4_10	alpestre-2	nuttallianum-7_9	0.0945803	2.00403	0.045067	0.0131783	312.32	56.2196	46.504
sapellonis	alpestre-2	nuttallianum-7_9	0.052899	1.06296	0.287802	0.00626118	411.002	45.5441	40.9677
nuttallianum-7_9	alpestre-2	scaposum	0.167376	4.40767	1.04488e-05	0.049264	108.199	147.75	105.382
scopulorum	alpestre-2	nuttallianum-7_9	0.119609	2.41313	0.0158162	0.0177111	296.672	57.8699	45.5054
stachydeum	alpestre-2	nuttallianum-7_9	0.167245	3.31192	0.000926569	0.0416831	166.228	95.6134	68.2141
alpestre-2	nuttallianum-7_9	trolliifolium	0.108079	2.82851	0.00467653	0.0278679	210.36	136.006	109.475
nuttallianum-7_9	viridescens	alpestre-2	0.419244	10.453	2.3e-16	0.14495	136.263	161.975	66.2801
nuttallianum-7_9	xantholeucum	alpestre-2	0.20243	5.31118	1.08918e-07	0.0634148	246.689	130.643	86.6555
occidentale	alpestre-2	parryi	0.109705	2.16979	0.0300228	0.00789826	158.494	76.4797	61.3582
alpestre-2	occidentale	patens	0.0059017	0.101884	0.918849	0.000666768	674.177	38.7639	38.309
alpestre-2	ramosum-1_5	occidentale	0.0608583	1.33466	0.181989	0.0132296	190.596	75.2798	66.6427
alpestre-2	ramosum-3	occidentale	0.0714026	1.37973	0.167669	0.0100976	468.516	48.5582	42.0859
alpestre-2	ramosum-4_10	occidentale	0.0011458	0.0256499	0.979537	0.000252106	171.695	73.571	73.4026
alpestre-2	sapellonis	occidentale	0.0765253	1.61384	0.106562	0.014298	277.701	67.1874	57.6353
occidentale	alpestre-2	scaposum	0.00771006	0.162908	0.870591	0.00132467	193.349	75.7882	74.6285
scopulorum	alpestre-2	occidentale	0.0374948	0.814294	0.415476	0.00807004	164.227	71.0014	65.8695
alpestre-2	occidentale	stachydeum	0.0196353	0.363115	0.716519	0.00209441	143.79	69.5087	66.8316
occidentale	alpestre-2	trolliifolium	0.105082	2.12229	0.0338137	0.01275	337.902	68.4294	55.4155
occidentale	alpestre-2	viridescens	0.00485915	0.0953627	0.924027	0.000570369	135.155	79.7031	78.9323
occidentale	alpestre-2	xantholeucum	0.0333181	0.707711	0.479125	0.00491322	196.205	75.8113	70.9225
parryi	alpestre-2	patens	0.0794751	1.5706	0.116275	0.0169866	537.799	71.4028	60.8889
ramosum-1_5	alpestre-2	parryi	0.0119977	0.224632	0.822266	0.00058347	247.049	48.3984	47.2509
ramosum-3	alpestre-2	parryi	0.038435	0.618666	0.536136	0.00123016	488.049	31.3333	29.0139
ramosum-4_10	alpestre-2	parryi	0.0758501	1.4731	0.140725	0.00410446	229.698	57.9028	49.7382
alpestre-2	sapellonis	parryi	0.00914811	0.167757	0.866774	0.000390425	317.651	42.3247	41.5573
parryi	alpestre-2	scaposum	0.200374	4.57537	4.75372e-06	0.0497199	142.464	122.174	81.386
alpestre-2	scopulorum	parryi	0.0165463	0.318096	0.750412	0.000878932	217.789	51.7303	50.0463
parryi	alpestre-2	stachydeum	0.275578	5.60979	2.02576e-08	0.0429379	101.73	115.959	65.8553
parryi	alpestre-2	trolliifolium	0.282025	6.20512	5.46564e-10	0.0550687	274.044	119.516	66.9329
parryi	alpestre-2	viridescens	0.306233	6.49777	8.15186e-11	0.0497592	103.516	131.919	70.0648
parryi	alpestre-2	xantholeucum	0.228076	5.21856	1.80315e-07	0.0487272	148.984	124.208	78.0726
ramosum-1_5	alpestre-2	patens	0.124682	2.09835	0.0358744	0.0101338	811.153	31.4618	24.4861
alpestre-2	ramosum-3	patens	0.0422334	0.580624	0.561494	0.00226987	1078.31	19.0226	17.4809
ramosum-4_10	alpestre-2	patens	0.182537	3.15054	0.0016297	0.0163355	773.353	37.1042	25.6493
sapellonis	alpestre-2	patens	0.0680238	1.07464	0.282535	0.00495994	893.237	27.7352	24.2023
alpestre-2	scaposum	patens	0.022226	0.445043	0.656289	0.00356576	539.839	52.6997	50.408
scopulorum	alpestre-2	patens	0.162524	2.6754	0.007464	0.013672	760.382	33.0451	23.8056
alpestre-2	stachydeum	patens	0.0101047	0.164088	0.869662	0.00150505	544.219	47.7257	46.7708
alpestre-2	trolliifolium	patens	0.201215	4.51523	6.32467e-06	0.0547344	401.028	105.694	70.2847
alpestre-2	viridescens	patens	0.119584	1.99087	0.046495	0.0188124	559.188	56.0764	44.0972
xantholeucum	alpestre-2	patens	0.0438386	0.866775	0.386066	0.00827413	542.937	63.1858	57.8785
alpestre-2	ramosum-3	ramosum-1_5	0.0646451	1.43075	0.152501	0.0198807	381.887	66.7912	58.6801
ramosum-1_5	alpestre-2	ramosum-4_10	0.0343271	0.865527	0.38675	0.0144725	125.843	95.3485	89.0197
alpestre-2	sapellonis	ramosum-1_5	0.0504825	1.25617	0.209054	0.021676	187.793	97.8486	88.4441
alpestre-2	ramosum-1_5	scaposum	0.0385188	0.778406	0.43633	0.00465196	279.312	56.9653	52.7396
scopulorum	alpestre-2	ramosum-1_5	0.259894	6.20876	5.34045e-10	0.10702	100.031	120.335	70.6889
alpestre-2	ramosum-1_5	stachydeum	0.04507	0.817725	0.413514	0.00357422	241.705	54.2254	49.5483
ramosum-1_5	alpestre-2	trolliifolium	0.115747	2.21958	0.0264472	0.0104314	452.693	52.9673	41.9777
ramosum-1_5	alpestre-2	viridescens	0.086066	1.58243	0.113551	0.00690074	228.587	59.2063	49.8226
ramosum-1_5	alpestre-2	xantholeucum	0.062866	1.27723	0.20152	0.00584491	291.587	51.7332	45.6134
alpestre-2	ramosum-3	ramosum-4_10	0.0037571	0.0845208	0.932642	0.00106747	405.78	58.6274	58.1885
alpestre-2	ramosum-3	sapellonis	0.131376	3.22456	0.00126164	0.0537229	294.467	83.8451	64.3728
alpestre-2	ramosum-3	scaposum	0.139688	2.29113	0.0219559	0.0101043	543.035	36.1198	27.2656
ramosum-3	alpestre-2	scopulorum	0.087104	1.72466	0.0845883	0.0138085	369.175	56.7691	47.6719
alpestre-2	ramosum-3	stachydeum	0.179261	2.7001	0.00693183	0.00944194	487.644	39.151	27.2483
ramosum-3	alpestre-2	trolliifolium	0.0666563	1.08577	0.277581	0.00436672	707.123	35.7274	31.2622
alpestre-2	ramosum-3	viridescens	0.0346127	0.543334	0.5869	0.0016367	479.589	32.901	30.6997
ramosum-3	alpestre-2	xantholeucum	0.0914072	1.6021	0.109134	0.00634248	538.495	38.0382	31.6667
sapellonis	alpestre-2	ramosum-4_10	0.0974346	2.40072	0.0163629	0.0358216	222.12	90.8748	74.7384
alpestre-2	ramosum-4_10	scaposum	0.102303	2.08479	0.0370885	0.0114967	265.488	57.4078	46.7519
scopulorum	alpestre-2	ramosum-4_10	0.0825866	2.03479	0.0418721	0.0389487	108.474	107.854	91.3982
ramosum-4_10	alpestre-2	stachydeum	0.0245441	0.454949	0.649146	0.00197282	220.395	54.6427	52.0247
ramosum-4_10	alpestre-2	trolliifolium	0.16323	3.26158	0.00110795	0.0147851	428.775	56.2584	40.4695
ramosum-4_10	alpestre-2	viridescens	0.0164304	0.307042	0.758811	0.00136546	205.869	57.9535	56.0799
ramosum-4_10	alpestre-2	xantholeucum	0.062795	1.29593	0.194999	0.00640145	275.621	57.8706	51.032
alpestre-2	sapellonis	scaposum	0.115911	2.16385	0.0304762	0.0111653	365.112	49.8999	39.5336
alpestre-2	sapellonis	scopulorum	0.0392113	0.906416	0.364716	0.00943964	181.511	84.7539	78.3581
alpestre-2	sapellonis	stachydeum	0.0962437	1.66093	0.0967279	0.00637161	315.573	47.6771	39.3056
sapellonis	alpestre-2	trolliifolium	0.139661	2.63414	0.00843508	0.0110225	532.351	47.2471	35.6672
sapellonis	alpestre-2	viridescens	0.110314	1.98001	0.0477022	0.00779437	307.215	54.2219	43.4476
sapellonis	alpestre-2	xantholeucum	0.0842816	1.65123	0.0986925	0.00718158	373.098	48.9919	41.3756
alpestre-2	scopulorum	scaposum	0.116936	2.26629	0.0234336	0.0133306	253.529	55.6434	43.9923
stachydeum	alpestre-2	scaposum	0.209448	4.1028	4.08178e-05	0.0418055	138.763	102.657	67.1013
scaposum	alpestre-2	trolliifolium	0.0688695	1.59512	0.110685	0.0136932	243.206	103.239	89.9352
alpestre-2	viridescens	scaposum	0.125246	2.72515	0.00642716	0.0282196	139.843	102.789	79.9068
xantholeucum	alpestre-2	scaposum	0.108818	2.65752	0.00787169	0.02882	125.092	127.203	102.236
scopulorum	alpestre-2	stachydeum	0.00312119	0.0530546	0.957688	0.00024372	212.264	49.1013	48.7957
scopulorum	alpestre-2	trolliifolium	0.0857236	1.64914	0.0991193	0.00826524	407.74	51.9589	43.7541
scopulorum	alpestre-2	viridescens	0.0941454	1.68287	0.0923993	0.00792551	206.29	60.349	49.9635
scopulorum	alpestre-2	xantholeucum	0.100081	2.04696	0.0406624	0.0106236	261.558	58.9005	48.1834
stachydeum	alpestre-2	trolliifolium	0.0590696	1.12261	0.261604	0.00992992	255.94	83.794	74.4468
stachydeum	alpestre-2	viridescens	0.250661	4.4926	7.03595e-06	0.0337451	93.6632	108.365	64.9271
stachydeum	alpestre-2	xantholeucum	0.313171	6.32683	2.50249e-10	0.052769	141.352	108.549	56.7743
alpestre-2	viridescens	trolliifolium	0.0999353	1.97766	0.0479675	0.0177513	276.374	92.4086	75.6169
alpestre-2	xantholeucum	trolliifolium	0.172268	4.1324	3.58993e-05	0.0400469	241.556	132.678	93.6832
xantholeucum	viridescens	alpestre-2	0.2882	6.36734	1.92336e-10	0.0967397	175.829	136.372	75.353
andesicola	barbeyi	andersonii	0.0155141	0.311207	0.755644	0.00244398	200.05	56.5593	54.8312
andesicola	bicolor	andersonii	0.248659	6.09885	1.06834e-09	0.0721837	111.507	126.786	76.2895
brachycentrum	andesicola	andersonii	0.339186	7.45084	9.2745e-14	0.066842	186.12	103.648	51.1445
californicum	andesicola	andersonii	0.246842	4.6287	3.67975e-06	0.05552	138.42	94.5955	57.1406
cardinale	andesicola	andersonii	0.245122	4.53945	5.64023e-06	0.0532291	161.335	89.4132	54.2083
carolinianum	andesicola	andersonii	0.111252	1.97191	0.0486199	0.0197245	171.403	62.2205	49.7622
andesicola	distichum-1_5	andersonii	0.160852	3.67934	0.000233837	0.0401521	145.11	102.246	73.9108
andesicola	distichum-2_6	andersonii	0.286939	7.79889	6.24533e-15	0.102932	108.305	162.077	89.8029
exaltatum	andesicola	andersonii	0.0651165	1.04547	0.295805	0.00817841	166.983	43.8177	38.4601
geraniifolium	andesicola	andersonii	0.0954089	1.67523	0.0938884	0.0100973	277.502	40.3038	33.283
andesicola	geyeri	andersonii	0.0603663	1.1693	0.242281	0.00912021	189.312	57.4235	50.8853
andesicola	glaucescens	andersonii	0.0759994	1.47847	0.139282	0.0124107	189.215	62.3837	53.5712
glaucum-1_2	andesicola	andersonii	0.0433931	0.721275	0.47074	0.00576439	182.222	46.8588	42.9612
glaucum-3_4	andesicola	andersonii	0.061239	1.17549	0.239799	0.00825111	186.706	52.545	46.4808
gypsophilum	andesicola	andersonii	0.433165	10.6363	2.3e-16	0.119278	153.144	149.639	59.184
hesperium	andesicola	andersonii	0.319872	6.6522	2.88742e-11	0.069032	151.523	99.3166	51.1777
andesicola	lineapetalum	andersonii	0.221036	5.09273	3.52942e-07	0.0690825	118.747	130.048	82.9644
andesicola	multiplex	andersonii	0.111596	2.80671	0.00500508	0.0268	138.612	98.2271	78.5045
novomexicanum	andesicola	andersonii	0.0365737	0.613761	0.539373	0.00346369	350.776	35.3537	32.8589
andesicola	andersonii	nudicaule	0.0121649	0.255873	0.798049	0.00262558	240.583	74.0313	72.2517
andesicola	nuttallianum-14	andersonii	0.251154	5.89674	3.70755e-09	0.0808408	102.487	130.586	78.1589
andesicola	nuttallianum-7_9	andersonii	0.325717	8.9196	2.3e-16	0.126919	95.934	179.108	91.0972
andesicola	occidentale	andersonii	0.0519561	1.00467	0.315058	0.00765072	191.083	53.9217	48.5953
parryi	andesicola	andersonii	0.272836	5.53584	3.09735e-08	0.063064	154.846	98.2124	56.1082
andesicola	andersonii	patens	0.085883	1.70678	0.087863	0.0194342	398.085	63.8663	53.7639
ramosum-1_5	andesicola	andersonii	0.00563214	0.104618	0.916679	0.000662886	261.638	42.9332	42.4523
andesicola	ramosum-3	andersonii	0.0064526	0.104379	0.916868	0.000735149	318.03	39.8064	39.296
ramosum-4_10	andesicola	andersonii	0.0743932	1.39704	0.162401	0.00844196	241.249	44.6351	38.4538
sapellonis	andesicola	andersonii	0.102113	1.78491	0.0742755	0.00886783	366.816	34.8902	28.4249
andersonii	scaposum	andesicola	0.255817	6.22459	4.82825e-10	0.0739537	187.18	121.78	72.1657
scopulorum	andesicola	andersonii	0.00209527	0.0373575	0.9702	0.000232934	265.336	38.1949	38.0352
stachydeum	andesicola	andersonii	0.0878999	1.61695	0.105888	0.0175552	135.311	73.3785	61.5208
andesicola	andersonii	trolliifolium	0.0994703	2.23502	0.025416	0.0239218	172.535	102.156	83.6719
andesicola	viridescens	andersonii	0.200984	4.02005	5.81848e-05	0.0446646	132.509	87.1846	58.0041
andesicola	xantholeucum	andersonii	0.178464	4.22646	2.37402e-05	0.0553436	118.488	124.129	86.5331
barbeyi	bicolor	andersonii	0.201243	5.08325	3.71035e-07	0.060301	140.64	128.827	85.6626
brachycentrum	barbeyi	andersonii	0.287326	6.88805	5.65616e-12	0.0661339	199.206	117.693	65.1559
californicum	barbeyi	andersonii	0.236054	4.85191	1.2228e-06	0.0595955	141.079	106.851	66.0394
cardinale	barbeyi	andersonii	0.26347	5.40138	6.61317e-08	0.0655413	153.345	105.318	61.3942
carolinianum	barbeyi	andersonii	0.122353	2.46857	0.0135654	0.0252979	161.678	74.1855	58.0109
barbeyi	distichum-1_5	andersonii	0.114573	2.81617	0.00486004	0.0331098	150.99	115.48	91.7387
barbeyi	distichum-2_6	andersonii	0.272882	7.64585	2.07569e-14	0.104042	131.916	173.865	99.3182
exaltatum	barbeyi	andersonii	0.058756	1.09308	0.274361	0.00837349	167.427	49.9573	44.4125
geraniifolium	barbeyi	andersonii	0.0605043	1.20744	0.227263	0.00978588	191.896	59.6279	52.824
barbeyi	geyeri	andersonii	0.0523113	1.13311	0.257167	0.00881872	203.537	64.4177	58.0132
barbeyi	glaucescens	andersonii	0.0435819	0.935814	0.349369	0.00755237	234.756	66.1074	60.5859
glaucum-1_2	barbeyi	andersonii	0.0199363	0.374251	0.708217	0.00312464	181.084	54.3307	52.2068
glaucum-3_4	barbeyi	andersonii	0.105846	2.2291	0.025807	0.0166149	201.356	65.26	52.7672
gypsophilum	barbeyi	andersonii	0.43576	11.7195	2.3e-16	0.133119	149.905	171.105	67.2424
hesperium	barbeyi	andersonii	0.290703	6.50023	8.01947e-11	0.0700645	152.047	110.424	60.6829
barbeyi	lineapetalum	andersonii	0.204257	5.04769	4.4719e-07	0.0679995	129.232	139.508	92.1832
barbeyi	multiplex	andersonii	0.126496	3.34744	0.000815604	0.0333263	163.484	113.46	87.9786
novomexicanum	barbeyi	andersonii	0.0444536	0.884712	0.376312	0.0068622	193.225	57.7472	52.8316
barbeyi	andersonii	nudicaule	0.0331941	0.751508	0.452347	0.00766524	247.813	83.375	78.0177
barbeyi	nuttallianum-14	andersonii	0.269606	6.66614	2.6262e-11	0.0879785	110.111	136.233	78.374
barbeyi	nuttallianum-7_9	andersonii	0.308551	8.61967	2.3e-16	0.122152	109.533	181.395	95.8504
barbeyi	occidentale	andersonii	0.00265573	0.0575789	0.954084	0.000438605	261.427	59.1224	58.8092
parryi	barbeyi	andersonii	0.28468	6.21244	5.21681e-10	0.0739606	148.572	116.076	64.6322
barbeyi	andersonii	patens	0.192332	4.03158	5.5404e-05	0.0455628	410.712	77.2064	52.2984
ramosum-1_5	barbeyi	andersonii	0.0358927	0.753072	0.451407	0.00533602	203.912	56.2936	52.3925
barbeyi	ramosum-3	andersonii	0.0763778	1.4626	0.143578	0.0123153	192.373	60.8853	52.2447
ramosum-4_10	barbeyi	andersonii	0.0947516	2.01517	0.0438866	0.0128253	213.558	55.0275	45.5022
sapellonis	barbeyi	andersonii	0.0248062	0.505705	0.613064	0.00380096	198.812	57.0342	54.2731
andersonii	scaposum	barbeyi	0.183803	4.6544	3.24918e-06	0.0566822	205.869	120.749	83.2527
barbeyi	scopulorum	andersonii	0.0209112	0.432907	0.665082	0.00347853	183.406	59.094	56.6732
stachydeum	barbeyi	andersonii	0.10525	2.14682	0.0318078	0.0228614	148.217	81.2547	65.7794
barbeyi	andersonii	trolliifolium	0.147226	3.44847	0.000563776	0.0359033	182.062	114.385	85.0265
barbeyi	viridescens	andersonii	0.227307	4.89867	9.6486e-07	0.0581073	141.065	105.498	66.4197
barbeyi	xantholeucum	andersonii	0.139054	3.44129	0.000578955	0.0442986	121.068	125.382	94.7688
brachycentrum	bicolor	andersonii	0.415304	11.5322	2.3e-16	0.143738	133.615	195.92	80.9392
californicum	bicolor	andersonii	0.357966	8.76483	2.3e-16	0.123767	114.551	161.124	76.1781
cardinale	bicolor	andersonii	0.355257	8.99915	2.3e-16	0.121991	107.972	154.946	73.7131
carolinianum	bicolor	andersonii	0.244593	5.95953	2.52963e-09	0.0839213	113.453	134.592	81.6905
distichum-1_5	bicolor	andersonii	0.0891589	2.40066	0.0163657	0.029644	157.428	126.851	106.082
bicolor	distichum-2_6	andersonii	0.112154	3.29205	0.000994586	0.0444583	174.912	152.747	121.94
exaltatum	bicolor	andersonii	0.252447	5.80508	6.43369e-09	0.070042	110.795	114.121	68.1159
geraniifolium	bicolor	andersonii	0.269095	6.74609	1.51884e-11	0.0817603	114.863	131.995	76.0195
geyeri	bicolor	andersonii	0.206541	5.18552	2.15416e-07	0.0605195	137.579	127.061	83.5595
glaucescens	bicolor	andersonii	0.210665	5.40396	6.51843e-08	0.0597403	138.53	122.46	79.842
glaucum-1_2	bicolor	andersonii	0.26498	6.40458	1.50784e-10	0.0740838	122.283	118.974	69.1299
glaucum-3_4	bicolor	andersonii	0.27973	7.2109	5.55851e-13	0.0776892	131.485	131.476	73.9987
gypsophilum	bicolor	andersonii	0.508326	15.5098	2.3e-16	0.204417	112.201	240.427	78.3727
hesperium	bicolor	andersonii	0.397592	10.4122	2.3e-16	0.139203	114.577	174.634	75.273
bicolor	lineapetalum	andersonii	0.0318083	0.838556	0.401719	0.0115886	170.333	125.53	117.79
multiplex	bicolor	andersonii	0.107848	3.0998	0.0019365	0.0351295	153.546	135.7	109.28
novomexicanum	bicolor	andersonii	0.260606	6.47256	9.63593e-11	0.0758928	118.24	129.383	75.8878
andersonii	bicolor	nudicaule	0.0248946	0.598289	0.549647	0.00558208	302.081	81.5883	77.6248
bicolor	nuttallianum-14	andersonii	0.0264452	0.686003	0.492711	0.00936744	177.547	114.993	109.068
bicolor	nuttallianum-7_9	andersonii	0.129202	3.85574	0.000115382	0.0515287	180.005	151.808	117.069
occidentale	bicolor	andersonii	0.219331	5.58697	2.31072e-08	0.0637519	137.135	123.656	79.1701
parryi	bicolor	andersonii	0.369516	9.65502	2.3e-16	0.138146	111.477	173.727	79.9787
bicolor	andersonii	patens	0.0385443	0.851231	0.394641	0.00909085	462.56	63.5013	58.7878
ramosum-1_5	bicolor	andersonii	0.250664	6.40063	1.54735e-10	0.0707498	120.003	126.329	75.6901
ramosum-3	bicolor	andersonii	0.222672	5.28696	1.24367e-07	0.063911	118.728	119.089	75.7122
ramosum-4_10	bicolor	andersonii	0.294139	7.55307	4.25114e-14	0.0834461	121.068	134.179	73.1853
sapellonis	bicolor	andersonii	0.259005	6.44881	1.12728e-10	0.0732778	121.301	127.11	74.8112
scaposum	andersonii	bicolor	0.0878413	2.35746	0.0184003	0.0250313	207.158	126.594	106.149
scopulorum	bicolor	andersonii	0.248197	6.23806	4.43042e-10	0.075469	112.118	128.97	77.6801
stachydeum	bicolor	andersonii	0.285296	7.00493	2.47111e-12	0.0934214	96.7374	141.008	78.4093
andersonii	bicolor	trolliifolium	0.014447	0.365795	0.714518	0.00368576	223.789	102.463	99.5444
viridescens	bicolor	andersonii	0.0563228	1.3706	0.170498	0.0179743	140.755	106.815	95.4239
xantholeucum	bicolor	andersonii	0.0546153	1.46143	0.143898	0.0191923	167.9	126.973	113.822
brachycentrum	californicum	andersonii	0.127746	2.7446	0.00605849	0.0377452	165.931	120.803	93.4349
brachycentrum	cardinale	andersonii	0.108219	2.37879	0.0173697	0.0301185	156.348	108.174	87.0477
brachycentrum	carolinianum	andersonii	0.307457	6.76029	1.3772e-11	0.0793997	163.428	119.081	63.0755
brachycentrum	distichum-1_5	andersonii	0.38153	10.1687	2.3e-16	0.124448	166.379	182.999	81.9232
brachycentrum	distichum-2_6	andersonii	0.438862	13.3744	2.3e-16	0.18774	131.442	248.387	96.8676
brachycentrum	exaltatum	andersonii	0.278376	5.78598	7.20908e-09	0.0534304	184.481	88.0781	49.7188
brachycentrum	geraniifolium	andersonii	0.293521	6.44378	1.1653e-10	0.0619393	182.688	103.853	56.7211
brachycentrum	geyeri	andersonii	0.321522	7.41284	1.23623e-13	0.0701248	199.933	116.267	59.6921
brachycentrum	glaucescens	andersonii	0.370828	8.78401	2.3e-16	0.0858369	237.189	127.314	58.4334
brachycentrum	glaucum-1_2	andersonii	0.307473	6.55528	5.5538e-11	0.0609371	197.672	96.0648	50.8825
brachycentrum	glaucum-3_4	andersonii	0.312696	7.34565	2.04762e-13	0.0576721	248.662	99.3707	52.0286
gypsophilum	brachycentrum	andersonii	0.101295	2.59823	0.00937049	0.0363446	160.24	156.306	127.553
brachycentrum	hesperium	andersonii	0.0228419	0.523595	0.60056	0.00641818	162.805	104.718	100.041
brachycentrum	lineapetalum	andersonii	0.395171	10.5205	2.3e-16	0.147534	132.835	200.303	86.8346
brachycentrum	multiplex	andersonii	0.354869	9.97279	2.3e-16	0.108023	162.822	174.822	83.2429
brachycentrum	novomexicanum	andersonii	0.315124	7.06971	1.55258e-12	0.062077	182.414	100.092	52.1246
brachycentrum	andersonii	nudicaule	0.245067	5.86218	4.56826e-09	0.0736213	255.035	145.059	87.9553
brachycentrum	nuttallianum-14	andersonii	0.42734	11.6017	2.3e-16	0.163543	115.06	202.984	81.4388
brachycentrum	nuttallianum-7_9	andersonii	0.448353	13.754	2.3e-16	0.200765	101.883	256.199	97.5805
brachycentrum	occidentale	andersonii	0.39639	9.24005	2.3e-16	0.0841263	266.767	116.716	50.4523
brachycentrum	parryi	andersonii	0.103525	2.34695	0.0189279	0.0320284	155.212	122.649	99.6372
brachycentrum	andersonii	patens	0.380958	8.94067	2.3e-16	0.106321	410.233	113.906	51.0608
brachycentrum	ramosum-1_5	andersonii	0.351282	8.15666	3.44451e-16	0.0692214	208.598	106.89	51.3153
brachycentrum	ramosum-3	andersonii	0.359181	7.85874	3.88014e-15	0.0732649	191.802	105.715	49.842
brachycentrum	ramosum-4_10	andersonii	0.305426	6.88811	5.65399e-12	0.0597988	205.04	103.45	55.0422
brachycentrum	sapellonis	andersonii	0.310364	7.0714	1.53384e-12	0.0610946	201.206	101.904	53.6313
andersonii	scaposum	brachycentrum	0.22589	5.62654	1.83865e-08	0.0614616	262.783	124.047	78.3318
brachycentrum	scopulorum	andersonii	0.323149	7.3321	2.26571e-13	0.0683926	175.403	106.75	54.6074
brachycentrum	stachydeum	andersonii	0.222011	4.95419	7.26322e-07	0.0590228	140.594	119.809	76.276
brachycentrum	andersonii	trolliifolium	0.344517	8.70711	2.3e-16	0.103966	181.209	180.713	88.1016
brachycentrum	viridescens	andersonii	0.421375	10.4479	2.3e-16	0.120373	146.235	149.454	60.8409
brachycentrum	xantholeucum	andersonii	0.362924	9.86782	2.3e-16	0.134571	125.657	197.204	92.1797
cardinale	californicum	andersonii	0.029029	0.540733	0.588692	0.00607438	222.387	66.7118	62.9479
californicum	carolinianum	andersonii	0.0913894	1.73248	0.0831882	0.0243771	139.37	87.5139	72.8576
californicum	distichum-1_5	andersonii	0.2272	5.46273	4.68875e-08	0.0751591	127.407	139.732	87.9931
californicum	distichum-2_6	andersonii	0.334548	8.9853	2.3e-16	0.135281	121.903	185.753	92.6232
californicum	exaltatum	andersonii	0.166692	2.88826	0.0038738	0.0367443	134.96	79.2986	56.6389
californicum	geraniifolium	andersonii	0.143916	2.68577	0.00723628	0.0329442	141.089	83.7352	62.6658
californicum	geyeri	andersonii	0.233485	4.72887	2.25776e-06	0.058792	138.425	106.021	65.8837
californicum	glaucescens	andersonii	0.280521	5.83939	5.23919e-09	0.0741416	132.753	116.307	65.349
californicum	glaucum-1_2	andersonii	0.176548	3.18906	0.00142736	0.0399398	142.562	85.0553	59.5292
californicum	glaucum-3_4	andersonii	0.182242	3.70331	0.0002128	0.0412984	149.704	94.5655	65.411
gypsophilum	californicum	andersonii	0.284687	6.86405	6.69354e-12	0.0791401	227.683	130.764	72.8096
hesperium	californicum	andersonii	0.0967609	1.91718	0.0552148	0.0172145	375.112	64.6238	53.2211
californicum	lineapetalum	andersonii	0.290599	6.92593	4.33112e-12	0.106112	110.334	156.76	86.1658
californicum	multiplex	andersonii	0.258742	6.56882	5.07155e-11	0.0814222	129	144.141	84.8829
californicum	novomexicanum	andersonii	0.226402	4.3172	1.5802e-05	0.0506653	142.264	93.6254	59.0577
andersonii	californicum	nudicaule	0.0692367	1.52698	0.126766	0.0211579	210.828	103.049	89.7031
californicum	nuttallianum-14	andersonii	0.337835	8.1466	3.74267e-16	0.12785	98.5512	159.185	78.7891
californicum	nuttallianum-7_9	andersonii	0.362656	10.0048	2.3e-16	0.15821	96.5252	198.404	92.7977
californicum	occidentale	andersonii	0.260554	5.30119	1.15052e-07	0.0653802	137.828	105.054	61.6249
parryi	californicum	andersonii	0.0880296	1.77772	0.0754498	0.0210945	225.52	84.0081	70.4144
californicum	andersonii	patens	0.0303869	0.63393	0.526127	0.00916543	352.887	74.9705	70.5486
californicum	ramosum-1_5	andersonii	0.21973	4.31349	1.607e-05	0.0501411	152.441	95.8663	61.3264
californicum	ramosum-3	andersonii	0.263213	4.80519	1.54601e-06	0.058127	151.151	92.6597	54.0451
californicum	ramosum-4_10	andersonii	0.149656	2.9441	0.0032389	0.0338802	150.739	89.2392	66.0059
californicum	sapellonis	andersonii	0.196276	3.7604	0.000169645	0.0442382	144.389	92.4653	62.1233
andersonii	scaposum	californicum	0.246403	5.71624	1.0891e-08	0.0321694	216.477	117.744	71.1901
californicum	scopulorum	andersonii	0.160469	3.06042	0.00221027	0.0367945	140.86	85.8707	62.1224
californicum	stachydeum	andersonii	0.0763651	1.42531	0.154068	0.0196385	135.063	86.3073	74.0608
californicum	andersonii	trolliifolium	0.145258	3.32712	0.00087747	0.0435654	158.834	126.279	94.2459
californicum	viridescens	andersonii	0.326059	6.81145	9.66227e-12	0.0987714	112.818	130.417	66.2818
californicum	xantholeucum	andersonii	0.232029	5.50385	3.71595e-08	0.0855545	106.937	150.154	93.5968
cardinale	carolinianum	andersonii	0.139271	2.60613	0.00915721	0.0373081	158.6	89.2159	67.4034
cardinale	distichum-1_5	andersonii	0.308451	7.36024	1.83583e-13	0.0976507	135.376	141.944	75.0208
cardinale	distichum-2_6	andersonii	0.400562	10.8959	2.3e-16	0.157163	99.9015	185.563	79.4206
cardinale	exaltatum	andersonii	0.201148	3.54258	0.000396239	0.0416846	145.924	75.908	50.4844
cardinale	geraniifolium	andersonii	0.164899	3.03372	0.00241558	0.0346303	161.344	79.1181	56.7188
cardinale	geyeri	andersonii	0.247247	5.06064	4.17843e-07	0.0576211	150.973	98.1102	59.2127
cardinale	glaucescens	andersonii	0.27488	5.74025	9.45371e-09	0.0675029	155.567	104.664	59.5301
cardinale	glaucum-1_2	andersonii	0.197309	3.61396	0.00030156	0.0434916	156.869	84.2541	56.485
cardinale	glaucum-3_4	andersonii	0.21422	4.24372	2.19849e-05	0.0447471	159.895	87.0291	56.3207
gypsophilum	cardinale	andersonii	0.252084	5.8967	3.70854e-09	0.0596445	325.688	104.444	62.388
hesperium	cardinale	andersonii	0.0332456	0.665404	0.505792	0.00713325	247.867	70.4138	65.8825
cardinale	lineapetalum	andersonii	0.364224	8.82119	2.3e-16	0.130804	127.578	163.108	76.0139
cardinale	multiplex	andersonii	0.281419	7.23331	4.71375e-13	0.0845772	133.332	136.655	76.632
cardinale	novomexicanum	andersonii	0.226245	4.23851	2.25008e-05	0.0497949	159.712	89.4345	56.4327
andersonii	cardinale	nudicaule	0.00181189	0.039815	0.968241	0.000561329	188.699	94.5512	94.2092
cardinale	nuttallianum-14	andersonii	0.399522	9.6802	2.3e-16	0.141772	107.154	156.461	67.1311
cardinale	nuttallianum-7_9	andersonii	0.411883	11.5925	2.3e-16	0.175816	98.7493	200.989	83.7215
cardinale	occidentale	andersonii	0.282768	5.74646	9.11321e-09	0.0670811	156.723	100.365	56.117
parryi	cardinale	andersonii	0.0648559	1.29708	0.194605	0.0137244	330.064	70.3785	61.8056
cardinale	andersonii	patens	0.097719	2.01203	0.0442163	0.0282805	361.286	78.0781	64.1771
cardinale	ramosum-1_5	andersonii	0.263937	5.24281	1.58146e-07	0.0553902	166.89	89.27	51.987
cardinale	ramosum-3	andersonii	0.288763	5.15633	2.51841e-07	0.0610692	160.905	88.184	48.6667
cardinale	ramosum-4_10	andersonii	0.227434	4.4023	1.07108e-05	0.0470104	166.426	86.8712	54.6781
cardinale	sapellonis	andersonii	0.213205	4.13383	3.56763e-05	0.0449501	163.575	86.0663	55.8163
andersonii	scaposum	cardinale	0.270491	6.63735	3.19364e-11	0.0372453	213.569	123.744	71.0532
cardinale	scopulorum	andersonii	0.232391	4.34934	1.36546e-05	0.0482739	159.856	81.0885	50.5069
cardinale	stachydeum	andersonii	0.136732	2.57202	0.0101107	0.0349078	132.148	89.0243	67.6076
cardinale	andersonii	trolliifolium	0.16295	3.73761	0.000185778	0.0494117	155.273	125.818	90.5596
cardinale	viridescens	andersonii	0.372735	7.75664	8.72089e-15	0.104587	123.617	121.682	55.6019
cardinale	xantholeucum	andersonii	0.310888	7.39766	1.38609e-13	0.10913	123.627	150.279	78.999
carolinianum	distichum-1_5	andersonii	0.142295	3.27358	0.00106194	0.0431914	134.383	112.256	84.2888
carolinianum	distichum-2_6	andersonii	0.31311	8.15373	3.52908e-16	0.127206	104.861	167.135	87.4286
carolinianum	exaltatum	andersonii	0.0320777	0.540988	0.588516	0.00542393	176.707	52.5625	49.2951
carolinianum	geraniifolium	andersonii	0.0556035	1.01183	0.31162	0.010676	165.814	61.5677	55.0816
carolinianum	geyeri	andersonii	0.0819049	1.5974	0.110176	0.0173364	182.41	74.0729	62.8576
carolinianum	glaucescens	andersonii	0.0927562	1.87262	0.0611209	0.0209992	165.146	79.3681	65.8941
carolinianum	glaucum-1_2	andersonii	0.061566	1.06271	0.287912	0.0117647	168.749	61.0231	53.945
carolinianum	glaucum-3_4	andersonii	0.0228303	0.434722	0.663764	0.00407206	177.15	59.6185	56.957
gypsophilum	carolinianum	andersonii	0.327366	7.73383	1.04359e-14	0.107496	156.612	149.228	75.6204
hesperium	carolinianum	andersonii	0.200936	4.14771	3.3582e-05	0.0489166	159.575	90.0139	59.8924
carolinianum	lineapetalum	andersonii	0.259747	6.01297	1.82154e-09	0.0929116	119.542	140.016	82.276
carolinianum	multiplex	andersonii	0.171252	4.19428	2.73741e-05	0.0456966	133.776	104.137	73.6846
carolinianum	novomexicanum	andersonii	0.0882337	1.60824	0.107782	0.0162537	167.692	62.9631	52.753
carolinianum	andersonii	nudicaule	0.0293242	0.614074	0.539166	0.00794689	212.878	84.3715	79.5642
carolinianum	nuttallianum-14	andersonii	0.222215	5.21768	1.81177e-07	0.0827406	103.168	138.506	88.1415
carolinianum	nuttallianum-7_9	andersonii	0.310506	8.4074	2.3e-16	0.136857	93.4332	182.275	95.9002
carolinianum	occidentale	andersonii	0.098191	1.9358	0.0528922	0.0210978	171.605	74.1344	60.8775
parryi	carolinianum	andersonii	0.198121	4.10081	4.11699e-05	0.0531681	153.461	99.6985	66.7263
carolinianum	andersonii	patens	0.146992	2.8548	0.00430636	0.0378966	354.177	70.9931	52.7969
carolinianum	ramosum-1_5	andersonii	0.0816874	1.55641	0.11961	0.0143018	175.051	61.6341	52.3251
carolinianum	ramosum-3	andersonii	0.118963	2.02475	0.0428935	0.0223642	173.543	65.3194	51.4306
carolinianum	ramosum-4_10	andersonii	0.00675084	0.128496	0.897756	0.00124324	183.431	60.7134	59.8991
carolinianum	sapellonis	andersonii	0.0278918	0.510299	0.609842	0.00504895	178.644	60.2378	56.9688
andersonii	scaposum	carolinianum	0.227997	5.38612	7.19954e-08	0.0276939	184.922	115.238	72.4466
carolinianum	scopulorum	andersonii	0.0583633	1.12544	0.260404	0.0114853	172.174	64.697	57.5616
carolinianum	stachydeum	andersonii	0.0278554	0.538518	0.59022	0.00742539	127.465	82.3837	77.9184
carolinianum	andersonii	trolliifolium	0.0866271	1.94296	0.052021	0.0262402	168.676	113.166	95.1224
carolinianum	viridescens	andersonii	0.278613	5.63691	1.73127e-08	0.0728015	124.36	101.664	57.3582
carolinianum	xantholeucum	andersonii	0.191478	4.50901	6.51303e-06	0.0686331	117.003	134.254	91.1034
distichum-1_5	distichum-2_6	andersonii	0.19131	5.63707	1.72965e-08	0.070554	192.866	155.466	105.534
exaltatum	distichum-1_5	andersonii	0.216178	4.84573	1.26145e-06	0.0545101	132.062	102.17	65.8483
geraniifolium	distichum-1_5	andersonii	0.202395	4.76507	1.88787e-06	0.0507878	146.194	105.735	70.1387
geyeri	distichum-1_5	andersonii	0.128882	3.16445	0.00155377	0.0349802	151.014	112.079	86.4876
glaucescens	distichum-1_5	andersonii	0.14194	3.61809	0.000296784	0.0410368	150.839	120.032	90.1927
glaucum-1_2	distichum-1_5	andersonii	0.160086	3.69546	0.000219491	0.0420234	155.918	105.066	76.0691
glaucum-3_4	distichum-1_5	andersonii	0.192431	4.62777	3.6963e-06	0.047981	152.003	112.379	76.1084
gypsophilum	distichum-1_5	andersonii	0.43535	12.1808	2.3e-16	0.16567	143.649	222.402	87.4902
hesperium	distichum-1_5	andersonii	0.335036	8.38846	2.3e-16	0.104406	146.107	149.468	74.4479
distichum-1_5	lineapetalum	andersonii	0.111373	2.95568	0.00311982	0.0346398	216.116	121.106	96.8336
multiplex	distichum-1_5	andersonii	0.0443463	1.31138	0.18973	0.00957349	491.839	86.5737	79.2213
novomexicanum	distichum-1_5	andersonii	0.16054	3.774	0.000160652	0.0422207	144.169	108.359	78.38
distichum-1_5	andersonii	nudicaule	0.0747299	1.81754	0.0691345	0.0182896	293	94.5859	81.4321
distichum-1_5	nuttallianum-14	andersonii	0.146609	3.83671	0.000124695	0.0483804	201.423	124.692	92.8051
distichum-1_5	nuttallianum-7_9	andersonii	0.22625	6.91344	4.73051e-12	0.0919101	162.085	175.283	110.602
occidentale	distichum-1_5	andersonii	0.101279	2.50832	0.0121306	0.0284042	156.206	109.639	89.4735
parryi	distichum-1_5	andersonii	0.308129	7.69402	1.42585e-14	0.106378	141.806	158.421	83.7891
distichum-1_5	andersonii	patens	0.123002	2.86391	0.00418441	0.0310049	466.285	77.1118	60.2198
ramosum-1_5	distichum-1_5	andersonii	0.141025	3.35483	0.00079413	0.0359541	157.243	107.35	80.8141
ramosum-3	distichum-1_5	andersonii	0.103397	2.33666	0.019457	0.0278321	144.47	103.545	84.1387
ramosum-4_10	distichum-1_5	andersonii	0.183999	4.46254	8.09923e-06	0.0461203	152.447	109.987	75.802
sapellonis	distichum-1_5	andersonii	0.154605	3.67939	0.000233795	0.0397572	158.429	108.536	79.4694
andersonii	scaposum	distichum-1_5	0.157574	4.64917	3.33271e-06	0.0515693	216.29	158.128	115.078
scopulorum	distichum-1_5	andersonii	0.156948	3.70741	0.000209389	0.0412772	139.794	103.676	75.5474
stachydeum	distichum-1_5	andersonii	0.179538	4.19497	2.72903e-05	0.0560881	119.762	124.629	86.6892
distichum-1_5	andersonii	trolliifolium	0.0348959	0.910846	0.362376	0.00956807	215.609	111.764	104.226
distichum-1_5	viridescens	andersonii	0.0759852	1.71648	0.0860737	0.0165374	441.881	79.8296	68.5546
distichum-1_5	xantholeucum	andersonii	0.0426026	1.1625	0.245031	0.0132847	203.343	112.8	103.582
exaltatum	distichum-2_6	andersonii	0.31603	8.15875	3.38488e-16	0.11343	105.045	153.824	79.9458
geraniifolium	distichum-2_6	andersonii	0.33323	8.98017	2.3e-16	0.120565	101.419	166.969	83.5041
geyeri	distichum-2_6	andersonii	0.289139	7.97931	1.47148e-15	0.107028	128.174	172.072	94.8843
glaucescens	distichum-2_6	andersonii	0.264855	7.43636	1.03497e-13	0.0983857	132.726	167.181	97.1669
glaucum-1_2	distichum-2_6	andersonii	0.324476	8.79583	2.3e-16	0.113755	115.789	156.086	79.6089
glaucum-3_4	distichum-2_6	andersonii	0.313608	8.79022	2.3e-16	0.110854	117.809	172.227	89.9931
gypsophilum	distichum-2_6	andersonii	0.484833	15.365	2.3e-16	0.221869	114.035	267.562	92.8314
hesperium	distichum-2_6	andersonii	0.418042	11.8873	2.3e-16	0.170939	110.924	204.778	84.0399
lineapetalum	distichum-2_6	andersonii	0.0997921	2.84799	0.00439966	0.0377302	190.872	138.124	113.058
multiplex	distichum-2_6	andersonii	0.191313	5.7752	7.68617e-09	0.0687183	197.988	161.428	109.58
novomexicanum	distichum-2_6	andersonii	0.28482	7.55915	4.05706e-14	0.104384	100.679	166.981	92.9481
distichum-2_6	andersonii	nudicaule	0.041331	0.999197	0.317699	0.00898794	325.438	81.1181	74.6788
nuttallianum-14	distichum-2_6	andersonii	0.0801534	2.29863	0.0215257	0.0295165	214.484	124.057	105.646
distichum-2_6	nuttallianum-7_9	andersonii	0.0448352	1.4446	0.14857	0.0180057	249.326	138.407	126.529
occidentale	distichum-2_6	andersonii	0.274558	7.56748	3.80541e-14	0.105314	131.249	171.15	97.4135
parryi	distichum-2_6	andersonii	0.396403	11.282	2.3e-16	0.170331	114.441	206.906	89.4354
andersonii	distichum-2_6	patens	0.0393646	0.929401	0.352681	0.00927867	494.163	64.8171	59.9073
ramosum-1_5	distichum-2_6	andersonii	0.29112	8.00347	1.20954e-15	0.107323	115.308	171.729	94.2867
ramosum-3	distichum-2_6	andersonii	0.261468	6.98262	2.89724e-12	0.0974463	109.323	160.752	94.1126
ramosum-4_10	distichum-2_6	andersonii	0.341568	9.66318	2.3e-16	0.121982	112.888	176.814	86.7789
sapellonis	distichum-2_6	andersonii	0.317881	8.67825	2.3e-16	0.11201	114.571	166.517	86.1873
scaposum	andersonii	distichum-2_6	0.249834	7.09771	1.2684e-12	0.087217	218.225	167.789	100.709
scopulorum	distichum-2_6	andersonii	0.323551	8.85098	2.3e-16	0.116897	104.41	164.296	83.9694
stachydeum	distichum-2_6	andersonii	0.292237	7.84686	4.2659e-15	0.114148	101.215	169.751	92.9733
andersonii	distichum-2_6	trolliifolium	0.103958	2.71366	0.00665453	0.0284984	249.559	120.269	97.6178
viridescens	distichum-2_6	andersonii	0.152742	4.04045	5.33481e-05	0.0571302	150.561	137.988	101.42
xantholeucum	distichum-2_6	andersonii	0.186384	5.34239	9.17308e-08	0.068374	185.005	148.252	101.67
exaltatum	geraniifolium	andersonii	0.0251032	0.412596	0.679902	0.00318497	171.683	41.1901	39.1727
exaltatum	geyeri	andersonii	0.144438	2.58643	0.00969762	0.0195346	187.639	51.5226	38.5174
exaltatum	glaucescens	andersonii	0.131587	2.37797	0.0174084	0.0204717	164.569	58.3082	44.7474
exaltatum	glaucum-1_2	andersonii	0.0978233	1.44372	0.148818	0.0116974	211.74	41.4902	34.0961
exaltatum	glaucum-3_4	andersonii	0.0370255	0.637536	0.523776	0.00380895	219.915	36.2747	33.6845
gypsophilum	exaltatum	andersonii	0.349179	8.06969	7.04731e-16	0.0921786	147.41	123.033	59.349
hesperium	exaltatum	andersonii	0.222213	4.3418	1.41323e-05	0.0454957	140.682	80.5833	51.2813
exaltatum	lineapetalum	andersonii	0.250709	5.60744	2.05337e-08	0.0795279	120.036	126.337	75.6875
exaltatum	multiplex	andersonii	0.172256	4.12409	3.72207e-05	0.039775	134.098	92.9484	65.632
exaltatum	novomexicanum	andersonii	0.0113314	0.186425	0.852111	0.00147398	164.688	43.1532	42.1862
exaltatum	andersonii	nudicaule	0.0467939	0.932325	0.351169	0.0104834	208.927	73.7326	67.1406
exaltatum	nuttallianum-14	andersonii	0.298859	6.83271	8.33277e-12	0.093549	108.519	126.722	68.4062
exaltatum	nuttallianum-7_9	andersonii	0.334873	8.91095	2.3e-16	0.131151	93.7358	170.182	84.7966
exaltatum	occidentale	andersonii	0.0981331	1.76619	0.0773635	0.0143537	168.708	51.92	42.6405
parryi	exaltatum	andersonii	0.217143	4.27093	1.94664e-05	0.0492153	132.237	86.5411	55.6626
exaltatum	andersonii	patens	0.155133	2.95125	0.00316488	0.0382183	350.142	69.5938	50.901
exaltatum	ramosum-1_5	andersonii	0.0936536	1.64765	0.0994238	0.0115241	177.234	45.2509	37.5009
exaltatum	ramosum-3	andersonii	0.142834	2.21091	0.0270423	0.0188453	173.036	48.3125	36.2361
ramosum-4_10	exaltatum	andersonii	0.00408424	0.0700084	0.944187	0.000493281	179.679	40.6325	40.3019
exaltatum	sapellonis	andersonii	0.00229819	0.0392724	0.968673	0.000291081	176.906	42.401	42.2066
andersonii	scaposum	exaltatum	0.246338	5.65745	1.53634e-08	0.0490235	181.265	109.551	66.2458
exaltatum	scopulorum	andersonii	0.0393375	0.692581	0.488573	0.00518255	174.217	44.0122	40.6806
stachydeum	exaltatum	andersonii	0.0625185	1.06791	0.28556	0.0119656	122.927	62.4045	55.0608
exaltatum	andersonii	trolliifolium	0.0412957	0.888569	0.374235	0.0108035	158.29	97.776	90.0208
exaltatum	viridescens	andersonii	0.311551	5.93807	2.88405e-09	0.0681872	123.743	88.8212	46.6233
exaltatum	xantholeucum	andersonii	0.196313	4.45189	8.5117e-06	0.0594829	117.613	117.99	79.2661
geraniifolium	geyeri	andersonii	0.0816547	1.60736	0.107976	0.0132681	188.606	61.6684	52.3576
geraniifolium	glaucescens	andersonii	0.106436	2.13111	0.0330798	0.0188484	184.096	67.7142	54.6864
geraniifolium	glaucum-1_2	andersonii	0.0237184	0.409214	0.682383	0.00339917	186.874	48.8187	46.5566
geraniifolium	glaucum-3_4	andersonii	0.0215681	0.422088	0.672961	0.00299377	184.457	50.2018	48.082
gypsophilum	geraniifolium	andersonii	0.372135	9.08457	2.3e-16	0.105746	158.227	144.511	66.1259
hesperium	geraniifolium	andersonii	0.235665	4.88481	1.03528e-06	0.0531516	156.036	92.9366	57.487
geraniifolium	lineapetalum	andersonii	0.305432	7.27098	3.56889e-13	0.0974098	120.836	141.37	75.2174
geraniifolium	multiplex	andersonii	0.216364	5.52894	3.2218e-08	0.0512695	138.969	104.265	67.1722
geraniifolium	novomexicanum	andersonii	0.0603039	1.0495	0.293946	0.0069554	247.389	42.0488	37.2658
geraniifolium	andersonii	nudicaule	0.0132952	0.281513	0.778317	0.00314478	228.571	79.1263	77.0499
geraniifolium	nuttallianum-14	andersonii	0.265327	6.323	2.56536e-10	0.0876944	103.654	133.758	77.6623
geraniifolium	nuttallianum-7_9	andersonii	0.375969	10.4339	2.3e-16	0.148359	95.8199	185.693	84.2157
geraniifolium	occidentale	andersonii	0.125312	2.42403	0.0153495	0.0196053	189.404	60.3505	46.9096
parryi	geraniifolium	andersonii	0.221102	4.45467	8.4023e-06	0.0516322	150.273	92.0321	58.704
geraniifolium	andersonii	patens	0.152725	3.00633	0.00264421	0.0359895	389.941	71.5069	52.559
geraniifolium	ramosum-1_5	andersonii	0.0713408	1.34478	0.178695	0.0083662	237.822	44.074	38.2042
geraniifolium	ramosum-3	andersonii	0.141113	2.38143	0.0172457	0.0183548	234.161	50.4214	37.951
ramosum-4_10	geraniifolium	andersonii	0.0379386	0.705658	0.480401	0.00464581	243.089	45.1319	41.8326
geraniifolium	sapellonis	andersonii	0.0201986	0.359924	0.718904	0.00231027	261.589	40.7311	39.1183
andersonii	scaposum	geraniifolium	0.302211	7.56859	3.77302e-14	0.0786697	185.867	126.16	67.6029
geraniifolium	scopulorum	andersonii	0.0828329	1.51182	0.130581	0.00786565	497.059	35.4501	30.0265
stachydeum	geraniifolium	andersonii	0.0612853	1.13123	0.257959	0.0125103	140.084	70.7717	62.5981
geraniifolium	andersonii	trolliifolium	0.0975686	2.21536	0.0267354	0.0247362	173.232	105.774	86.9682
geraniifolium	viridescens	andersonii	0.300967	6.18782	6.10006e-10	0.0659748	136.005	92.6438	49.7792
geraniifolium	xantholeucum	andersonii	0.192402	4.56464	5.00359e-06	0.061846	121.008	127.666	86.4666
geyeri	glaucescens	andersonii	0.0465641	0.993024	0.320698	0.0076409	232.461	62.8424	57.2504
glaucum-1_2	geyeri	andersonii	0.0698459	1.3391	0.180538	0.0113653	182.635	59.567	51.7892
glaucum-3_4	geyeri	andersonii	0.113755	2.39307	0.0167081	0.0162327	213.19	59.7817	47.5699
gypsophilum	geyeri	andersonii	0.431896	10.9318	2.3e-16	0.128895	151.339	168.284	66.7665
hesperium	geyeri	andersonii	0.311385	6.99524	2.64814e-12	0.0738683	157.059	111.439	58.5174
geyeri	lineapetalum	andersonii	0.215384	5.20873	1.90141e-07	0.0701916	131.941	138.716	89.5508
geyeri	multiplex	andersonii	0.11001	2.90841	0.00363275	0.0276739	155.448	106.804	85.6334
novomexicanum	geyeri	andersonii	0.0612551	1.20669	0.227552	0.00930669	185.832	57.8108	51.1372
geyeri	andersonii	nudicaule	0.0684753	1.52256	0.127869	0.015288	255.446	83.8976	73.1441
geyeri	nuttallianum-14	andersonii	0.213767	5.21319	1.85618e-07	0.0707178	120.212	134.507	87.1289
geyeri	nuttallianum-7_9	andersonii	0.316497	8.96267	2.3e-16	0.125665	109.197	186.376	96.7635
occidentale	geyeri	andersonii	0.0494003	1.03939	0.298625	0.00784865	234.551	59.3028	53.7195
parryi	geyeri	andersonii	0.283023	6.12096	9.30162e-10	0.0719439	149.476	112.191	62.6944
geyeri	andersonii	patens	0.191314	3.99816	6.38371e-05	0.0432155	413.845	72.6215	49.2969
ramosum-1_5	geyeri	andersonii	0.0713741	1.48373	0.13788	0.0100173	203.708	55.2216	47.8639
ramosum-3	geyeri	andersonii	0.00503721	0.094414	0.92478	0.000723317	200.549	50.0538	49.5521
ramosum-4_10	geyeri	andersonii	0.114575	2.36147	0.0182026	0.0160937	205.663	59.0784	46.9322
sapellonis	geyeri	andersonii	0.0680987	1.38191	0.166999	0.00988877	196.991	57.0608	49.7847
andersonii	scaposum	geyeri	0.169449	4.15817	3.2081e-05	0.0515496	205.605	122.507	87.0056
scopulorum	geyeri	andersonii	0.041612	0.858936	0.390376	0.00667025	191.408	58.559	53.8802
stachydeum	geyeri	andersonii	0.134545	2.74243	0.00609861	0.0299056	136.051	86.1693	65.7318
geyeri	andersonii	trolliifolium	0.0869452	2.04297	0.0410555	0.0219071	177.002	108.455	91.1042
geyeri	viridescens	andersonii	0.178709	3.78548	0.000153412	0.0433417	146.912	95.5231	66.5579
geyeri	xantholeucum	andersonii	0.154621	3.78063	0.000156432	0.0482364	134.11	126.013	92.263
glaucum-1_2	glaucescens	andersonii	0.103371	1.97456	0.048318	0.0165109	191.011	60.1798	48.9038
glaucum-3_4	glaucescens	andersonii	0.135517	2.86848	0.00412445	0.0214214	232.413	67.8696	51.6699
gypsophilum	glaucescens	andersonii	0.44042	11.423	2.3e-16	0.133813	149.595	171.804	66.7431
hesperium	glaucescens	andersonii	0.326255	7.44445	9.73527e-14	0.0810363	146.342	116.243	59.0521
glaucescens	lineapetalum	andersonii	0.184513	4.59548	4.3176e-06	0.0627882	127.703	140.597	96.7951
glaucescens	multiplex	andersonii	0.0917627	2.45477	0.0140974	0.0241817	156.699	109.204	90.8469
novomexicanum	glaucescens	andersonii	0.0964989	1.87966	0.0601541	0.0158918	177.595	64.2413	52.934
andersonii	glaucescens	nudicaule	0.00106558	0.0237096	0.981084	0.000244693	245.878	79.1037	78.9353
glaucescens	nuttallianum-14	andersonii	0.223531	5.64298	1.6713e-08	0.0774517	110.159	139.549	88.5599
glaucescens	nuttallianum-7_9	andersonii	0.2915	8.29218	2.3e-16	0.117797	110.954	183.102	100.447
occidentale	glaucescens	andersonii	0.0396406	0.849859	0.395403	0.00542732	400.297	51.8158	47.8644
parryi	glaucescens	andersonii	0.295502	6.65308	2.87016e-11	0.0768985	146.383	115.287	62.6936
glaucescens	andersonii	patens	0.0875438	1.82967	0.0672997	0.0205411	429.28	67.862	56.9366
ramosum-1_5	glaucescens	andersonii	0.0842035	1.75885	0.0786034	0.0141259	194.934	66.2018	55.9188
ramosum-3	glaucescens	andersonii	0.0384442	0.729196	0.465882	0.00653726	185.667	61.0577	56.5369
ramosum-4_10	glaucescens	andersonii	0.133376	2.82094	0.00478828	0.0209276	188.741	65.6823	50.2233
sapellonis	glaucescens	andersonii	0.0952837	1.93703	0.0527413	0.0156872	190.94	65.9664	54.4889
andersonii	scaposum	glaucescens	0.130729	3.26607	0.00109053	0.0439409	205.115	118.644	91.2101
scopulorum	glaucescens	andersonii	0.0538287	1.09825	0.272096	0.00983667	171.991	65.819	59.0951
stachydeum	glaucescens	andersonii	0.111602	2.3055	0.0211388	0.025807	143.712	87.7934	70.1649
glaucescens	andersonii	trolliifolium	0.152216	3.62002	0.000294578	0.037179	188.482	113.905	83.8099
glaucescens	viridescens	andersonii	0.180796	3.94153	8.09649e-05	0.0430363	145.599	93.7086	65.0124
glaucescens	xantholeucum	andersonii	0.152349	3.83289	0.000126648	0.0513085	124.565	133.878	98.4785
glaucum-1_2	glaucum-3_4	andersonii	0.00613927	0.107951	0.914035	0.000709904	263.652	40.8292	40.3309
gypsophilum	glaucum-1_2	andersonii	0.412503	9.98171	2.3e-16	0.113173	152.769	141.526	58.8643
hesperium	glaucum-1_2	andersonii	0.273114	5.44114	5.29407e-08	0.0562766	152.719	87.2853	49.8356
glaucum-1_2	lineapetalum	andersonii	0.290017	6.74894	1.48933e-11	0.0878194	131.146	130.419	71.7784
glaucum-1_2	multiplex	andersonii	0.175683	4.44444	8.81226e-06	0.0413835	152.203	98.2364	68.8774
glaucum-1_2	novomexicanum	andersonii	0.0450953	0.76276	0.445607	0.00592193	181.381	45.9884	42.0197
andersonii	glaucum-1_2	nudicaule	0.00561158	0.117223	0.906683	0.00132457	222.323	76.3791	75.5266
glaucum-1_2	nuttallianum-14	andersonii	0.261469	6.15908	7.31688e-10	0.0828959	110.091	124.006	72.5995
glaucum-1_2	nuttallianum-7_9	andersonii	0.31345	8.70613	2.3e-16	0.121636	97.1463	169.7	88.7036
glaucum-1_2	occidentale	andersonii	0.0541441	1.03976	0.298451	0.00836858	188.647	55.1122	49.4507
parryi	glaucum-1_2	andersonii	0.283024	5.59932	2.15193e-08	0.0692348	144.337	101.786	56.8799
glaucum-1_2	andersonii	patens	0.124508	2.46877	0.0135578	0.0287971	384.363	67.1493	52.2795
glaucum-1_2	ramosum-1_5	andersonii	0.00882911	0.161873	0.871406	0.00127268	195.843	49.8903	49.0171
glaucum-1_2	ramosum-3	andersonii	0.118669	1.93967	0.0524203	0.0174343	185.206	54.6212	43.0327
ramosum-4_10	glaucum-1_2	andersonii	0.00776414	0.140354	0.888381	0.00106547	191.043	47.705	46.9699
sapellonis	glaucum-1_2	andersonii	0.00331096	0.0584318	0.953405	0.000437558	194.12	45.2436	44.945
andersonii	scaposum	glaucum-1_2	0.264209	6.21957	4.98514e-10	0.0657215	188.867	118.015	68.6866
glaucum-1_2	scopulorum	andersonii	0.0668811	1.17701	0.23919	0.00958541	176.632	49.4758	43.2727
stachydeum	glaucum-1_2	andersonii	0.0691138	1.21786	0.223277	0.0137698	142.341	68.1464	59.3356
glaucum-1_2	andersonii	trolliifolium	0.090333	2.01543	0.0438595	0.0232018	161.212	102.712	85.6924
glaucum-1_2	viridescens	andersonii	0.325373	6.44324	1.16949e-10	0.068484	139.798	90.0567	45.8397
glaucum-1_2	xantholeucum	andersonii	0.179626	4.15173	3.29974e-05	0.0537108	118.058	115.056	80.016
gypsophilum	glaucum-3_4	andersonii	0.37758	9.60602	2.3e-16	0.105142	157.496	152.886	69.0773
hesperium	glaucum-3_4	andersonii	0.249274	5.47398	4.40049e-08	0.0537117	161.265	97.3138	58.4787
glaucum-3_4	lineapetalum	andersonii	0.263442	6.39552	1.60007e-10	0.0814985	125.845	142.582	83.1224
glaucum-3_4	multiplex	andersonii	0.180534	4.71014	2.47542e-06	0.0420342	152.825	108.671	75.4337
glaucum-3_4	novomexicanum	andersonii	0.0165171	0.314868	0.752862	0.00215273	191.485	48.7752	47.1901
glaucum-3_4	andersonii	nudicaule	0.0281566	0.621216	0.534457	0.00637166	240.619	82.3188	77.8101
glaucum-3_4	nuttallianum-14	andersonii	0.303152	7.3705	1.69991e-13	0.0958207	107.542	141.558	75.6966
glaucum-3_4	nuttallianum-7_9	andersonii	0.344074	9.75985	2.3e-16	0.132195	102.493	186.396	90.9636
glaucum-3_4	occidentale	andersonii	0.136736	2.83974	0.00451504	0.0196548	261.617	60.4377	45.8978
parryi	glaucum-3_4	andersonii	0.211147	4.52195	6.12712e-06	0.0497915	152.566	99.569	64.852
glaucum-3_4	andersonii	patens	0.165511	3.45276	0.000554883	0.0385977	404.44	74.3615	53.2418
glaucum-3_4	ramosum-1_5	andersonii	0.0406798	0.806022	0.42023	0.00560093	198.582	54.0957	49.8665
glaucum-3_4	ramosum-3	andersonii	0.124345	2.28481	0.022324	0.017495	194.28	56.8273	44.2578
ramosum-4_10	glaucum-3_4	andersonii	0.0171333	0.344505	0.730467	0.00210307	200.262	47.2763	45.6836
glaucum-3_4	sapellonis	andersonii	0.0144126	0.282206	0.777786	0.00184243	203.694	48.3887	47.0137
andersonii	scaposum	glaucum-3_4	0.248271	6.23184	4.60976e-10	0.0881261	207.805	121.581	73.2179
glaucum-3_4	scopulorum	andersonii	0.0395064	0.786846	0.431372	0.00530612	180.477	49.0844	45.3535
stachydeum	glaucum-3_4	andersonii	0.0438118	0.87889	0.379461	0.00888097	146.971	73.1706	67.0282
glaucum-3_4	andersonii	trolliifolium	0.110318	2.59366	0.00949608	0.0274829	172.617	110.895	88.8585
glaucum-3_4	viridescens	andersonii	0.281804	5.95278	2.63622e-09	0.0607462	142.673	96.2305	53.918
glaucum-3_4	xantholeucum	andersonii	0.218183	5.3659	8.05466e-08	0.0674712	123.943	135.749	87.1221
gypsophilum	hesperium	andersonii	0.147517	3.57472	0.000350603	0.0385712	263.656	106.095	78.8177
gypsophilum	lineapetalum	andersonii	0.474021	13.4384	2.3e-16	0.192724	132.773	235.251	83.9453
gypsophilum	multiplex	andersonii	0.441071	13.1811	2.3e-16	0.163673	143.644	225.069	87.2944
gypsophilum	novomexicanum	andersonii	0.391761	9.71615	2.3e-16	0.109248	149.948	148.308	64.8147
gypsophilum	andersonii	nudicaule	0.131836	3.35528	0.00079285	0.0449577	208.814	138.429	106.181
gypsophilum	nuttallianum-14	andersonii	0.462486	12.9958	2.3e-16	0.194196	116.984	224.353	82.4575
gypsophilum	nuttallianum-7_9	andersonii	0.512732	16.6326	2.3e-16	0.244373	103.898	283.908	91.4499
gypsophilum	occidentale	andersonii	0.44171	11.3453	2.3e-16	0.13504	153.423	171.05	66.2377
gypsophilum	parryi	andersonii	0.207616	4.92325	8.51191e-07	0.0470887	417.205	97.1753	63.7622
gypsophilum	andersonii	patens	0.174614	4.4137	1.0162e-05	0.0614788	369.437	112.576	79.1059
gypsophilum	ramosum-1_5	andersonii	0.418655	10.6119	2.3e-16	0.118125	157.099	156.196	64.0069
gypsophilum	ramosum-3	andersonii	0.454947	11.2166	2.3e-16	0.128085	150.844	155.161	58.1267
gypsophilum	ramosum-4_10	andersonii	0.388397	10.0698	2.3e-16	0.111671	163.892	157.217	69.2556
gypsophilum	sapellonis	andersonii	0.386727	9.87282	2.3e-16	0.105492	157.565	146.249	64.678
andersonii	scaposum	gypsophilum	0.263491	6.98847	2.77903e-12	0.0385064	299.676	128.555	74.9365
gypsophilum	scopulorum	andersonii	0.379544	9.27053	2.3e-16	0.103895	155.585	138.486	62.2847
gypsophilum	stachydeum	andersonii	0.315576	7.5239	5.31665e-14	0.0995295	126.934	149.505	77.7795
gypsophilum	andersonii	trolliifolium	0.303417	8.07362	6.82397e-16	0.100041	166.081	180.897	96.6765
gypsophilum	viridescens	andersonii	0.472256	12.0102	2.3e-16	0.159664	132.617	180.647	64.7546
gypsophilum	xantholeucum	andersonii	0.425263	11.9327	2.3e-16	0.170241	125.957	215.444	86.8776
hesperium	lineapetalum	andersonii	0.375522	9.37438	2.3e-16	0.134107	124.167	168.134	76.3316
hesperium	multiplex	andersonii	0.312828	8.29673	2.3e-16	0.0922985	146.885	145.563	76.1917
hesperium	novomexicanum	andersonii	0.314152	6.54659	5.88657e-11	0.0668525	151.499	98.1484	51.2231
andersonii	hesperium	nudicaule	0.0330128	0.774947	0.438371	0.0112279	186.462	109.384	102.392
hesperium	nuttallianum-14	andersonii	0.383322	9.89959	2.3e-16	0.141643	108.861	166.661	74.2969
hesperium	nuttallianum-7_9	andersonii	0.43785	13.0675	2.3e-16	0.189116	98.9711	216.004	84.4502
hesperium	occidentale	andersonii	0.314912	7.09953	1.25179e-12	0.0766359	151.351	109.672	57.1405
hesperium	parryi	andersonii	0.0124951	0.2677	0.78893	0.00287485	262.54	75.5448	73.6803
hesperium	andersonii	patens	0.0465801	1.01123	0.311907	0.0143417	326.247	78.6979	71.6927
hesperium	ramosum-1_5	andersonii	0.294862	6.43551	1.23058e-10	0.0643741	158.986	100.252	54.5938
hesperium	ramosum-3	andersonii	0.337607	6.82612	8.72434e-12	0.0719261	149.693	96.0035	47.5417
hesperium	ramosum-4_10	andersonii	0.257795	5.55405	2.79118e-08	0.0542827	163.701	94.2123	55.5932
hesperium	sapellonis	andersonii	0.286469	6.14647	7.92278e-10	0.0605833	155.966	96.5634	53.5582
andersonii	scaposum	hesperium	0.343211	8.655	2.3e-16	0.0445959	231.378	126.773	61.9878
hesperium	scopulorum	andersonii	0.270196	5.69928	1.20317e-08	0.0600722	153.017	94.6406	54.3767
hesperium	stachydeum	andersonii	0.181109	3.67836	0.000234738	0.0445609	133.178	93.3848	64.7459
hesperium	andersonii	trolliifolium	0.175042	4.16872	3.06317e-05	0.0546533	156.674	138.483	97.2245
hesperium	viridescens	andersonii	0.418692	9.61256	2.3e-16	0.11929	134.115	135.2	55.3981
hesperium	xantholeucum	andersonii	0.325884	8.19495	2.50668e-16	0.117126	116.082	165.752	84.273
multiplex	lineapetalum	andersonii	0.136709	3.8225	0.000132103	0.041145	249.425	125.636	95.4166
novomexicanum	lineapetalum	andersonii	0.240626	5.62898	1.81282e-08	0.0742974	120.911	132.722	81.2378
lineapetalum	andersonii	nudicaule	0.0178622	0.424308	0.671341	0.00419476	293.272	80.678	77.8464
nuttallianum-14	lineapetalum	andersonii	0.00604157	0.151375	0.87968	0.00184961	299.196	94.5347	93.3993
lineapetalum	nuttallianum-7_9	andersonii	0.127705	3.78367	0.000154531	0.0484306	214.208	140.897	108.986
occidentale	lineapetalum	andersonii	0.209985	5.13911	2.76037e-07	0.0695957	131.214	138.619	90.5059
parryi	lineapetalum	andersonii	0.341813	8.44893	2.3e-16	0.128341	129.072	166.251	81.5495
lineapetalum	andersonii	patens	0.052089	1.16591	0.24365	0.0126031	454.854	65.9062	59.3802
ramosum-1_5	lineapetalum	andersonii	0.226824	5.53866	3.04797e-08	0.0706183	129.062	134.602	84.8299
ramosum-3	lineapetalum	andersonii	0.208787	4.79448	1.63096e-06	0.066281	122.141	129.511	84.7717
ramosum-4_10	lineapetalum	andersonii	0.298957	7.33616	2.19813e-13	0.0930842	121.692	145.411	78.4778
sapellonis	lineapetalum	andersonii	0.235843	5.65187	1.58714e-08	0.0722004	130.216	133.127	82.3164
scaposum	andersonii	lineapetalum	0.0830411	2.18018	0.0292445	0.0227619	199.082	139.004	117.688
scopulorum	lineapetalum	andersonii	0.250849	6.03402	1.59934e-09	0.0836965	118.288	138.842	83.1541
stachydeum	lineapetalum	andersonii	0.277023	6.54161	6.08606e-11	0.0937575	109.47	141.688	80.2153
andersonii	lineapetalum	trolliifolium	0.117922	3.11824	0.00181934	0.0335732	227.524	123.745	97.6389
viridescens	lineapetalum	andersonii	0.0842159	2.01153	0.0442696	0.0253587	181.082	103.709	87.5981
xantholeucum	lineapetalum	andersonii	0.0800871	2.10977	0.034878	0.0208463	412.799	93.0352	79.2383
novomexicanum	multiplex	andersonii	0.124599	3.18917	0.00142683	0.0299708	142.358	100.318	78.0888
multiplex	andersonii	nudicaule	0.0258342	0.658419	0.510269	0.00642401	296.611	94.2196	89.4741
multiplex	nuttallianum-14	andersonii	0.143017	3.95958	7.50819e-05	0.0468458	185.959	128.946	96.6779
multiplex	nuttallianum-7_9	andersonii	0.2416	7.76888	7.91804e-15	0.0949732	163.048	182.361	111.391
occidentale	multiplex	andersonii	0.105585	2.83165	0.00463079	0.0277868	158.03	107.403	86.8889
parryi	multiplex	andersonii	0.27662	7.47487	7.72787e-14	0.0909671	138.982	152.119	86.1961
multiplex	andersonii	patens	0.0696985	1.66666	0.0955823	0.0171365	480.586	72.789	63.3036
ramosum-1_5	multiplex	andersonii	0.118885	3.03451	0.00240925	0.027972	153.13	101.095	79.6115
ramosum-3	multiplex	andersonii	0.0670887	1.66087	0.0967392	0.0167654	142.981	96.1111	84.0259
ramosum-4_10	multiplex	andersonii	0.203012	5.31596	1.06097e-07	0.0471547	151.925	108.289	71.7405
sapellonis	multiplex	andersonii	0.133564	3.45649	0.000547257	0.0312319	150.89	100.669	76.9456
andersonii	scaposum	multiplex	0.0915504	2.65772	0.00786718	0.0298141	230.965	137.116	114.116
scopulorum	multiplex	andersonii	0.143799	3.65783	0.000254357	0.0360439	136.774	102.763	76.9243
stachydeum	multiplex	andersonii	0.172336	4.32291	1.53985e-05	0.0498613	127.521	120.166	84.8367
andersonii	multiplex	trolliifolium	0.00463427	0.124966	0.900551	0.00129429	215.382	115.302	114.238
multiplex	viridescens	andersonii	0.116066	2.97216	0.00295712	0.0233895	426.024	78.0747	61.8359
multiplex	xantholeucum	andersonii	0.0456705	1.29985	0.193652	0.0142895	202.713	119.164	108.755
novomexicanum	andersonii	nudicaule	0.0336	0.720584	0.471166	0.00737524	235.967	76.878	71.8798
novomexicanum	nuttallianum-14	andersonii	0.274166	6.52952	6.59805e-11	0.0900078	101.116	136.288	77.6372
novomexicanum	nuttallianum-7_9	andersonii	0.323051	8.96365	2.3e-16	0.128319	91.2884	182.967	93.6165
novomexicanum	occidentale	andersonii	0.0566373	1.11075	0.266675	0.00892734	186.552	57.831	51.6314
parryi	novomexicanum	andersonii	0.272877	5.53201	3.16585e-08	0.0650412	149.712	102.594	58.6063
novomexicanum	andersonii	patens	0.124696	2.51468	0.0119141	0.0280395	385.119	66.1194	51.4579
novomexicanum	ramosum-1_5	andersonii	0.0244071	0.450879	0.652077	0.00263977	268.143	39.9679	38.0634
novomexicanum	ramosum-3	andersonii	0.0760442	1.25249	0.210393	0.00768614	324.957	38.1393	32.7487
ramosum-4_10	novomexicanum	andersonii	0.0887144	1.65734	0.0974507	0.0104713	236.361	47.4458	39.7135
sapellonis	novomexicanum	andersonii	0.000820759	0.014541	0.988398	6.10691e-05	411.035	27.5208	27.4757
andersonii	scaposum	novomexicanum	0.240547	5.74432	9.22907e-09	0.0738657	198.282	118.083	72.2893
novomexicanum	scopulorum	andersonii	0.0343134	0.616998	0.537236	0.00391397	243.931	40.6356	37.9395
stachydeum	novomexicanum	andersonii	0.0915356	1.66273	0.096367	0.0179151	138.341	71.3516	59.3845
novomexicanum	andersonii	trolliifolium	0.09245	2.10188	0.0355638	0.0235732	173.237	105.827	87.9154
novomexicanum	viridescens	andersonii	0.198988	4.0381	5.38869e-05	0.0451357	135.749	89.9628	60.1017
novomexicanum	xantholeucum	andersonii	0.182814	4.37956	1.18917e-05	0.0577475	116.334	127.429	88.0388
nuttallianum-14	andersonii	nudicaule	0.0823826	1.93853	0.0525587	0.0185349	278.753	81.5339	69.1224
nuttallianum-7_9	andersonii	nudicaule	0.0274287	0.704986	0.480819	0.00608391	340.713	82.5901	78.1803
andersonii	occidentale	nudicaule	0.00872726	0.192015	0.84773	0.00202102	248.254	79.3634	77.9901
parryi	andersonii	nudicaule	0.010758	0.249494	0.802978	0.00345731	202.22	102.029	99.8568
andersonii	nudicaule	patens	0.367563	10.1582	2.3e-16	0.153257	263.033	148.622	68.7309
ramosum-1_5	andersonii	nudicaule	0.0612031	1.32652	0.184669	0.0140334	243.276	83.7452	74.0855
andersonii	ramosum-3	nudicaule	0.000678071	0.0141168	0.988737	0.000150843	237.984	73.02	72.921
andersonii	ramosum-4_10	nudicaule	0.0401363	0.866952	0.385968	0.00955872	241.962	87.7558	80.9832
sapellonis	andersonii	nudicaule	0.0213698	0.46044	0.6452	0.00483898	235.606	80.0317	76.6827
andersonii	scaposum	nudicaule	0.00111174	0.0262052	0.979094	0.000231186	376.025	73.4779	73.3147
andersonii	scopulorum	nudicaule	0.0283558	0.614712	0.538745	0.00658771	225.48	78.6081	74.273
andersonii	stachydeum	nudicaule	0.0133545	0.283874	0.776507	0.00334512	213.222	81.0851	78.9479
andersonii	trolliifolium	nudicaule	0.140747	3.66918	0.000243327	0.0473649	182.529	131.346	98.9349
andersonii	viridescens	nudicaule	0.0351998	0.758282	0.448282	0.00794979	252.145	76.2546	71.0689
xantholeucum	andersonii	nudicaule	0.0817638	1.91816	0.0550912	0.0195443	276.503	89.8331	76.2533
nuttallianum-14	nuttallianum-7_9	andersonii	0.154572	4.63684	3.53771e-06	0.0534348	245.511	126.151	92.3735
occidentale	nuttallianum-14	andersonii	0.233343	5.7407	9.4286e-09	0.0792399	109.476	134.075	83.3419
parryi	nuttallianum-14	andersonii	0.386937	9.80793	2.3e-16	0.148786	108.4	171.902	75.9852
nuttallianum-14	andersonii	patens	0.0577185	1.23963	0.215111	0.013405	426.719	61.2917	54.6024
ramosum-1_5	nuttallianum-14	andersonii	0.283396	6.91839	4.56796e-12	0.0893946	112.312	134.754	75.2422
ramosum-3	nuttallianum-14	andersonii	0.255399	5.95783	2.55612e-09	0.0846222	101.997	132.512	78.5955
ramosum-4_10	nuttallianum-14	andersonii	0.306493	7.49709	6.52519e-14	0.096103	109.541	140.15	74.3939
sapellonis	nuttallianum-14	andersonii	0.268196	6.45315	1.09552e-10	0.0850225	118.392	134.503	77.6141
scaposum	andersonii	nuttallianum-14	0.106362	2.77038	0.00559916	0.0320098	198.988	133.111	107.517
scopulorum	nuttallianum-14	andersonii	0.276301	6.8044	1.01469e-11	0.0891557	109.275	132.659	75.2214
stachydeum	nuttallianum-14	andersonii	0.287624	6.85493	7.13488e-12	0.0995231	91.5816	138.764	76.7708
andersonii	nuttallianum-14	trolliifolium	0.104226	2.6308	0.00851831	0.0281431	217.283	112.521	91.2795
viridescens	nuttallianum-14	andersonii	0.102838	2.41441	0.0157607	0.0325267	167.552	101.655	82.6965
xantholeucum	nuttallianum-14	andersonii	0.036067	0.96988	0.332107	0.00967979	353.217	89.3702	83.148
occidentale	nuttallianum-7_9	andersonii	0.296175	8.38891	2.3e-16	0.120463	108.111	181.985	98.818
parryi	nuttallianum-7_9	andersonii	0.410045	11.8209	2.3e-16	0.18738	100.112	218.994	91.6259
nuttallianum-7_9	andersonii	patens	0.0361693	0.891933	0.372429	0.0083286	509.025	64.1341	59.6567
ramosum-1_5	nuttallianum-7_9	andersonii	0.340942	9.49429	2.3e-16	0.130232	100.742	182.61	89.7509
ramosum-3	nuttallianum-7_9	andersonii	0.315301	8.54401	2.3e-16	0.121319	95.8359	170.473	88.7422
ramosum-4_10	nuttallianum-7_9	andersonii	0.371843	10.5584	2.3e-16	0.141219	102.655	189.416	86.7321
sapellonis	nuttallianum-7_9	andersonii	0.33375	9.24646	2.3e-16	0.127332	102.469	180.785	90.3079
scaposum	andersonii	nuttallianum-7_9	0.290094	8.73874	2.3e-16	0.149102	209.646	174.887	96.2359
scopulorum	nuttallianum-7_9	andersonii	0.350549	9.79212	2.3e-16	0.137832	95.7652	179.835	86.4787
stachydeum	nuttallianum-7_9	andersonii	0.347536	9.71905	2.3e-16	0.141526	90.2839	184.85	89.5026
andersonii	nuttallianum-7_9	trolliifolium	0.0375705	1.04219	0.297326	0.0100724	261.02	109.627	101.688
viridescens	nuttallianum-7_9	andersonii	0.188967	5.21092	1.87907e-07	0.0755893	131.959	148.789	101.494
xantholeucum	nuttallianum-7_9	andersonii	0.189086	5.67713	1.36976e-08	0.0709802	199.642	151.8	103.522
parryi	occidentale	andersonii	0.307729	6.7714	1.27539e-11	0.0812227	147.302	116.396	61.6165
occidentale	andersonii	patens	0.123101	2.57344	0.0100694	0.0285835	422.932	69.0673	53.9266
ramosum-1_5	occidentale	andersonii	0.065426	1.36301	0.172878	0.0104473	200.572	61.1798	53.6659
occidentale	ramosum-3	andersonii	0.00765911	0.14443	0.885161	0.00124358	193.401	56.417	55.5593
ramosum-4_10	occidentale	andersonii	0.103267	2.12544	0.0335498	0.0153495	198.326	59.2017	48.119
sapellonis	occidentale	andersonii	0.0665393	1.3309	0.183223	0.00982101	200.312	55.8918	48.9178
andersonii	scaposum	occidentale	0.172595	4.31346	1.60723e-05	0.0556537	194.1	119.967	84.6508
scopulorum	occidentale	andersonii	0.0280134	0.561101	0.574729	0.00458433	179.551	55.9377	52.8891
stachydeum	occidentale	andersonii	0.112432	2.27125	0.023132	0.0251467	145.615	83.5945	66.6969
occidentale	andersonii	trolliifolium	0.0984294	2.33901	0.0193351	0.0245801	187.727	107.963	88.614
occidentale	viridescens	andersonii	0.206832	4.41134	1.02733e-05	0.0504946	146.191	97.8905	64.3367
occidentale	xantholeucum	andersonii	0.148483	3.64862	0.000263652	0.0481142	124.108	125.294	92.8964
parryi	andersonii	patens	0.138867	3.01222	0.00259347	0.0443292	356.981	89.9635	68.0243
parryi	ramosum-1_5	andersonii	0.265899	5.69274	1.25019e-08	0.0625961	156.577	102.837	59.6359
parryi	ramosum-3	andersonii	0.31436	6.16834	6.90118e-10	0.0752285	144.825	104.149	54.3299
parryi	ramosum-4_10	andersonii	0.216596	4.54699	5.44189e-06	0.0511001	161.137	99.6948	64.1965
parryi	sapellonis	andersonii	0.259249	5.40646	6.42813e-08	0.0590964	157.614	98.8831	58.1678
andersonii	scaposum	parryi	0.258499	6.40175	1.53609e-10	0.0321538	216.695	121.374	71.513
parryi	scopulorum	andersonii	0.261108	5.3756	7.63276e-08	0.0609198	148.923	95.7582	56.1055
parryi	stachydeum	andersonii	0.209193	4.19459	2.73369e-05	0.0583162	126.336	106.293	69.515
parryi	andersonii	trolliifolium	0.220883	5.37707	7.57086e-08	0.0675004	164.42	139.396	88.9566
parryi	viridescens	andersonii	0.387753	8.6005	2.3e-16	0.120804	128.116	139.281	61.4479
parryi	xantholeucum	andersonii	0.302152	7.6946	1.41937e-14	0.113458	120.685	164.251	88.025
ramosum-1_5	andersonii	patens	0.118847	2.466	0.013663	0.0281162	406.248	71.1701	56.0503
ramosum-3	andersonii	patens	0.0708446	1.38166	0.167076	0.0163051	396.101	64.0174	55.5469
ramosum-4_10	andersonii	patens	0.145196	3.0496	0.00229144	0.033434	404.057	71.4905	53.3623
sapellonis	andersonii	patens	0.109235	2.24398	0.0248335	0.0255217	390.793	69.1076	55.4965
scaposum	andersonii	patens	0.0756976	1.70422	0.0883401	0.0168321	531.855	63.2439	54.3429
scopulorum	andersonii	patens	0.176022	3.5263	0.000421416	0.0387372	385.679	67.5243	47.3108
stachydeum	andersonii	patens	0.0855755	1.68021	0.0929163	0.0206247	379.599	65.1788	54.9028
andersonii	trolliifolium	patens	0.116525	2.82544	0.00472162	0.0388321	340.269	94.9618	75.1406
viridescens	andersonii	patens	0.0552967	1.08347	0.278602	0.012851	409.621	61.0133	54.6192
xantholeucum	andersonii	patens	0.136572	3.03413	0.00241232	0.0323888	442.874	71.056	53.9796
ramosum-1_5	ramosum-3	andersonii	0.0898323	1.64214	0.100562	0.00998018	273.488	43.0091	35.9188
ramosum-4_10	ramosum-1_5	andersonii	0.105094	2.08553	0.0370209	0.0112422	258.51	44.4124	35.9652
sapellonis	ramosum-1_5	andersonii	0.0113122	0.21684	0.828333	0.00117296	282.108	38.7246	37.8583
andersonii	scaposum	ramosum-1_5	0.242269	6.17731	6.52045e-10	0.0880511	197.364	124.194	75.753
ramosum-1_5	scopulorum	andersonii	0.011243	0.219457	0.826294	0.00139939	228.947	44.0354	43.0562
stachydeum	ramosum-1_5	andersonii	0.0857265	1.67542	0.0938528	0.0177608	146.688	77.4523	65.2214
ramosum-1_5	andersonii	trolliifolium	0.0963744	2.23027	0.0257295	0.024225	180.074	107.847	88.8867
ramosum-1_5	viridescens	andersonii	0.218918	4.59334	4.36211e-06	0.0489125	139.323	92.3782	59.1959
ramosum-1_5	xantholeucum	andersonii	0.169239	4.14467	3.40311e-05	0.050485	120.712	122.625	87.1267
ramosum-4_10	ramosum-3	andersonii	0.136124	2.45257	0.0141841	0.0149638	243.598	44.7742	34.0451
sapellonis	ramosum-3	andersonii	0.0802185	1.38721	0.165379	0.00786777	340.971	37.9314	32.2977
andersonii	scaposum	ramosum-3	0.198584	4.68422	2.81033e-06	0.0560422	188.274	118.481	79.2205
scopulorum	ramosum-3	andersonii	0.0766762	1.3329	0.182566	0.0102739	230.979	48.342	41.4566
stachydeum	ramosum-3	andersonii	0.117902	2.10078	0.0356607	0.0239428	143.203	74.2396	58.5799
ramosum-3	andersonii	trolliifolium	0.059883	1.32853	0.184002	0.0152851	176.535	100.833	89.4392
ramosum-3	viridescens	andersonii	0.157177	2.98555	0.00283066	0.0362905	141.469	86.5961	63.0718
ramosum-3	xantholeucum	andersonii	0.131159	3.02764	0.00246473	0.0425517	118.711	121.497	93.3216
ramosum-4_10	sapellonis	andersonii	0.0938542	1.82849	0.0674755	0.0107608	249.675	47.2526	39.1439
andersonii	scaposum	ramosum-4_10	0.27474	6.8982	5.26659e-12	0.103347	207.514	122.881	69.9128
ramosum-4_10	scopulorum	andersonii	0.0971672	1.87828	0.0603425	0.0123909	238.565	50.4728	41.5329
stachydeum	ramosum-4_10	andersonii	0.0513464	1.00597	0.314429	0.0104766	144.449	73.8898	66.6724
ramosum-4_10	andersonii	trolliifolium	0.0930231	2.18514	0.0288786	0.0234987	174.907	108.877	90.3451
ramosum-4_10	viridescens	andersonii	0.303797	6.45551	1.07855e-10	0.0645421	148.484	95.3891	50.936
ramosum-4_10	xantholeucum	andersonii	0.214605	5.21781	1.81046e-07	0.0647901	123.539	131.408	84.9718
andersonii	scaposum	sapellonis	0.25284	6.15731	7.39911e-10	0.0891301	201.649	119.64	71.35
sapellonis	scopulorum	andersonii	0.0661282	1.2691	0.204405	0.00763921	260.516	43.4262	38.0391
stachydeum	sapellonis	andersonii	0.0616323	1.16199	0.24524	0.0120866	146.689	70.5608	62.3681
sapellonis	andersonii	trolliifolium	0.0796116	1.82716	0.0676754	0.0208478	180.596	109.536	93.3811
sapellonis	viridescens	andersonii	0.231565	4.73036	2.24125e-06	0.0499701	142.384	89.8547	56.0648
sapellonis	xantholeucum	andersonii	0.178211	4.25445	2.0956e-05	0.0552818	124.299	127.113	88.6602
andersonii	scaposum	scopulorum	0.223853	5.42097	5.9278e-08	0.0634886	192.505	114.878	72.8539
andersonii	scaposum	stachydeum	0.139006	3.27533	0.0010554	0.0229994	201	99.8494	75.4779
scaposum	andersonii	trolliifolium	0.0993144	2.55881	0.010503	0.024504	307.362	107.654	88.2027
andersonii	scaposum	viridescens	0.0848308	2.14843	0.0316794	0.0188647	183.693	129.436	109.193
scaposum	andersonii	xantholeucum	0.0316679	0.838086	0.401982	0.00930679	209.232	124.118	116.498
stachydeum	scopulorum	andersonii	0.0995121	1.871	0.0613454	0.021282	139.598	75.5113	61.8429
scopulorum	andersonii	trolliifolium	0.0411594	0.949335	0.34245	0.0105398	178.403	100.459	92.5159
scopulorum	viridescens	andersonii	0.262288	5.4181	6.0235e-08	0.060803	132.67	93.616	54.7115
scopulorum	xantholeucum	andersonii	0.164118	3.99389	6.49967e-05	0.0519152	123.82	123.971	89.0158
stachydeum	andersonii	trolliifolium	0.0673393	1.50684	0.131852	0.0185333	161.74	105.049	91.7934
stachydeum	viridescens	andersonii	0.275072	5.53652	3.08544e-08	0.0748906	111.939	109.705	62.3715
stachydeum	xantholeucum	andersonii	0.212692	5.01837	5.21123e-07	0.0723016	96.4871	133.682	86.7892
viridescens	andersonii	trolliifolium	0.0067101	0.154746	0.877022	0.0017089	205.523	92.5961	91.3617
andersonii	xantholeucum	trolliifolium	0.0774042	2.01964	0.0434205	0.0229583	211.798	121.865	104.355
xantholeucum	viridescens	andersonii	0.00348585	0.082685	0.934102	0.00108581	177.954	97.7073	97.0285
andesicola	barbeyi	bicolor	0.226252	4.75083	2.02588e-06	0.031115	192.372	86.9209	54.8459
brachycentrum	andesicola	barbeyi	0.3431	8.77583	2.3e-16	0.117669	92.2166	188.85	92.3652
barbeyi	andesicola	californicum	0.0597292	1.08624	0.277375	0.00440522	199.769	72.2133	64.073
barbeyi	andesicola	cardinale	0.109023	1.9813	0.0475581	0.00929626	168.805	82.8339	66.5478
carolinianum	andesicola	barbeyi	0.209802	4.26337	2.01368e-05	0.0639314	95.3735	112.457	73.4527
andesicola	barbeyi	distichum-1_5	0.0191439	0.411347	0.680818	0.00275962	187.825	83.5842	80.444
andesicola	barbeyi	distichum-2_6	0.152336	3.34575	0.000820591	0.0237089	244.053	92.6656	68.1652
exaltatum	andesicola	barbeyi	0.134626	2.51378	0.0119445	0.0346835	74.5372	88.6226	67.592
geraniifolium	andesicola	barbeyi	0.150173	3.12275	0.00179168	0.0318754	207.565	87.6317	64.7484
geyeri	barbeyi	andesicola	0.0437818	0.982792	0.32571	0.0118789	111.964	113.495	103.974
glaucescens	barbeyi	andesicola	0.11298	2.49212	0.0126981	0.0279998	147.72	110.805	88.309
glaucum-1_2	andesicola	barbeyi	0.197986	3.97768	6.95908e-05	0.0534334	94.3252	113.475	75.9679
glaucum-3_4	andesicola	barbeyi	0.0741305	1.69905	0.0893097	0.0210524	92.6996	115.073	99.1892
barbeyi	andesicola	gypsophilum	0.0404651	0.788435	0.430442	0.00322284	265.995	72.0044	66.4037
barbeyi	andesicola	hesperium	0.0642489	1.23665	0.216218	0.00510306	215.263	78.9515	69.4189
andesicola	barbeyi	lineapetalum	0.0647203	1.32626	0.184753	0.00761034	220.81	80.1191	70.3788
andesicola	barbeyi	multiplex	0.172153	4.40821	1.0423e-05	0.0329361	199.876	110.604	78.1156
andesicola	novomexicanum	barbeyi	0.0313866	0.654322	0.512904	0.00621195	307.733	74.2161	69.6991
andesicola	barbeyi	nudicaule	0.0337373	0.639515	0.522488	0.00409653	480.703	60.7815	56.8141
andesicola	barbeyi	nuttallianum-14	0.00321968	0.0615652	0.950909	0.000425079	202.122	65.0227	64.6053
andesicola	barbeyi	nuttallianum-7_9	0.125371	2.7145	0.00663753	0.0232214	239.322	75.7925	58.9054
barbeyi	occidentale	andesicola	0.0139014	0.313861	0.753626	0.00309557	182.741	90.1563	87.6841
barbeyi	andesicola	parryi	0.0532921	1.04542	0.295828	0.00425465	202.347	84.8158	76.2332
barbeyi	andesicola	patens	0.0155949	0.26382	0.791918	0.00171068	735.47	39.3455	38.1372
ramosum-1_5	andesicola	barbeyi	0.0150228	0.334364	0.738105	0.00354721	178.312	88.105	85.497
andesicola	ramosum-3	barbeyi	0.0789369	1.54198	0.123078	0.0161764	267.431	77.0126	65.7439
andesicola	ramosum-4_10	barbeyi	0.0589043	1.38092	0.167305	0.014095	148.914	91.5963	81.4057
andesicola	sapellonis	barbeyi	0.00915349	0.193353	0.846683	0.00167268	338.697	68.0054	66.7717
barbeyi	andesicola	scaposum	0.0601619	1.23317	0.21751	0.00965917	204.977	78.7598	69.8209
scopulorum	andesicola	barbeyi	0.125305	2.60871	0.0090884	0.0250738	190.651	76.1083	59.1586
andesicola	barbeyi	stachydeum	0.0179056	0.330911	0.740711	0.00198859	163.967	73.1925	70.6175
barbeyi	andesicola	trolliifolium	0.100125	1.88308	0.0596901	0.0115891	347.732	66.9663	54.7767
andesicola	barbeyi	viridescens	0.0681912	1.31197	0.189529	0.00740042	155.803	80.8742	70.5485
andesicola	barbeyi	xantholeucum	0.0279854	0.557258	0.577351	0.00385379	220.69	70.749	66.8969
brachycentrum	andesicola	bicolor	0.288772	6.6328	3.29378e-11	0.0547307	172.458	136.751	75.4682
californicum	andesicola	bicolor	0.232317	4.5707	4.86097e-06	0.0468834	132.807	117.72	73.3351
cardinale	andesicola	bicolor	0.209755	4.05168	5.08506e-05	0.0377252	150.324	102.022	66.6435
carolinianum	andesicola	bicolor	0.047222	0.878034	0.379925	0.00791632	171.783	75.2309	68.4462
bicolor	distichum-1_5	andesicola	0.188984	4.5161	6.29898e-06	0.0529898	151.747	140.815	96.0509
distichum-2_6	bicolor	andesicola	0.125963	3.04676	0.00231319	0.0320938	213.679	128.822	99.9987
andesicola	exaltatum	bicolor	0.0657358	1.07035	0.284461	0.00801455	153.241	57.1094	50.0642
geraniifolium	andesicola	bicolor	0.060718	1.12431	0.26088	0.00595664	300.909	52.3481	46.355
andesicola	geyeri	bicolor	0.246857	5.29559	1.18636e-07	0.0343948	183.622	89.6671	54.1619
andesicola	glaucescens	bicolor	0.305292	6.54538	5.93453e-11	0.0466319	172.807	102.116	54.3485
andesicola	glaucum-1_2	bicolor	0.0891169	1.58549	0.112856	0.0112125	175.771	63.3021	52.9427
andesicola	glaucum-3_4	bicolor	0.142175	2.85863	0.00425481	0.0172638	178.588	72.895	54.7474
gypsophilum	andesicola	bicolor	0.421213	10.9559	2.3e-16	0.0992253	141.655	181.235	73.8076
hesperium	andesicola	bicolor	0.266039	5.67996	1.34723e-08	0.0511732	144.732	120.673	69.9578
lineapetalum	bicolor	andesicola	0.00958918	0.22812	0.819553	0.00255618	193.169	110.951	108.843
bicolor	multiplex	andesicola	0.150475	3.7845	0.000154016	0.0399391	144.221	135.582	100.115
andesicola	novomexicanum	bicolor	0.084042	1.48078	0.138664	0.00681377	398.536	46.0304	38.8932
andesicola	bicolor	nudicaule	0.050627	1.09475	0.273626	0.00923855	337.402	86.1797	77.8741
nuttallianum-14	bicolor	andesicola	0.097398	2.13997	0.0323573	0.0234536	199.01	102.656	84.434
nuttallianum-7_9	bicolor	andesicola	0.169087	4.25036	2.13429e-05	0.0439903	216.713	126.489	89.9003
andesicola	occidentale	bicolor	0.280585	5.87006	4.35643e-09	0.0412613	181.959	95.5425	53.6745
parryi	andesicola	bicolor	0.226842	4.84232	1.28334e-06	0.045983	143.488	119.331	75.2028
andesicola	bicolor	patens	0.051826	1.0472	0.295007	0.00966894	555.875	62.7535	56.5694
andesicola	ramosum-1_5	bicolor	0.16836	3.37206	0.000746094	0.0166191	275.28	60.0595	42.7504
andesicola	ramosum-3	bicolor	0.119	2.03619	0.0417316	0.0108493	352.697	50.6901	39.9089
andesicola	ramosum-4_10	bicolor	0.0638452	1.24548	0.212956	0.00594371	247.682	52.6299	46.3128
andesicola	sapellonis	bicolor	0.0749368	1.41283	0.157705	0.00592561	422.429	44.4533	38.2554
bicolor	andesicola	scaposum	0.0873756	2.07865	0.0376496	0.0220243	110.811	118.334	99.3167
scopulorum	andesicola	bicolor	0.0120974	0.22128	0.824875	0.00112438	288.377	45.9706	44.8717
stachydeum	andesicola	bicolor	0.222324	4.19491	2.72974e-05	0.0366241	140.509	99.526	63.3212
andesicola	bicolor	trolliifolium	0.159849	3.6522	0.000260001	0.0330379	234.199	117.379	85.0252
bicolor	viridescens	andesicola	0.226827	4.88175	1.05151e-06	0.0578839	130.082	124.061	78.1858
bicolor	xantholeucum	andesicola	0.00159483	0.0364018	0.970962	0.000446032	180.485	108.487	108.141
brachycentrum	andesicola	californicum	0.287367	6.26535	3.71988e-10	0.0295354	152.694	127.182	70.4028
brachycentrum	andesicola	cardinale	0.41418	9.23922	2.3e-16	0.0463292	126.843	146.289	60.5998
carolinianum	andesicola	brachycentrum	0.104281	1.94798	0.0514168	0.0243809	152.854	87.6753	71.1163
brachycentrum	andesicola	distichum-1_5	0.283365	6.98165	2.91733e-12	0.055431	165.849	152.479	85.1451
brachycentrum	andesicola	distichum-2_6	0.3105	7.43167	1.07233e-13	0.0617755	227.618	145.036	76.3085
brachycentrum	exaltatum	andesicola	0.39424	8.78455	2.3e-16	0.107533	76.2465	141.335	61.4062
geraniifolium	andesicola	brachycentrum	0.129052	2.43861	0.0147439	0.0212508	306.497	73.2639	56.5156
brachycentrum	andesicola	geyeri	0.369579	9.28582	2.3e-16	0.122409	90.72	199.935	92.0307
brachycentrum	andesicola	glaucescens	0.0852884	2.25765	0.0239673	0.037006	98.2781	177.276	149.413
brachycentrum	glaucum-1_2	andesicola	0.336319	7.66271	1.82044e-14	0.0995558	84.1519	158.641	78.7891
brachycentrum	glaucum-3_4	andesicola	0.329316	8.64735	2.3e-16	0.0845923	148.566	159.33	80.3872
brachycentrum	andesicola	gypsophilum	0.335956	7.78177	7.15194e-15	0.0389269	219.864	144.217	71.6837
brachycentrum	andesicola	hesperium	0.406974	9.20631	2.3e-16	0.0447219	151.218	151.602	63.8987
brachycentrum	andesicola	lineapetalum	0.3714	8.88344	2.3e-16	0.06088	190.437	155.634	71.3368
brachycentrum	andesicola	multiplex	0.317979	8.01638	1.08908e-15	0.0685221	176.454	153.284	79.3206
novomexicanum	andesicola	brachycentrum	0.0120091	0.224332	0.822499	0.00160664	406.617	54.3516	53.0616
brachycentrum	andesicola	nudicaule	0.466843	10.6314	2.3e-16	0.0801819	454.089	134.331	48.8255
brachycentrum	andesicola	nuttallianum-14	0.309785	6.86426	6.68349e-12	0.0541261	183.234	120.885	63.7023
brachycentrum	andesicola	nuttallianum-7_9	0.411677	10.1987	2.3e-16	0.100549	224.28	139.527	58.1484
andesicola	brachycentrum	occidentale	0.0306661	0.861445	0.388993	0.0157662	71.635	183.859	172.918
brachycentrum	andesicola	parryi	0.351491	7.97519	1.52157e-15	0.0355707	162.073	142.53	68.3924
brachycentrum	andesicola	patens	0.454495	10.0386	2.3e-16	0.0784523	690.898	95.4184	35.7865
andesicola	ramosum-1_5	brachycentrum	0.0244021	0.502459	0.615344	0.00445836	279.478	74.9957	71.4227
andesicola	ramosum-3	brachycentrum	0.0665297	1.17899	0.2384	0.00845198	353.691	53.158	46.526
ramosum-4_10	andesicola	brachycentrum	0.0622114	1.26014	0.207618	0.00929498	256.111	63.5422	56.0992
andesicola	sapellonis	brachycentrum	0.0317996	0.60701	0.543845	0.00435954	443.461	57.8806	54.3129
brachycentrum	andesicola	scaposum	0.436837	10.3726	2.3e-16	0.0923708	181.109	153.05	59.9873
scopulorum	andesicola	brachycentrum	0.109999	2.12338	0.0337223	0.0164433	297.385	63.1649	50.6458
brachycentrum	andesicola	stachydeum	0.391106	9.04016	2.3e-16	0.0558204	149.311	139.597	61.1024
brachycentrum	andesicola	trolliifolium	0.435567	10.2226	2.3e-16	0.0677294	328.438	126.075	49.57
brachycentrum	andesicola	viridescens	0.309381	7.02046	2.21132e-12	0.0423207	131.846	132.247	69.7523
brachycentrum	andesicola	xantholeucum	0.402837	9.53211	2.3e-16	0.0775405	188.724	149.172	63.4997
californicum	cardinale	andesicola	0.0667547	1.20221	0.229283	0.015834	178.368	89.7778	78.5417
carolinianum	andesicola	californicum	0.0225354	0.380644	0.703468	0.00207716	144.131	72.6308	69.4294
californicum	andesicola	distichum-1_5	0.328563	7.07297	1.51647e-12	0.0701634	114.12	151.659	76.6462
californicum	andesicola	distichum-2_6	0.123006	2.5927	0.0095225	0.0287386	172.009	120.762	94.3073
exaltatum	andesicola	californicum	0.0485578	0.721546	0.470574	0.00332896	146.448	57.434	52.1146
geraniifolium	andesicola	californicum	0.0694117	1.13893	0.254733	0.00377015	263.592	52.3056	45.5156
geyeri	andesicola	californicum	0.101736	1.92027	0.0548243	0.00711266	190.414	71.735	58.4867
glaucescens	andesicola	californicum	0.0983147	1.80101	0.0717017	0.00792213	174.819	82.2535	67.5278
glaucum-1_2	andesicola	californicum	0.0368094	0.584653	0.558781	0.00256341	152.106	62.0799	57.6719
glaucum-3_4	andesicola	californicum	0.0217769	0.387299	0.698535	0.00148157	162.715	65.3299	62.5451
gypsophilum	californicum	andesicola	0.213642	5.09659	3.45835e-07	0.0615433	190.402	145.45	94.2419
californicum	hesperium	andesicola	0.0174152	0.334193	0.738234	0.00388493	378.77	85.603	82.6725
californicum	andesicola	lineapetalum	0.225255	4.53402	5.78724e-06	0.0378967	143.125	123.444	78.0556
californicum	andesicola	multiplex	0.23971	5.41726	6.05189e-08	0.0568004	122.119	138.276	84.8018
andesicola	novomexicanum	californicum	0.012139	0.193742	0.846378	0.00053762	341.67	41.9792	40.9722
andesicola	californicum	nudicaule	0.084379	1.6534	0.0982502	0.0170957	335.674	94.8229	80.066
californicum	andesicola	nuttallianum-14	0.258421	4.82861	1.3749e-06	0.0498369	137.868	113.76	67.0382
californicum	andesicola	nuttallianum-7_9	0.209927	4.29484	1.74817e-05	0.0591291	157.94	117.242	76.5584
occidentale	andesicola	californicum	0.00985767	0.18014	0.857043	0.000723297	187.108	66.5174	65.2188
parryi	californicum	andesicola	0.0180167	0.355328	0.722344	0.00473964	197.365	100.059	96.5174
andesicola	californicum	patens	0.0852522	1.54686	0.121896	0.0163803	538.937	64.3125	54.2083
andesicola	ramosum-1_5	californicum	0.0481998	0.83494	0.403751	0.00245294	238.296	49.5914	45.0307
andesicola	ramosum-3	californicum	0.0920512	1.3708	0.170437	0.00431793	293.378	46.1771	38.3924
ramosum-4_10	andesicola	californicum	0.0463042	0.831644	0.40561	0.00258161	218.425	53.9174	49.1451
andesicola	sapellonis	californicum	0.0439853	0.738312	0.460325	0.00191172	379.153	42.8958	39.2812
californicum	andesicola	scaposum	0.22961	4.66148	3.13945e-06	0.057517	130.454	130.905	82.0162
scopulorum	andesicola	californicum	0.0257524	0.435256	0.663377	0.00135878	252.993	46.7465	44.3993
californicum	andesicola	stachydeum	0.229678	4.20124	2.65462e-05	0.0366543	101.896	121.021	75.8125
californicum	andesicola	trolliifolium	0.152614	3.00116	0.00268949	0.0279285	241.583	97.9722	72.0278
californicum	andesicola	viridescens	0.340839	6.51466	7.28555e-11	0.0509713	96.9688	133.358	65.559
californicum	andesicola	xantholeucum	0.288419	5.80926	6.27479e-09	0.0611183	140.084	128.478	70.9572
carolinianum	andesicola	cardinale	0.101681	1.78912	0.0735947	0.0109817	127.168	86.3762	70.4317
cardinale	andesicola	distichum-1_5	0.193527	4.0045	6.21477e-05	0.0416057	130.231	131.634	88.9459
cardinale	andesicola	distichum-2_6	0.197295	4.01954	5.83114e-05	0.0429992	190.069	116.799	78.3056
exaltatum	andesicola	cardinale	0.0994318	1.44546	0.148328	0.00775333	128.819	64.5	52.8333
geraniifolium	andesicola	cardinale	0.0870674	1.47009	0.141537	0.00514352	246.115	55.8698	46.9201
geyeri	andesicola	cardinale	0.135739	2.45174	0.0142167	0.0104908	158.435	77.6933	59.1221
glaucescens	andesicola	cardinale	0.0949813	1.73944	0.0819574	0.00839855	140.485	84.4815	69.8252
glaucum-1_2	andesicola	cardinale	0.0647011	1.04201	0.297406	0.00499838	134.57	68.8082	60.4453
glaucum-3_4	andesicola	cardinale	0.0325345	0.573423	0.566358	0.00249794	132.922	70.9115	66.4427
gypsophilum	cardinale	andesicola	0.369096	8.95736	2.3e-16	0.0979948	300.9	151.567	69.8449
hesperium	cardinale	andesicola	0.0717137	1.39589	0.162747	0.0186009	197.273	100.044	86.6551
cardinale	andesicola	lineapetalum	0.101284	2.05506	0.0398734	0.0176891	164.872	111.677	91.1354
cardinale	andesicola	multiplex	0.189445	4.11408	3.8872e-05	0.0439734	139.349	123.776	84.3479
novomexicanum	andesicola	cardinale	0.0471669	0.75106	0.452616	0.00235956	332.03	46.5226	42.3316
andesicola	cardinale	nudicaule	0.0804131	1.54534	0.122264	0.0157466	343.653	89.7118	76.3576
cardinale	andesicola	nuttallianum-14	0.205303	3.73907	0.000184699	0.0380982	143.917	99.4375	65.5625
cardinale	andesicola	nuttallianum-7_9	0.168278	3.31426	0.000918856	0.0444849	182.218	100.438	71.5041
occidentale	andesicola	cardinale	0.0806743	1.47253	0.140879	0.00685348	153.585	79.908	67.9774
parryi	cardinale	andesicola	0.107934	2.15583	0.0310973	0.0254493	327.139	97.6597	78.6319
andesicola	cardinale	patens	0.0394595	0.688342	0.491238	0.00649076	574.806	53.4167	49.3611
ramosum-1_5	andesicola	cardinale	0.0155612	0.275222	0.783145	0.000917257	216.149	52.2894	50.6869
ramosum-3	andesicola	cardinale	0.0166544	0.253866	0.799599	0.000928232	279.476	48.1146	46.5382
ramosum-4_10	andesicola	cardinale	0.0720087	1.2475	0.212214	0.00401958	195.391	52.7927	45.7003
sapellonis	andesicola	cardinale	0.04912	0.803574	0.421643	0.00224984	344.453	43.0503	39.0191
cardinale	andesicola	scaposum	0.188527	3.70773	0.000209127	0.0470718	149.174	118.391	80.8322
scopulorum	andesicola	cardinale	0.0177135	0.300309	0.763942	0.00104544	224.602	49.8733	48.1372
cardinale	andesicola	stachydeum	0.237889	4.27044	1.95091e-05	0.0336477	106.993	103.097	63.4722
cardinale	andesicola	trolliifolium	0.205488	3.94123	8.10634e-05	0.0367685	275.727	99.2616	65.4213
cardinale	andesicola	viridescens	0.150548	2.86012	0.00423487	0.023365	110.532	110.762	81.7755
cardinale	andesicola	xantholeucum	0.185536	3.60297	0.000314602	0.0382223	159.069	112.831	77.515
carolinianum	andesicola	distichum-1_5	0.0850367	1.69188	0.0906689	0.0149087	146.614	86.4066	72.8628
carolinianum	andesicola	distichum-2_6	0.0297214	0.579176	0.56247	0.00547797	196.639	76.75	72.3194
carolinianum	andesicola	exaltatum	0.0509751	0.871275	0.383604	0.00943396	70.5845	81.897	73.9525
geraniifolium	andesicola	carolinianum	0.0248194	0.414292	0.67866	0.00153733	184.209	57.1696	54.4005
carolinianum	andesicola	geyeri	0.0755551	1.52658	0.126866	0.0247987	86.9352	104.121	89.4925
carolinianum	andesicola	glaucescens	0.105091	2.03923	0.0414267	0.0335089	90.1528	106.653	86.3681
carolinianum	andesicola	glaucum-1_2	0.193502	3.42322	0.000618833	0.0460282	73.1406	98.7292	66.7153
carolinianum	andesicola	glaucum-3_4	0.151629	2.92611	0.00343229	0.0529846	79.9931	98.2743	72.3958
carolinianum	andesicola	gypsophilum	0.00675657	0.131893	0.895069	0.000766008	205.669	82.7801	81.669
andesicola	carolinianum	hesperium	0.0101262	0.18072	0.856587	0.0010207	144.691	74.4687	72.9757
carolinianum	andesicola	lineapetalum	0.106169	1.99187	0.0463851	0.0154967	182.753	86.6076	69.9826
carolinianum	andesicola	multiplex	0.097517	2.00374	0.0450982	0.0178009	152.226	81.834	67.2917
novomexicanum	andesicola	carolinianum	0.130777	2.21069	0.0270576	0.00701448	263.736	56.8333	43.6875
carolinianum	andesicola	nudicaule	0.0613902	1.07826	0.280918	0.00971927	371.441	65.375	57.8125
carolinianum	andesicola	nuttallianum-14	0.0403886	0.730923	0.464826	0.00627592	182.24	68.4236	63.1111
carolinianum	andesicola	nuttallianum-7_9	0.0491482	0.946654	0.343815	0.0118637	213.351	75.195	68.1499
carolinianum	andesicola	occidentale	0.148142	2.88339	0.00393424	0.0466417	85.6024	104.481	77.5191
carolinianum	andesicola	parryi	0.0362418	0.691437	0.489291	0.00345523	141.698	81.6076	75.8993
carolinianum	andesicola	patens	0.0407617	0.655612	0.512074	0.00618803	544.267	47.2535	43.5521
andesicola	ramosum-1_5	carolinianum	0.0249406	0.452618	0.650824	0.00156197	166.198	58.7535	55.8941
ramosum-3	andesicola	carolinianum	0.0603403	0.935264	0.349652	0.0035877	222.128	56.684	50.2326
andesicola	ramosum-4_10	carolinianum	0.00498655	0.0935253	0.925486	0.000323655	142.794	60.6017	60.0003
andesicola	sapellonis	carolinianum	0.063944	1.14202	0.253446	0.00316352	281.559	49.5694	43.6111
carolinianum	andesicola	scaposum	0.114768	2.15653	0.0310427	0.0208755	157.16	76.61	60.8356
andesicola	scopulorum	carolinianum	0.0631389	1.13312	0.257165	0.00412374	182.684	62.2951	54.8958
carolinianum	andesicola	stachydeum	0.181977	3.21378	0.00130998	0.0255859	129.399	89.2188	61.7465
carolinianum	andesicola	trolliifolium	0.00824424	0.148648	0.881832	0.00120826	293.042	65.8194	64.7431
carolinianum	andesicola	viridescens	0.142492	2.48144	0.0130853	0.0179246	114.559	82.3229	61.7882
carolinianum	andesicola	xantholeucum	0.052381	1.03291	0.301644	0.00912185	176.974	80.5729	72.5521
distichum-2_6	distichum-1_5	andesicola	0.271443	6.72988	1.69807e-11	0.0763326	225.948	170.462	97.6778
exaltatum	andesicola	distichum-1_5	0.069194	1.19794	0.230942	0.00929212	130.259	67.5816	58.8344
geraniifolium	andesicola	distichum-1_5	0.00272699	0.054346	0.956659	0.000300591	279.892	59.7521	59.4271
andesicola	geyeri	distichum-1_5	0.0556383	1.20313	0.228925	0.00817173	180.777	86.7135	77.5729
andesicola	glaucescens	distichum-1_5	0.033755	0.721183	0.470797	0.00566571	170.949	98.203	91.7898
andesicola	glaucum-1_2	distichum-1_5	0.034095	0.635309	0.525227	0.00469301	158.308	75.1768	70.2195
glaucum-3_4	andesicola	distichum-1_5	0.00559862	0.118646	0.905556	0.000771016	161.882	78.9872	78.1076
gypsophilum	andesicola	distichum-1_5	0.395453	10.5054	2.3e-16	0.0993309	120.518	208.641	90.3885
hesperium	andesicola	distichum-1_5	0.224999	5.17207	2.3152e-07	0.0494754	125.913	141.299	89.3932
lineapetalum	distichum-1_5	andesicola	0.168032	4.07552	4.59122e-05	0.044706	226.007	139.955	99.6872
multiplex	distichum-1_5	andesicola	0.107572	2.91102	0.00360256	0.0194355	560.512	95.0796	76.6105
novomexicanum	andesicola	distichum-1_5	0.0113746	0.214045	0.830512	0.000966189	392.179	49.0423	47.9391
distichum-1_5	andesicola	nudicaule	0.0356177	0.775899	0.437809	0.00662813	390.017	92.6896	86.3139
nuttallianum-14	distichum-1_5	andesicola	0.224652	5.27721	1.31167e-07	0.0613052	203.996	133.951	84.8068
nuttallianum-7_9	distichum-1_5	andesicola	0.322786	8.44387	2.3e-16	0.0909072	180.205	161.775	82.8222
andesicola	occidentale	distichum-1_5	0.0800376	1.7029	0.0885877	0.0119416	176.837	90.2818	76.9009
parryi	andesicola	distichum-1_5	0.242681	5.59928	2.15247e-08	0.0577497	124.845	152.904	93.1836
andesicola	distichum-1_5	patens	0.0831374	1.66055	0.0968037	0.0131073	639.757	59.342	50.2323
andesicola	ramosum-1_5	distichum-1_5	0.0760497	1.59538	0.110627	0.00887474	260.429	71.3753	61.2865
ramosum-3	andesicola	distichum-1_5	0.013583	0.239118	0.811014	0.00125372	335.115	50.9396	49.5743
ramosum-4_10	andesicola	distichum-1_5	0.0592904	1.21541	0.224211	0.00645771	229.817	65.3826	58.0635
andesicola	sapellonis	distichum-1_5	0.0857308	1.69948	0.0892292	0.00760338	424.166	55.6069	46.8253
andesicola	distichum-1_5	scaposum	0.0964351	2.58345	0.00978189	0.0255118	140.633	125.584	103.493
andesicola	scopulorum	distichum-1_5	0.026793	0.53674	0.591447	0.00278703	266.353	54.0717	51.2498
stachydeum	andesicola	distichum-1_5	0.220329	4.35531	1.32879e-05	0.0394498	120.271	116.523	74.447
andesicola	distichum-1_5	trolliifolium	0.047433	1.08546	0.277717	0.00910191	284.571	100.306	91.2213
distichum-1_5	viridescens	andesicola	0.00760444	0.164636	0.86923	0.00143952	527.127	81.0655	79.8419
xantholeucum	distichum-1_5	andesicola	0.222861	5.41977	5.96765e-08	0.0599057	204.792	133.949	85.126
andesicola	exaltatum	distichum-2_6	0.00725099	0.126233	0.899547	0.000894945	191.553	53.5391	52.7682
geraniifolium	andesicola	distichum-2_6	0.124646	2.37503	0.0175476	0.014197	344.941	64.0365	49.842
andesicola	geyeri	distichum-2_6	0.129245	2.82904	0.00466881	0.0201438	227.503	92.6283	71.4251
andesicola	glaucescens	distichum-2_6	0.169084	3.60508	0.000312055	0.0277027	229.117	99.02	70.3776
andesicola	glaucum-1_2	distichum-2_6	0.0300218	0.538014	0.590567	0.00418366	218.929	66.0868	62.2344
glaucum-3_4	andesicola	distichum-2_6	0.000887414	0.0182684	0.985425	0.000127386	237.134	75.3872	75.2535
gypsophilum	andesicola	distichum-2_6	0.355165	9.41804	2.3e-16	0.0936939	182.615	189.448	90.1461
hesperium	andesicola	distichum-2_6	0.264529	5.78979	7.04742e-09	0.0594405	191.759	141.044	82.0336
distichum-2_6	lineapetalum	andesicola	0.059537	1.44955	0.147183	0.0169944	242.934	136.5	121.16
distichum-2_6	multiplex	andesicola	0.223421	5.7064	1.15391e-08	0.0599064	217.79	160.473	101.862
novomexicanum	andesicola	distichum-2_6	0.144398	2.62882	0.00856814	0.01428	457.861	59.3641	44.3832
distichum-2_6	andesicola	nudicaule	0.0531767	1.2483	0.211921	0.0111964	337.115	105.559	94.8993
distichum-2_6	nuttallianum-14	andesicola	0.0359671	0.828073	0.407629	0.0090571	267.048	106.312	98.9297
nuttallianum-7_9	distichum-2_6	andesicola	0.106031	2.74278	0.00609221	0.0264054	328.891	120.24	97.1858
andesicola	occidentale	distichum-2_6	0.219708	4.77337	1.81169e-06	0.0343877	241.933	95.0356	60.7977
parryi	andesicola	distichum-2_6	0.229957	5.13116	2.87965e-07	0.0571518	183.766	146.02	91.419
andesicola	distichum-2_6	patens	0.134953	2.99486	0.00274569	0.0272862	555.274	77.3472	58.9531
andesicola	ramosum-1_5	distichum-2_6	0.0543502	1.13528	0.256256	0.00632455	337.022	63.923	57.3328
andesicola	ramosum-3	distichum-2_6	0.0620594	1.095	0.273517	0.00634017	398.204	52.4401	46.3116
ramosum-4_10	andesicola	distichum-2_6	0.0255727	0.517741	0.604639	0.00303197	307.939	62.1686	59.0682
sapellonis	andesicola	distichum-2_6	0.0198407	0.39069	0.696026	0.00189881	479.964	51.4462	49.4444
distichum-2_6	andesicola	scaposum	0.207055	5.11206	3.18664e-07	0.0619544	123.178	167.607	110.105
scopulorum	andesicola	distichum-2_6	0.00908381	0.178972	0.85796	0.000981704	330.791	52.3608	51.4181
stachydeum	andesicola	distichum-2_6	0.170502	3.28955	0.00100348	0.0318021	174.628	105.181	74.5382
andesicola	distichum-2_6	trolliifolium	0.189151	4.57624	4.73411e-06	0.0450628	217.511	142.119	96.9068
distichum-2_6	viridescens	andesicola	0.291233	6.70426	2.02436e-11	0.0788633	164.752	153.162	84.0718
distichum-2_6	xantholeucum	andesicola	0.0337355	0.798056	0.424838	0.00964593	232.631	122.117	114.147
geraniifolium	andesicola	exaltatum	0.0388736	0.629621	0.528942	0.0041329	172.72	51.941	48.0538
andesicola	exaltatum	geyeri	0.0261667	0.48515	0.62757	0.00646967	59.5434	80.816	76.6944
exaltatum	andesicola	glaucescens	0.0424131	0.758001	0.448451	0.0107573	82.0946	78.3411	71.9661
exaltatum	glaucum-1_2	andesicola	0.0259171	0.3932	0.694172	0.00490065	99.3125	57.8993	54.974
exaltatum	glaucum-3_4	andesicola	0.0360831	0.63572	0.524959	0.00596732	114.101	57.8264	53.7986
andesicola	exaltatum	gypsophilum	0.00238163	0.0391828	0.968745	0.000191552	195.038	61.3785	61.0868
exaltatum	andesicola	hesperium	0.123182	1.9002	0.0574075	0.00911236	138.616	65.7894	51.3588
andesicola	exaltatum	lineapetalum	0.00893527	0.145104	0.884629	0.000908825	166.24	56.066	55.0729
exaltatum	andesicola	multiplex	0.0437155	0.815862	0.414579	0.00628486	140.131	62.9745	57.6992
novomexicanum	andesicola	exaltatum	0.0718067	1.1282	0.259237	0.00564935	250.533	40.4253	35.0087
exaltatum	andesicola	nudicaule	0.0497667	0.750456	0.45298	0.00554379	360.531	46.875	42.4306
andesicola	exaltatum	nuttallianum-14	0.051651	0.816162	0.414407	0.0059515	161.424	52.5278	47.3681
exaltatum	andesicola	nuttallianum-7_9	0.0776499	1.33002	0.183512	0.0123251	196.139	53.3929	45.6985
exaltatum	andesicola	occidentale	0.0668949	1.19776	0.23101	0.0177398	71.1615	80.6302	70.5191
exaltatum	andesicola	parryi	0.151536	2.44032	0.0146743	0.0106316	142.771	69.8958	51.5
exaltatum	andesicola	patens	0.0701107	0.938607	0.347933	0.0070324	573.924	32.2222	28
andesicola	ramosum-1_5	exaltatum	0.0797801	1.36415	0.172521	0.00840575	140.897	53.8206	45.8675
andesicola	ramosum-3	exaltatum	0.146134	2.22225	0.0262664	0.0137093	211.788	50.1354	37.3507
andesicola	ramosum-4_10	exaltatum	0.058488	1.03632	0.300054	0.00592975	124.492	51.7476	46.0288
andesicola	sapellonis	exaltatum	0.0420688	0.707537	0.479233	0.00351321	267.679	41.8003	38.4253
exaltatum	andesicola	scaposum	0.0873599	1.45146	0.146651	0.0125981	157.039	60.5058	50.7836
scopulorum	andesicola	exaltatum	0.0336001	0.572773	0.566798	0.0036399	166.226	52.0174	48.6354
exaltatum	andesicola	stachydeum	0.115842	1.76553	0.0774754	0.0106459	120.448	58.5972	46.4306
exaltatum	andesicola	trolliifolium	0.021377	0.351405	0.725285	0.00240875	289.595	53.088	50.8657
exaltatum	andesicola	viridescens	0.0535562	0.822566	0.410755	0.00488914	112.764	55.8056	50.1319
exaltatum	andesicola	xantholeucum	0.0337138	0.571101	0.567931	0.00430093	174.378	61.2164	57.2234
geraniifolium	andesicola	geyeri	0.141972	2.87214	0.00407697	0.0259644	193.251	79.5846	59.7964
geraniifolium	andesicola	glaucescens	0.131962	2.62225	0.00873524	0.027752	213.45	87.0972	66.7899
geraniifolium	andesicola	glaucum-1_2	0.140991	2.54956	0.0107859	0.0229481	196.769	76.8802	57.8802
geraniifolium	andesicola	glaucum-3_4	0.0899179	1.74653	0.0807191	0.020972	210.65	71.0651	59.3394
andesicola	geraniifolium	gypsophilum	0.0169298	0.318493	0.750111	0.00107374	346.08	55.5313	53.6823
geraniifolium	andesicola	hesperium	0.0320326	0.562179	0.573994	0.00190008	274.203	55.2911	51.8588
geraniifolium	andesicola	lineapetalum	0.0803999	1.50669	0.13189	0.00714921	307.306	61.2517	52.1354
geraniifolium	andesicola	multiplex	0.0927622	1.9252	0.0542039	0.0109569	297.403	63.7218	52.9034
novomexicanum	andesicola	geraniifolium	0.238344	5.35193	8.70209e-08	0.0534122	219.332	111.205	68.398
geraniifolium	andesicola	nudicaule	0.039616	0.670395	0.502606	0.00377357	561.976	46.6302	43.0764
geraniifolium	andesicola	nuttallianum-14	0.101933	1.76554	0.0774731	0.00962366	287.809	50.908	41.4896
geraniifolium	andesicola	nuttallianum-7_9	0.0947468	1.77878	0.0752754	0.0120613	327.916	50.9319	42.1159
geraniifolium	andesicola	occidentale	0.0961953	1.92424	0.0543246	0.0210776	204.283	83.4583	68.8108
geraniifolium	andesicola	parryi	0.0639632	1.14702	0.251371	0.00367231	272.051	59.5041	52.3495
geraniifolium	andesicola	patens	0.108077	1.69277	0.0904995	0.00979803	843.809	34.3802	27.6736
geraniifolium	andesicola	ramosum-1_5	0.129208	2.86529	0.00416629	0.0520013	147.141	110.844	85.4779
ramosum-3	andesicola	geraniifolium	0.244744	5.30445	1.13014e-07	0.0567631	183.58	112.234	68.099
geraniifolium	andesicola	ramosum-4_10	0.0435399	0.963316	0.335389	0.0169949	147.865	93.0319	85.2687
sapellonis	andesicola	geraniifolium	0.129807	2.99196	0.00277195	0.030291	243.687	104.029	80.1246
geraniifolium	andesicola	scaposum	0.0092649	0.171719	0.863658	0.00115533	292.646	55.1291	54.1169
geraniifolium	scopulorum	andesicola	0.0130586	0.312495	0.754664	0.00297263	413.031	73.7394	71.8384
geraniifolium	andesicola	stachydeum	0.120899	2.04231	0.0411206	0.0104008	257.641	62.7188	49.1892
geraniifolium	andesicola	trolliifolium	0.123274	2.16526	0.0303674	0.0106213	435.348	49.3805	38.542
geraniifolium	andesicola	viridescens	0.0239403	0.417979	0.675962	0.00183225	239.422	53.8715	51.3524
geraniifolium	andesicola	xantholeucum	0.0675401	1.23697	0.216099	0.00664773	297.937	52.4123	45.7804
glaucescens	geyeri	andesicola	0.131254	2.91652	0.00353958	0.0322717	161.909	111.468	85.6021
glaucum-1_2	andesicola	geyeri	0.0842023	1.61206	0.10695	0.02002	86.3918	94.8275	80.0984
andesicola	glaucum-3_4	geyeri	0.0442348	0.980542	0.326819	0.0114395	84.1372	105.861	96.8924
geyeri	andesicola	gypsophilum	0.00592914	0.119811	0.904633	0.000480187	266.332	71.1328	70.2943
geyeri	andesicola	hesperium	0.0901165	1.73887	0.0820578	0.00674866	182.716	75.8672	63.3238
andesicola	geyeri	lineapetalum	0.0756889	1.56757	0.116981	0.00866902	210.995	79.3626	68.1942
andesicola	geyeri	multiplex	0.0788671	1.80085	0.0717269	0.0127896	188.827	86.5208	73.8711
novomexicanum	andesicola	geyeri	0.0585386	1.15823	0.246771	0.00871311	301.504	61.9397	55.089
andesicola	geyeri	nudicaule	0.0743827	1.44448	0.148605	0.00828259	460.873	58.8417	50.6942
andesicola	geyeri	nuttallianum-14	0.170339	3.31517	0.00091586	0.0222475	185.073	75.1181	53.2517
andesicola	geyeri	nuttallianum-7_9	0.116834	2.49397	0.0126322	0.0225025	229.086	77.1451	61.0045
occidentale	geyeri	andesicola	0.0309247	0.682103	0.495174	0.00741578	147.882	97.3764	91.5344
geyeri	andesicola	parryi	0.0959294	1.88489	0.0594451	0.00699833	181.638	79.8414	65.864
geyeri	andesicola	patens	0.00678239	0.116824	0.907	0.000712751	733.002	36.8524	36.3559
andesicola	ramosum-1_5	geyeri	0.0542424	1.16199	0.245238	0.0106636	156.346	80.1725	71.9225
andesicola	ramosum-3	geyeri	0.198236	4.01085	6.04996e-05	0.0412334	248.049	91.8426	61.4537
andesicola	ramosum-4_10	geyeri	0.0292058	0.632319	0.527179	0.00564573	136.005	76.4079	72.0714
andesicola	sapellonis	geyeri	0.0401063	0.838036	0.402011	0.00614398	326.173	62.1554	57.362
andesicola	geyeri	scaposum	0.0235403	0.478591	0.632229	0.0035279	193.019	67.4097	64.309
andesicola	scopulorum	geyeri	0.00156107	0.0323543	0.974189	0.000276493	182.853	64.0473	63.8477
geyeri	andesicola	stachydeum	0.082522	1.55997	0.118766	0.00861849	165.476	73.4812	62.2781
andesicola	geyeri	trolliifolium	0.00342313	0.0684337	0.94544	0.000422989	347.134	64.3767	63.9375
andesicola	geyeri	viridescens	0.0740422	1.40831	0.159039	0.00768412	156.586	78.3843	67.577
andesicola	geyeri	xantholeucum	0.141628	2.95417	0.00313507	0.019273	201.93	78.7185	59.1872
glaucum-1_2	andesicola	glaucescens	0.00236967	0.0455153	0.963697	0.000671338	97.4028	93.2656	92.8247
andesicola	glaucum-3_4	glaucescens	0.219977	5.74907	8.97343e-09	0.0722915	99.6931	149.596	95.648
glaucescens	andesicola	gypsophilum	0.065116	1.29578	0.195053	0.00571967	231.128	82.0417	72.0104
glaucescens	andesicola	hesperium	0.165115	3.15325	0.00161462	0.014055	174.12	92.603	66.3565
andesicola	glaucescens	lineapetalum	0.0964326	2.00105	0.0453869	0.0124712	202.806	91.6701	75.5451
andesicola	glaucescens	multiplex	0.0919051	2.11826	0.0341532	0.017501	181.456	103.705	86.2475
novomexicanum	andesicola	glaucescens	0.0806569	1.55861	0.119089	0.0144341	331.836	72.2595	61.4731
andesicola	glaucescens	nudicaule	0.106552	2.01131	0.044293	0.0134727	440.835	66.908	54.0226
andesicola	glaucescens	nuttallianum-14	0.0611463	1.16911	0.242361	0.00865837	199.493	75.0208	66.375
andesicola	glaucescens	nuttallianum-7_9	0.145887	3.11508	0.00183894	0.030259	232.664	87.0352	64.8737
glaucescens	occidentale	andesicola	0.136198	2.94201	0.00326089	0.0249081	388.836	83.4805	63.4666
glaucescens	andesicola	parryi	0.11507	2.25657	0.0240351	0.00937908	168.891	91.217	72.3906
andesicola	glaucescens	patens	0.0895731	1.54116	0.123277	0.0114516	682.932	48.783	40.7622
andesicola	ramosum-1_5	glaucescens	0.105755	2.25973	0.0238377	0.0240086	191.82	90.9259	73.5336
andesicola	ramosum-3	glaucescens	0.0902674	1.68865	0.0912873	0.0174119	272.351	71.8611	59.9618
ramosum-4_10	andesicola	glaucescens	0.0419759	0.88976	0.373595	0.0086607	158.724	77.9389	71.6593
andesicola	sapellonis	glaucescens	0.0489626	0.995377	0.319553	0.00914702	352.455	75.1319	68.1181
glaucescens	andesicola	scaposum	0.0711843	1.46826	0.142033	0.0112803	193.837	78.3491	67.9359
scopulorum	andesicola	glaucescens	0.117733	2.32236	0.0202133	0.0227594	204.152	73.9891	58.4023
glaucescens	andesicola	stachydeum	0.0771245	1.42637	0.153761	0.00905685	157.365	82.8264	70.9653
glaucescens	andesicola	trolliifolium	0.0477208	0.913832	0.360805	0.00568786	330.59	64.989	59.0689
andesicola	glaucescens	viridescens	0.0907976	1.72935	0.0837473	0.0105482	144.896	89.5799	74.6667
andesicola	glaucescens	xantholeucum	0.0264946	0.534223	0.593188	0.00390536	199.592	76.1419	72.2114
glaucum-3_4	glaucum-1_2	andesicola	0.0563765	1.0652	0.286786	0.0109043	153.271	75.228	67.1985
andesicola	glaucum-1_2	gypsophilum	0.0203179	0.362671	0.716851	0.00156132	216.335	64.908	62.3229
glaucum-1_2	andesicola	hesperium	0.0351844	0.592898	0.55325	0.00270347	142.895	67.8588	63.2459
andesicola	glaucum-1_2	lineapetalum	0.099068	1.7459	0.0808289	0.0111216	180.741	72.9878	59.8299
andesicola	glaucum-1_2	multiplex	0.0492495	0.986773	0.323754	0.00784964	166.274	76.887	69.6692
novomexicanum	andesicola	glaucum-1_2	0.0821455	1.40899	0.158837	0.0100935	280.579	54.2721	46.0326
andesicola	glaucum-1_2	nudicaule	0.0226896	0.36382	0.715993	0.00249107	410.477	49.8073	47.5972
andesicola	glaucum-1_2	nuttallianum-14	0.108568	1.72244	0.0849901	0.0115635	175.493	53.4028	42.9427
andesicola	glaucum-1_2	nuttallianum-7_9	0.0231207	0.411715	0.680548	0.00370792	213.378	53.7008	51.2737
glaucum-1_2	andesicola	occidentale	0.0528273	1.01672	0.309285	0.0152447	92.68	97.9873	88.1539
glaucum-1_2	andesicola	parryi	0.0932226	1.58626	0.11268	0.00646977	155.657	70.4537	58.4381
glaucum-1_2	andesicola	patens	0.0124273	0.183155	0.854676	0.00120223	659.729	31.8941	31.1111
ramosum-1_5	andesicola	glaucum-1_2	0.012754	0.236301	0.813199	0.00193663	166.682	63.4839	61.885
ramosum-3	andesicola	glaucum-1_2	0.0558085	0.888499	0.374272	0.00719719	232.806	52.7483	47.1719
ramosum-4_10	andesicola	glaucum-1_2	0.0982908	1.84129	0.0655784	0.0145213	134.853	65.9764	54.1674
andesicola	sapellonis	glaucum-1_2	0.0395234	0.712674	0.476048	0.00511428	306.607	55.2057	51.0078
glaucum-1_2	andesicola	scaposum	0.0262905	0.460422	0.645213	0.00354192	172.635	57.2671	54.333
scopulorum	andesicola	glaucum-1_2	0.0965026	1.7155	0.0862533	0.0145446	174.162	63.4796	52.306
glaucum-1_2	andesicola	stachydeum	0.0482885	0.766676	0.443274	0.0049054	133.892	64.7309	58.7674
andesicola	glaucum-1_2	trolliifolium	0.0225257	0.369668	0.71163	0.00236077	317.137	50.4769	48.2529
andesicola	glaucum-1_2	viridescens	0.0484829	0.799501	0.424	0.00454087	135.354	64.5208	58.5538
glaucum-1_2	andesicola	xantholeucum	0.013866	0.237364	0.812375	0.0017245	180.031	58.3299	56.7344
andesicola	glaucum-3_4	gypsophilum	0.0236709	0.476229	0.633911	0.00189646	228.087	73.2778	69.8889
glaucum-3_4	andesicola	hesperium	0.0846087	1.60743	0.107959	0.00679823	157.262	82.6788	69.7795
glaucum-3_4	andesicola	lineapetalum	0.0836429	1.66966	0.0949863	0.00944212	196.634	81.0399	68.5295
glaucum-3_4	andesicola	multiplex	0.0146431	0.330733	0.740846	0.00220638	179.464	77.9849	75.7339
andesicola	novomexicanum	glaucum-3_4	0.0404865	0.784362	0.432828	0.00742776	311.828	54.2101	49.9913
glaucum-3_4	andesicola	nudicaule	0.075088	1.40019	0.161457	0.00870666	455.745	62.0434	53.3767
glaucum-3_4	andesicola	nuttallianum-14	0.0186955	0.334438	0.738049	0.00200246	192.183	54.4887	52.4887
andesicola	glaucum-3_4	nuttallianum-7_9	0.00896594	0.184097	0.853937	0.00150733	224.563	63.2023	62.079
andesicola	glaucum-3_4	occidentale	0.272473	7.8713	3.50978e-15	0.105168	78.184	170.47	97.4653
glaucum-3_4	andesicola	parryi	0.0251361	0.502962	0.614991	0.00180723	161.545	74.4864	70.8336
glaucum-3_4	andesicola	patens	0.0408647	0.680409	0.496246	0.00434664	712.052	39.6215	36.5104
andesicola	ramosum-1_5	glaucum-3_4	0.0631917	1.34803	0.17765	0.0146011	184.849	69.3442	61.1011
andesicola	ramosum-3	glaucum-3_4	0.102552	1.92324	0.0544495	0.0207483	265.806	59.5981	48.5113
andesicola	ramosum-4_10	glaucum-3_4	0.0124853	0.269643	0.787435	0.00271206	154.941	62.1443	60.6116
andesicola	sapellonis	glaucum-3_4	0.114927	2.35108	0.018719	0.0213551	343.638	59.1168	46.9293
glaucum-3_4	andesicola	scaposum	0.0626291	1.26486	0.205922	0.00909742	184.393	71.6827	63.2331
scopulorum	andesicola	glaucum-3_4	0.0480423	0.934584	0.350003	0.0106335	204.304	61.8281	56.1597
glaucum-3_4	andesicola	stachydeum	0.0564659	1.04304	0.296929	0.00566913	146.891	71.2662	63.6481
glaucum-3_4	andesicola	trolliifolium	0.0688909	1.30211	0.192878	0.00745189	338.118	61.1739	53.2885
andesicola	glaucum-3_4	viridescens	0.0130633	0.244717	0.806676	0.00129558	134.917	70.684	68.8611
glaucum-3_4	andesicola	xantholeucum	0.00248381	0.0486241	0.961219	0.000313549	197.612	65.1658	64.8429
gypsophilum	hesperium	andesicola	0.224024	5.5288	3.22426e-08	0.0654051	210.834	149.439	94.7373
gypsophilum	andesicola	lineapetalum	0.349284	9.20687	2.3e-16	0.0744115	158.809	189.649	91.4618
gypsophilum	andesicola	multiplex	0.407939	11.3272	2.3e-16	0.116172	135.785	215.244	90.5134
novomexicanum	andesicola	gypsophilum	0.0672732	1.18324	0.236714	0.00315983	441.809	44.3993	38.8021
gypsophilum	andesicola	nudicaule	0.159598	3.86268	0.000112149	0.0402865	348.837	141.556	102.59
gypsophilum	andesicola	nuttallianum-14	0.369354	9.08532	2.3e-16	0.087975	147.627	165.637	76.283
gypsophilum	andesicola	nuttallianum-7_9	0.397981	10.567	2.3e-16	0.125403	175.262	170.499	73.423
occidentale	andesicola	gypsophilum	0.0405989	0.794073	0.427153	0.00324	249.26	71.9097	66.2986
gypsophilum	parryi	andesicola	0.288517	7.12776	1.02017e-12	0.0728494	431.945	137.438	75.8895
gypsophilum	andesicola	patens	0.078465	1.84122	0.065589	0.0183338	571.792	85.1875	72.7917
andesicola	ramosum-1_5	gypsophilum	0.0388557	0.750717	0.452823	0.00227339	325.236	53.5654	49.5584
andesicola	ramosum-3	gypsophilum	0.0248452	0.417026	0.676659	0.00130753	378.95	46.2622	44.0191
ramosum-4_10	andesicola	gypsophilum	0.0171816	0.335948	0.73691	0.0010863	300.498	57.0024	55.0767
sapellonis	andesicola	gypsophilum	0.00482664	0.0901544	0.928165	0.000230458	459.722	42.6487	42.239
gypsophilum	andesicola	scaposum	0.367892	9.58594	2.3e-16	0.109956	140.528	190.602	88.0781
andesicola	scopulorum	gypsophilum	0.0467248	0.880995	0.37832	0.00275471	321.61	51.61	47.0023
gypsophilum	andesicola	stachydeum	0.415498	10.314	2.3e-16	0.0757637	102.587	170.74	70.5035
gypsophilum	andesicola	trolliifolium	0.379778	9.28277	2.3e-16	0.0838755	267.501	161.182	72.4525
gypsophilum	andesicola	viridescens	0.389583	10.3633	2.3e-16	0.0683999	105.01	174.615	76.7049
gypsophilum	andesicola	xantholeucum	0.361786	9.19941	2.3e-16	0.0910997	155.221	180.466	84.577
hesperium	andesicola	lineapetalum	0.179076	3.82799	0.000129196	0.0310057	149.983	124.323	86.559
hesperium	andesicola	multiplex	0.192591	4.60318	4.16091e-06	0.049293	129.468	141.744	95.9637
novomexicanum	andesicola	hesperium	0.0144047	0.247725	0.804347	0.000739298	366.109	48.4149	47.0399
andesicola	hesperium	nudicaule	0.100058	2.1133	0.0345747	0.0231531	328.276	108.606	88.849
hesperium	andesicola	nuttallianum-14	0.261504	5.29099	1.21653e-07	0.0503142	149.979	114.052	66.7668
hesperium	andesicola	nuttallianum-7_9	0.233747	5.12595	2.96042e-07	0.0603722	173.74	112.05	69.592
occidentale	andesicola	hesperium	0.0900794	1.68191	0.0925864	0.00691219	180.038	75.8223	63.2911
parryi	hesperium	andesicola	0.0444309	0.958297	0.337913	0.0119257	220.639	106.924	97.8264
andesicola	hesperium	patens	0.0488773	0.933728	0.350444	0.00935395	536.271	61.4722	55.7431
ramosum-1_5	andesicola	hesperium	0.0320529	0.587912	0.556591	0.00184282	249.462	55.0336	51.6152
ramosum-3	andesicola	hesperium	0.0126244	0.196419	0.844282	0.000626416	315.029	45.1192	43.9942
ramosum-4_10	andesicola	hesperium	0.0389266	0.712456	0.476183	0.00234162	223.95	58.1421	53.7852
sapellonis	andesicola	hesperium	0.066477	1.1921	0.233223	0.00302356	380.57	45.761	40.0561
hesperium	andesicola	scaposum	0.247575	5.31442	1.06995e-07	0.0598435	132.564	123.959	74.7606
scopulorum	andesicola	hesperium	0.061582	1.0915	0.275051	0.00369409	256.684	54.7083	48.3611
hesperium	andesicola	stachydeum	0.24477	4.84936	1.23861e-06	0.0388845	105.711	122.899	74.5654
hesperium	andesicola	trolliifolium	0.244613	5.01348	5.34543e-07	0.0463064	264.414	114.941	69.7608
hesperium	andesicola	viridescens	0.2236	4.56958	4.8871e-06	0.0336606	103.385	119.212	75.6424
hesperium	andesicola	xantholeucum	0.310591	6.56306	5.27163e-11	0.064887	152.053	131.784	69.3223
lineapetalum	multiplex	andesicola	0.143886	3.70568	0.000210823	0.0358699	273.274	131.666	98.5423
novomexicanum	andesicola	lineapetalum	0.00205018	0.0373505	0.970206	0.000152055	414.898	48.3672	48.1693
andesicola	lineapetalum	nudicaule	0.04205	0.914165	0.36063	0.00848436	326.071	95.7691	88.0399
nuttallianum-14	lineapetalum	andesicola	0.0673591	1.54289	0.122857	0.0148894	350.37	91.526	79.974
nuttallianum-7_9	lineapetalum	andesicola	0.14211	3.64997	0.000262273	0.0346802	266.977	116.806	87.7378
andesicola	occidentale	lineapetalum	0.0885283	1.80552	0.0709937	0.0105949	204.82	83.7439	70.1224
parryi	andesicola	lineapetalum	0.107726	2.41606	0.0156895	0.0205091	157.821	122.286	98.5017
andesicola	lineapetalum	patens	0.0573667	1.14021	0.254199	0.0108165	582.628	66.559	59.3368
andesicola	ramosum-1_5	lineapetalum	0.0674116	1.31906	0.187149	0.00618969	288.818	62.8147	54.8806
andesicola	ramosum-3	lineapetalum	0.039217	0.674868	0.49976	0.00319053	365.405	53.5503	49.5087
ramosum-4_10	andesicola	lineapetalum	0.0592673	1.15697	0.247283	0.00501264	254.998	58.5021	51.9556
andesicola	sapellonis	lineapetalum	0.0504681	0.958824	0.337647	0.00369332	441.569	50.5547	45.697
lineapetalum	andesicola	scaposum	0.090386	2.12189	0.0338472	0.024331	117.249	127.15	106.07
scopulorum	andesicola	lineapetalum	0.0409517	0.7724	0.439877	0.0032853	292.618	50.1319	46.1875
stachydeum	andesicola	lineapetalum	0.113626	2.17001	0.0300061	0.0166001	148.167	98.4167	78.3333
andesicola	lineapetalum	trolliifolium	0.13818	3.11547	0.0018365	0.0320855	239.168	130.189	98.5781
lineapetalum	viridescens	andesicola	0.187539	4.15376	3.27063e-05	0.0475764	188.295	126.205	86.3437
xantholeucum	lineapetalum	andesicola	0.0107564	0.25561	0.798252	0.00243828	486.938	91.1128	89.1736
andesicola	novomexicanum	multiplex	0.0252771	0.522444	0.601361	0.00263447	420.067	53.5168	50.878
andesicola	multiplex	nudicaule	0.0200364	0.478376	0.632383	0.00357248	382.931	89.6807	86.1575
nuttallianum-14	multiplex	andesicola	0.19446	4.81297	1.48707e-06	0.051774	183.257	132.662	89.4666
nuttallianum-7_9	multiplex	andesicola	0.267676	7.35517	1.90678e-13	0.0721459	182.204	154.824	89.4402
andesicola	occidentale	multiplex	0.118806	2.72933	0.00634624	0.0205762	182.967	93.8929	73.9519
parryi	andesicola	multiplex	0.254702	6.07265	1.25818e-09	0.066941	138.184	152.473	90.5695
andesicola	multiplex	patens	0.0602751	1.29482	0.195384	0.00985943	653.212	61.4002	54.4192
andesicola	ramosum-1_5	multiplex	0.145996	3.29186	0.000995262	0.0182955	270.718	72.6073	54.1074
andesicola	ramosum-3	multiplex	0.0780138	1.5223	0.127935	0.0088342	355.611	59.0257	50.4825
andesicola	ramosum-4_10	multiplex	0.013913	0.313356	0.75401	0.00171325	237.571	63.459	61.7174
andesicola	sapellonis	multiplex	0.0390765	0.839811	0.401015	0.00382677	436.712	51.9994	48.0883
multiplex	andesicola	scaposum	0.0489534	1.26543	0.205717	0.0112974	135.676	113.367	102.785
scopulorum	andesicola	multiplex	0.0427944	0.896691	0.369884	0.00477304	280.184	53.9309	49.5044
stachydeum	andesicola	multiplex	0.17039	3.64618	0.000266163	0.0358791	128.072	116.695	82.7171
andesicola	multiplex	trolliifolium	0.0665197	1.63001	0.1031	0.0130181	272.037	108.955	95.3634
multiplex	viridescens	andesicola	0.118877	2.87472	0.00404384	0.0203185	489.344	82.3786	64.8737
xantholeucum	multiplex	andesicola	0.158492	4.07627	4.57641e-05	0.0417256	206.398	130.259	94.6178
novomexicanum	andesicola	nudicaule	0.0154718	0.260006	0.794859	0.0011614	695.122	37.9444	36.7882
novomexicanum	andesicola	nuttallianum-14	0.0556876	0.911555	0.362003	0.00420407	382.389	40.0868	35.8576
novomexicanum	andesicola	nuttallianum-7_9	0.0540378	0.98633	0.323971	0.00584944	421.731	42.6007	38.2326
novomexicanum	andesicola	occidentale	0.0638948	1.27396	0.202678	0.0110577	314.411	64.724	56.9497
novomexicanum	andesicola	parryi	0.055757	0.957529	0.338301	0.00253013	366.214	48.3565	43.2488
novomexicanum	andesicola	patens	0.0307416	0.450623	0.652261	0.00244379	965.639	28.9306	27.2049
andesicola	novomexicanum	ramosum-1_5	0.100246	2.19084	0.0284635	0.0346208	217.118	90.8902	74.3277
andesicola	novomexicanum	ramosum-3	0.0787951	1.6788	0.0931904	0.0278686	127.234	113.095	96.5738
novomexicanum	andesicola	ramosum-4_10	0.0364903	0.790626	0.429162	0.0113732	249.295	74.4337	69.1927
novomexicanum	sapellonis	andesicola	0.106366	2.7207	0.00651433	0.0399386	185.423	118.444	95.6693
novomexicanum	andesicola	scaposum	0.0941774	1.63803	0.101416	0.00871541	382.703	46.3924	38.4063
novomexicanum	andesicola	scopulorum	0.244426	5.50221	3.75067e-08	0.0611946	206.722	103.097	62.5972
andesicola	novomexicanum	stachydeum	0.00218787	0.0356968	0.971524	0.000142199	336.982	42.9436	42.7561
novomexicanum	andesicola	trolliifolium	0.135254	2.2658	0.0234634	0.0106598	548.594	46.5868	35.4861
novomexicanum	andesicola	viridescens	0.0264664	0.44812	0.654067	0.00177437	346.896	48.2778	45.7882
novomexicanum	andesicola	xantholeucum	0.0812195	1.44274	0.149095	0.00640911	392.256	44.178	37.5408
nuttallianum-14	andesicola	nudicaule	0.0304941	0.623708	0.532819	0.00579106	281.689	79.7309	75.0122
nuttallianum-7_9	andesicola	nudicaule	0.034213	0.823604	0.410165	0.00737987	287.794	96.2752	89.9054
andesicola	occidentale	nudicaule	0.0882142	1.69377	0.0903096	0.0105456	462.499	62.0443	51.9852
andesicola	parryi	nudicaule	0.0805011	1.73432	0.0828611	0.0177984	345.347	102.531	87.2529
andesicola	nudicaule	patens	0.455982	12.883	2.3e-16	0.180027	356.264	195.132	72.9097
andesicola	ramosum-1_5	nudicaule	0.00552334	0.100802	0.919707	0.000531939	554.9	47.5668	47.0443
andesicola	ramosum-3	nudicaule	0.0235955	0.367566	0.713197	0.00186433	631.76	37.9583	36.2083
andesicola	ramosum-4_10	nudicaule	0.0420658	0.765032	0.444253	0.00384458	515.72	46.4653	42.7139
andesicola	sapellonis	nudicaule	0.0041672	0.0720515	0.942561	0.000288396	709.447	34.3047	34.02
andesicola	scaposum	nudicaule	0.0203983	0.433315	0.664786	0.00330565	332.092	73.1684	70.2431
andesicola	scopulorum	nudicaule	0.0356376	0.618473	0.536263	0.00324341	524.875	42.7326	39.7917
andesicola	stachydeum	nudicaule	0.0227005	0.402754	0.687129	0.00360421	344.325	70.8628	67.717
andesicola	trolliifolium	nudicaule	0.168577	4.22101	2.43212e-05	0.0550008	209.625	162.878	115.885
andesicola	viridescens	nudicaule	0.00253876	0.0476784	0.961973	0.000442842	338.667	76.7847	76.3958
xantholeucum	andesicola	nudicaule	0.101663	2.1787	0.0293536	0.0202346	314.125	95.1858	77.6181
nuttallianum-7_9	nuttallianum-14	andesicola	0.162341	4.09055	4.30349e-05	0.0343965	302.438	99.1567	71.4588
andesicola	occidentale	nuttallianum-14	0.12817	2.43642	0.0148333	0.0158615	195.354	68.2014	52.7049
parryi	andesicola	nuttallianum-14	0.227619	4.70139	2.58402e-06	0.0463477	140.987	116.33	73.1916
andesicola	nuttallianum-14	patens	0.0635137	1.19074	0.233757	0.0122071	470.472	60.9028	53.6285
andesicola	ramosum-1_5	nuttallianum-14	0.0918724	1.67869	0.0932128	0.00868032	267.533	50.9844	42.4045
andesicola	ramosum-3	nuttallianum-14	0.0344955	0.535757	0.592126	0.00269685	341.372	38.7361	36.1528
andesicola	ramosum-4_10	nuttallianum-14	0.0333729	0.628926	0.529398	0.00318806	243.342	48.9948	45.8302
andesicola	sapellonis	nuttallianum-14	0.137735	2.4721	0.0134322	0.0110117	398.148	45.3385	34.3611
nuttallianum-14	andesicola	scaposum	0.120463	2.81182	0.00492622	0.0352591	99.6959	127.441	100.038
scopulorum	andesicola	nuttallianum-14	0.0310757	0.566616	0.570975	0.00302335	282.446	47.8108	44.9288
stachydeum	andesicola	nuttallianum-14	0.178631	3.13422	0.00172309	0.0279896	137.802	85.9132	59.8715
andesicola	nuttallianum-14	trolliifolium	0.160766	3.62837	0.000285218	0.0380129	207.734	124.185	89.7859
nuttallianum-14	viridescens	andesicola	0.308385	6.53832	6.22141e-11	0.0767271	167.234	119.363	63.0955
nuttallianum-14	xantholeucum	andesicola	0.079307	1.76537	0.077501	0.0157303	403.187	82.8958	70.7135
andesicola	occidentale	nuttallianum-7_9	0.0894857	1.90448	0.0568472	0.0169131	230.759	73.3563	61.306
parryi	andesicola	nuttallianum-7_9	0.22552	4.97842	6.41042e-07	0.063358	174.576	117.477	74.2407
andesicola	nuttallianum-7_9	patens	0.126945	2.84431	0.00445079	0.0276974	505.601	78.4792	60.7986
andesicola	ramosum-1_5	nuttallianum-7_9	0.00914252	0.185915	0.852511	0.00119355	301.25	48.5783	47.6981
andesicola	ramosum-3	nuttallianum-7_9	0.0920131	1.60996	0.107406	0.0123988	376.798	50.5009	41.9905
ramosum-4_10	andesicola	nuttallianum-7_9	0.000599833	0.0122385	0.990235	8.37245e-05	282.018	51.2602	51.1988
andesicola	sapellonis	nuttallianum-7_9	0.0380369	0.744358	0.45666	0.00402005	445.989	40.7933	37.8037
nuttallianum-7_9	andesicola	scaposum	0.21954	5.6833	1.32121e-08	0.0672892	104.813	159.74	102.228
scopulorum	andesicola	nuttallianum-7_9	0.0509861	0.989688	0.322327	0.00662466	320.998	47.2206	42.639
stachydeum	andesicola	nuttallianum-7_9	0.132056	2.57706	0.00996445	0.0303172	170.395	88.0324	67.4942
andesicola	nuttallianum-7_9	trolliifolium	0.108819	2.78247	0.00539471	0.0272903	209.308	131.156	105.413
nuttallianum-7_9	viridescens	andesicola	0.377758	9.13885	2.3e-16	0.103563	139.394	149	67.2934
nuttallianum-7_9	xantholeucum	andesicola	0.184006	4.59765	4.27274e-06	0.0464095	245.361	122.229	84.238
occidentale	andesicola	parryi	0.0432019	0.838068	0.401992	0.00338475	176.637	80.1131	73.4777
andesicola	occidentale	patens	0.0528806	0.904241	0.365868	0.0056969	717.533	39.026	35.1059
andesicola	ramosum-1_5	occidentale	0.059184	1.28603	0.198431	0.0132844	169.612	81.8546	72.707
andesicola	ramosum-3	occidentale	0.0251623	0.480617	0.630789	0.00466795	261.369	63.73	60.6016
ramosum-4_10	andesicola	occidentale	0.0666025	1.44277	0.149084	0.0141168	143.768	79.5857	69.6464
andesicola	sapellonis	occidentale	0.0162799	0.335226	0.737455	0.00288726	335.26	64.1593	62.1037
occidentale	andesicola	scaposum	0.0129946	0.261504	0.793704	0.00196459	193.504	68.6169	66.8565
scopulorum	andesicola	occidentale	0.0580761	1.15753	0.247055	0.0117062	188.918	68.6367	61.102
andesicola	occidentale	stachydeum	0.00791935	0.14296	0.886321	0.000838312	154.036	69.6024	68.5087
andesicola	occidentale	trolliifolium	0.00158275	0.0306964	0.975512	0.000170952	339.414	54.9317	54.7581
andesicola	occidentale	viridescens	0.0992991	1.91051	0.0560672	0.0103872	144.771	81.1458	66.4861
andesicola	occidentale	xantholeucum	0.0404579	0.81181	0.416901	0.00569432	199.191	72.1059	66.4983
parryi	andesicola	patens	0.0508781	1.01926	0.308077	0.00997101	574.097	64.6181	58.3611
ramosum-1_5	andesicola	parryi	0.0674553	1.25751	0.208569	0.00370211	248.02	59.1638	51.6863
ramosum-3	andesicola	parryi	0.0599198	0.984296	0.32497	0.00285505	302.159	48.6447	43.1447
ramosum-4_10	andesicola	parryi	0.106832	2.02167	0.0432107	0.00580688	228.166	61.1088	49.3123
sapellonis	andesicola	parryi	0.0033658	0.0615497	0.950921	0.00014216	367.165	42.9563	42.6681
parryi	andesicola	scaposum	0.231909	5.13403	2.83606e-07	0.0598153	143.776	134.295	83.7326
scopulorum	andesicola	parryi	0.0795647	1.45147	0.146648	0.00416387	248.59	53.0486	45.2292
parryi	andesicola	stachydeum	0.252506	5.19253	2.0746e-07	0.0391855	108.905	115.551	68.9606
parryi	andesicola	trolliifolium	0.257796	5.47276	4.43091e-08	0.0487032	271.081	112.421	66.338
parryi	andesicola	viridescens	0.24615	5.16737	2.37413e-07	0.0373446	107.264	121.097	73.2569
parryi	andesicola	xantholeucum	0.241939	5.35021	8.78536e-08	0.0525874	152.409	126.442	77.1785
andesicola	ramosum-1_5	patens	0.01585	0.2629	0.792627	0.00139469	826.207	31.0443	30.0755
andesicola	ramosum-3	patens	0.0311714	0.459462	0.645903	0.00251697	876.472	28.4861	26.7639
ramosum-4_10	andesicola	patens	0.0709926	1.2094	0.226509	0.00678985	800.646	35.824	31.0747
sapellonis	andesicola	patens	0.0113529	0.179251	0.857741	0.000901135	969.274	28.6892	28.0451
andesicola	scaposum	patens	0.0529601	1.0266	0.304608	0.00786492	557.509	50.0851	45.0469
scopulorum	andesicola	patens	0.117309	1.82885	0.0674224	0.0098525	770.444	30.6736	24.2326
andesicola	stachydeum	patens	0.0729371	1.15026	0.250038	0.0109881	558.472	52.125	45.0382
andesicola	trolliifolium	patens	0.223545	5.12134	3.03377e-07	0.0636699	385.271	110.285	69.9861
andesicola	viridescens	patens	0.10713	1.77762	0.075467	0.0159392	563.569	53.2153	42.9167
xantholeucum	andesicola	patens	0.0353901	0.700888	0.483373	0.00663187	553.627	61.2812	57.092
andesicola	ramosum-3	ramosum-1_5	0.216612	4.58179	4.61011e-06	0.0805305	172.559	101.186	65.1545
andesicola	ramosum-1_5	ramosum-4_10	0.0796703	1.84286	0.06535	0.0301483	113.85	95.3867	81.3093
andesicola	sapellonis	ramosum-1_5	0.17833	4.21497	2.49814e-05	0.0631765	244.491	101.305	70.6418
andesicola	ramosum-1_5	scaposum	0.026103	0.512089	0.608589	0.00303486	265.721	54.1532	51.398
scopulorum	andesicola	ramosum-1_5	0.168482	3.7172	0.00020144	0.0631128	130.272	99.3225	70.6801
andesicola	ramosum-1_5	stachydeum	0.0532039	0.95318	0.340499	0.00441045	225.354	58.184	52.3056
andesicola	ramosum-1_5	trolliifolium	0.00876145	0.162785	0.870688	0.000750921	432.361	44.9751	44.1939
andesicola	ramosum-1_5	viridescens	0.118407	2.16023	0.0307551	0.00934502	233.477	61.8137	48.7251
andesicola	ramosum-1_5	xantholeucum	0.0252942	0.49172	0.622917	0.00233499	273.057	48.1701	45.7934
andesicola	ramosum-3	ramosum-4_10	0.14556	3.0005	0.00269534	0.0516291	199.153	87.4858	65.2531
andesicola	sapellonis	ramosum-3	0.127936	2.88742	0.0038841	0.0415179	137.682	111.047	85.8559
ramosum-3	andesicola	scaposum	0.0024526	0.040412	0.967765	0.00024505	339.823	43.9954	43.7801
ramosum-3	andesicola	scopulorum	0.245288	5.27908	1.29834e-07	0.0625343	170.942	102.039	61.8411
andesicola	ramosum-3	stachydeum	0.110115	1.68355	0.0922681	0.00819531	302.5	52.4375	42.0347
ramosum-3	andesicola	trolliifolium	0.0274649	0.43654	0.662445	0.00259022	497.418	47.9317	45.3692
andesicola	ramosum-3	viridescens	0.138851	2.19284	0.0283192	0.010356	301.472	58.3819	44.1458
andesicola	ramosum-3	xantholeucum	0.0331294	0.544038	0.586416	0.00298507	344.37	45.1528	42.2569
andesicola	sapellonis	ramosum-4_10	0.0550472	1.23686	0.216138	0.0171753	267.82	76.1359	68.1911
ramosum-4_10	andesicola	scaposum	0.0422435	0.816205	0.414383	0.00478305	241.18	53.5551	49.2138
andesicola	scopulorum	ramosum-4_10	0.011313	0.255244	0.798535	0.0046408	146.034	90.9615	88.9264
ramosum-4_10	andesicola	stachydeum	0.0432648	0.782264	0.434059	0.00348747	201.615	56.0806	51.4292
ramosum-4_10	andesicola	trolliifolium	0.0796113	1.48293	0.138093	0.00711703	399.784	50.1758	42.7758
andesicola	ramosum-4_10	viridescens	0.0356665	0.63802	0.523461	0.00278018	204.537	56.734	52.8264
ramosum-4_10	andesicola	xantholeucum	0.040672	0.796637	0.425662	0.00382842	254.606	50.4675	46.5227
sapellonis	andesicola	scaposum	0.0191875	0.352661	0.724343	0.00172483	406.432	42.7428	41.1334
sapellonis	andesicola	scopulorum	0.135494	3.12384	0.00178507	0.0361892	223.519	99.2478	75.5621
andesicola	sapellonis	stachydeum	0.0903697	1.55275	0.120482	0.00611419	368.248	49.4566	41.2587
andesicola	sapellonis	trolliifolium	0.00807774	0.145753	0.884116	0.000599223	574.595	38.7824	38.1609
andesicola	sapellonis	viridescens	0.090184	1.57234	0.115871	0.00583459	374.823	50.3056	41.9826
sapellonis	andesicola	xantholeucum	0.00638017	0.121938	0.902948	0.000522303	414.624	42.3093	41.7729
scopulorum	andesicola	scaposum	0.0589453	1.08934	0.276006	0.00660134	283.604	50.8381	45.1784
stachydeum	andesicola	scaposum	0.263818	5.09233	3.53693e-07	0.0495905	133.742	103.744	60.4317
scaposum	andesicola	trolliifolium	0.0376002	0.835924	0.403198	0.00685224	242.159	90.1889	83.6524
andesicola	viridescens	scaposum	0.0464497	1.01176	0.311654	0.0104326	124.83	94.1823	85.8212
xantholeucum	andesicola	scaposum	0.148413	3.51862	0.000433798	0.0415663	116.565	135.468	100.454
scopulorum	andesicola	stachydeum	0.0384933	0.637634	0.523712	0.00308498	239.289	50.8657	47.0949
andesicola	scopulorum	trolliifolium	0.00410851	0.076675	0.938882	0.000352318	427.968	42.0058	41.662
andesicola	scopulorum	viridescens	0.0443016	0.75656	0.449314	0.00325828	240.032	48.9867	44.8304
scopulorum	andesicola	xantholeucum	0.0204178	0.395283	0.692634	0.00203174	287.63	49.4129	47.4355
stachydeum	andesicola	trolliifolium	0.00222075	0.0404464	0.967737	0.000356617	256.765	75.2164	74.8831
stachydeum	andesicola	viridescens	0.221935	3.97164	7.13808e-05	0.0295068	100.473	107.918	68.7164
stachydeum	andesicola	xantholeucum	0.251733	4.75321	2.00216e-06	0.0402946	146.217	95.9097	57.3333
andesicola	viridescens	trolliifolium	0.128365	2.4638	0.0137473	0.0208051	260.644	85.2477	65.8519
andesicola	xantholeucum	trolliifolium	0.18143	4.26636	1.98688e-05	0.0429903	235.651	132.186	91.5868
xantholeucum	viridescens	andesicola	0.279181	6.19837	5.70505e-10	0.0724735	176.951	125.418	70.673
brachycentrum	barbeyi	bicolor	0.400726	10.5	2.3e-16	0.0915303	196.093	190.304	81.4177
californicum	barbeyi	bicolor	0.298888	6.64166	3.10176e-11	0.0736758	135.72	153.928	83.0869
cardinale	barbeyi	bicolor	0.320249	7.26445	3.74556e-13	0.0704187	140.723	138.835	71.4816
carolinianum	barbeyi	bicolor	0.178111	3.72937	0.000191957	0.03852	161.559	109.291	76.2448
bicolor	distichum-1_5	barbeyi	0.0466844	1.19644	0.231524	0.016593	152.1	145.988	132.965
distichum-2_6	bicolor	barbeyi	0.13616	3.65527	0.00025691	0.0446755	211.689	154.959	117.818
exaltatum	barbeyi	bicolor	0.0995951	1.92887	0.0537475	0.0155797	157.929	77.4418	63.4133
geraniifolium	barbeyi	bicolor	0.200615	4.33198	1.47772e-05	0.0324779	191.141	99.3852	66.172
barbeyi	geyeri	bicolor	0.0372031	0.857437	0.391203	0.00605107	195.771	88.2221	81.8933
barbeyi	glaucescens	bicolor	0.0997674	2.3145	0.0206402	0.017338	229.156	100.272	82.0793
glaucum-1_2	barbeyi	bicolor	0.0741845	1.49554	0.134772	0.0120163	177.361	82.1684	70.8191
glaucum-3_4	barbeyi	bicolor	0.0526619	1.2053	0.228088	0.00855484	197.175	91.7761	82.5935
gypsophilum	barbeyi	bicolor	0.50508	14.5436	2.3e-16	0.136322	143.117	228.163	75.0274
hesperium	barbeyi	bicolor	0.35567	8.63564	2.3e-16	0.0819934	149.261	161.264	76.6464
lineapetalum	bicolor	barbeyi	0.100978	2.58276	0.0098014	0.0348482	195.416	151.618	123.806
bicolor	multiplex	barbeyi	0.0950949	2.75865	0.00580401	0.0341591	152.426	162.921	134.626
novomexicanum	barbeyi	bicolor	0.134636	2.82359	0.00474889	0.0202171	201.665	88.9562	67.8451
bicolor	barbeyi	nudicaule	0.0213544	0.499546	0.617395	0.00422894	388.517	93.5319	89.6208
nuttallianum-14	bicolor	barbeyi	0.15781	3.85565	0.000115421	0.0483082	204.993	129.766	94.392
nuttallianum-7_9	bicolor	barbeyi	0.187628	5.22056	1.78382e-07	0.0616462	211.834	153.064	104.7
barbeyi	occidentale	bicolor	0.0416109	0.956595	0.338772	0.00680733	266.953	87.3909	80.4086
parryi	barbeyi	bicolor	0.341522	8.15552	3.47704e-16	0.0804575	137.411	156.88	77.0038
barbeyi	bicolor	patens	0.0847599	1.80084	0.0717281	0.0168818	632.722	72.1444	60.8701
ramosum-1_5	barbeyi	bicolor	0.0929556	2.1074	0.035083	0.0140362	205.267	86.8548	72.0809
ramosum-3	barbeyi	bicolor	0.0299789	0.594171	0.552398	0.00461396	192.507	77.1119	72.623
ramosum-4_10	barbeyi	bicolor	0.181751	3.9784	6.93812e-05	0.0239123	211.563	84.6146	58.5875
sapellonis	barbeyi	bicolor	0.113859	2.44887	0.0143306	0.0174459	211.589	88.8674	70.6994
bicolor	barbeyi	scaposum	0.0734571	1.82047	0.0686874	0.0193164	153.636	126.819	109.463
scopulorum	barbeyi	bicolor	0.158571	3.41493	0.000637994	0.0251631	186.101	91.6574	66.5675
stachydeum	barbeyi	bicolor	0.344435	7.47279	7.8513e-14	0.0675216	151.472	133.066	64.8848
barbeyi	bicolor	trolliifolium	0.151292	3.64971	0.000262534	0.031132	278.884	121.65	89.6782
bicolor	viridescens	barbeyi	0.0962726	2.20378	0.02754	0.0318565	141.476	130.419	107.512
xantholeucum	bicolor	barbeyi	0.115007	2.97544	0.0029257	0.0393324	180.535	142.81	113.35
brachycentrum	barbeyi	californicum	0.288822	6.62152	3.55521e-11	0.0333123	172.325	146.869	81.0429
brachycentrum	barbeyi	cardinale	0.349439	8.15514	3.48788e-16	0.0429249	152.246	157.661	76.0079
brachycentrum	carolinianum	barbeyi	0.179428	4.22005	2.44253e-05	0.0717214	82.2127	156.928	109.18
brachycentrum	barbeyi	distichum-1_5	0.279129	7.1671	7.66054e-13	0.0570497	187.053	168.174	94.777
brachycentrum	barbeyi	distichum-2_6	0.383908	10.4463	2.3e-16	0.083224	235.655	174.176	77.5401
brachycentrum	exaltatum	barbeyi	0.249982	5.78848	7.10277e-09	0.0833197	86.4036	144.901	86.9436
brachycentrum	geraniifolium	barbeyi	0.244213	6.15449	7.53177e-10	0.0994456	91.3543	206.771	125.601
geyeri	barbeyi	brachycentrum	0.0413454	1.01608	0.309593	0.010491	204.362	107.314	98.7921
barbeyi	glaucescens	brachycentrum	0.183876	4.93835	7.87849e-07	0.0560914	251.312	148.566	102.416
brachycentrum	glaucum-1_2	barbeyi	0.264398	6.29625	3.0493e-10	0.0926756	99.2059	174.133	101.307
brachycentrum	glaucum-3_4	barbeyi	0.33175	9.63076	2.3e-16	0.110359	162.494	198.513	99.6103
brachycentrum	barbeyi	gypsophilum	0.352554	8.83341	2.3e-16	0.0456921	252.831	168.521	80.6682
brachycentrum	barbeyi	hesperium	0.359948	8.85991	2.3e-16	0.0421913	178.747	161.482	76.0008
brachycentrum	barbeyi	lineapetalum	0.378762	9.72502	2.3e-16	0.0647772	234.255	171.035	77.0642
brachycentrum	barbeyi	multiplex	0.427385	12.8427	2.3e-16	0.118534	195.464	230.196	92.3461
brachycentrum	novomexicanum	barbeyi	0.334763	8.81678	2.3e-16	0.123804	92.0643	202.393	100.871
brachycentrum	barbeyi	nudicaule	0.456202	11.513	2.3e-16	0.0877693	479.483	153.721	57.405
brachycentrum	barbeyi	nuttallianum-14	0.312363	7.68463	1.53444e-14	0.0606381	192.242	141.057	73.9095
brachycentrum	barbeyi	nuttallianum-7_9	0.442113	12.0598	2.3e-16	0.117418	237.492	158.798	61.4315
barbeyi	occidentale	brachycentrum	0.361399	11.5819	2.3e-16	0.11726	279.967	178.838	83.8886
brachycentrum	barbeyi	parryi	0.353892	8.51254	2.3e-16	0.0406203	177.11	168.314	80.3233
brachycentrum	barbeyi	patens	0.408903	9.76462	2.3e-16	0.0758375	732.946	102.93	43.1839
brachycentrum	ramosum-1_5	barbeyi	0.309983	8.49009	2.3e-16	0.108998	100.417	192.468	101.38
brachycentrum	ramosum-3	barbeyi	0.343426	8.82286	2.3e-16	0.122577	96.2161	191.569	93.6255
brachycentrum	ramosum-4_10	barbeyi	0.359685	10.3081	2.3e-16	0.139368	82.3626	226.754	106.785
brachycentrum	sapellonis	barbeyi	0.356883	9.41747	2.3e-16	0.131229	107.136	214.051	101.453
brachycentrum	barbeyi	scaposum	0.345995	8.67492	2.3e-16	0.0749741	204.267	151.724	73.721
brachycentrum	scopulorum	barbeyi	0.235024	6.00101	1.961e-09	0.0902919	81.7557	185.115	114.661
brachycentrum	barbeyi	stachydeum	0.435724	10.5816	2.3e-16	0.0689748	164.086	167.425	65.8023
brachycentrum	barbeyi	trolliifolium	0.395118	9.84193	2.3e-16	0.0694135	346.264	143.298	62.13
brachycentrum	barbeyi	viridescens	0.349811	8.29145	2.3e-16	0.0537667	158.434	159.038	76.6067
brachycentrum	barbeyi	xantholeucum	0.41205	10.2564	2.3e-16	0.0821764	207.664	162.633	67.7171
californicum	cardinale	barbeyi	0.0252293	0.486412	0.626675	0.00654647	187.134	88.2148	83.8731
carolinianum	barbeyi	californicum	0.00603997	0.110619	0.911918	0.000634866	137.941	81.3155	80.3391
californicum	barbeyi	distichum-1_5	0.317181	7.43079	1.07948e-13	0.0714714	123.554	164.851	85.4579
californicum	barbeyi	distichum-2_6	0.196387	4.66683	3.05886e-06	0.0508926	174.023	148.838	99.9748
barbeyi	exaltatum	californicum	0.0197822	0.331658	0.740148	0.00147741	142.716	61.2877	58.91
barbeyi	geraniifolium	californicum	0.0365773	0.690863	0.489652	0.00282037	170.921	72.4475	67.3346
geyeri	barbeyi	californicum	0.0133599	0.268416	0.788379	0.00111659	206.6	79.5778	77.4795
glaucescens	barbeyi	californicum	0.0866516	1.71543	0.0862658	0.0068108	231.272	80.7946	67.9091
barbeyi	glaucum-1_2	californicum	0.048969	0.869379	0.38464	0.00370432	144.816	68.7074	62.2925
glaucum-3_4	barbeyi	californicum	0.0131864	0.260863	0.794198	0.00100768	179.819	74.0075	72.0811
gypsophilum	californicum	barbeyi	0.238528	5.93702	2.90253e-09	0.0779315	206.247	164.845	101.35
hesperium	californicum	barbeyi	0.0129939	0.271554	0.785965	0.00329682	397.413	94.7961	92.3642
californicum	barbeyi	lineapetalum	0.272911	5.87054	4.34367e-09	0.0500633	150.078	142.734	81.5301
californicum	barbeyi	multiplex	0.325535	8.60541	2.3e-16	0.0930313	126.323	183.117	93.1744
barbeyi	novomexicanum	californicum	0.0567728	1.0413	0.297735	0.00409576	174.547	70.6429	63.0527
barbeyi	californicum	nudicaule	0.0503376	1.07518	0.282294	0.0114706	338.709	104.938	94.8796
californicum	barbeyi	nuttallianum-14	0.238692	4.87042	1.1136e-06	0.0500172	134.864	124.667	76.6211
californicum	barbeyi	nuttallianum-7_9	0.281027	6.57346	4.9159e-11	0.0844693	157.714	134.935	75.7318
occidentale	barbeyi	californicum	0.036402	0.740674	0.458891	0.00283421	274.518	74.4793	69.2474
parryi	californicum	barbeyi	0.00955641	0.202643	0.839414	0.00270037	206.437	97.7186	95.8686
barbeyi	californicum	patens	0.083527	1.66344	0.0962243	0.0176518	556.116	72.8469	61.6156
barbeyi	ramosum-1_5	californicum	0.0852596	1.65805	0.0973084	0.00573833	180.413	67.947	57.271
barbeyi	ramosum-3	californicum	0.0754487	1.33363	0.182326	0.00595785	168.441	75.8928	65.2442
barbeyi	ramosum-4_10	californicum	0.0318246	0.631405	0.527776	0.00226193	201.599	68.5708	64.3409
barbeyi	sapellonis	californicum	0.107854	2.0744	0.0380426	0.00831974	186.446	80.5374	64.8562
californicum	barbeyi	scaposum	0.188775	4.03286	5.51025e-05	0.0488193	136.858	132.204	90.2167
barbeyi	scopulorum	californicum	0.0272656	0.518134	0.604365	0.00207585	159.239	67.8303	64.2296
californicum	barbeyi	stachydeum	0.21905	4.39048	1.13103e-05	0.0377302	107.059	131.833	84.4549
californicum	barbeyi	trolliifolium	0.105472	2.17884	0.0293435	0.0208456	248.788	104.539	84.5914
californicum	barbeyi	viridescens	0.329489	6.96512	3.28119e-12	0.0550558	100.857	150.318	75.8109
californicum	barbeyi	xantholeucum	0.309389	6.66715	2.60826e-11	0.0664547	143.774	139.2	73.4183
carolinianum	barbeyi	cardinale	0.0425569	0.816348	0.414301	0.00515024	122.563	92.1565	84.6329
cardinale	barbeyi	distichum-1_5	0.229737	5.1407	2.73723e-07	0.0519176	127.065	144.665	90.613
cardinale	barbeyi	distichum-2_6	0.250527	5.80864	6.29826e-09	0.0574618	179.219	132.809	79.5957
barbeyi	exaltatum	cardinale	0.0599546	1.00018	0.317221	0.00494388	131.393	66.4692	58.9498
barbeyi	geraniifolium	cardinale	0.0992301	1.92489	0.0542429	0.00841672	148.136	82.076	67.2576
geyeri	barbeyi	cardinale	0.0202593	0.409986	0.681816	0.00171428	181.409	77.9618	74.8656
glaucescens	barbeyi	cardinale	0.0671452	1.33524	0.181798	0.00552789	198.015	78.3673	68.5055
barbeyi	glaucum-1_2	cardinale	0.120813	2.23563	0.0253762	0.0105091	137.614	82.6238	64.8116
barbeyi	glaucum-3_4	cardinale	0.07267	1.44614	0.148139	0.00578881	158.36	77.7968	67.2558
gypsophilum	cardinale	barbeyi	0.327764	8.08394	6.27103e-16	0.0930171	315.733	146.68	74.263
hesperium	cardinale	barbeyi	0.0274529	0.57071	0.568196	0.00763614	210.06	99.9588	94.6171
cardinale	barbeyi	lineapetalum	0.12049	2.63783	0.00834378	0.0226898	157.542	124.816	97.9726
cardinale	barbeyi	multiplex	0.305266	8.09268	5.83626e-16	0.0836683	129.804	160.798	85.5854
barbeyi	novomexicanum	cardinale	0.0996593	1.86001	0.0628837	0.00797026	161.84	77.8792	63.7632
barbeyi	cardinale	nudicaule	0.010424	0.218462	0.827069	0.00215989	346.726	89.9656	88.1094
cardinale	barbeyi	nuttallianum-14	0.226098	4.51084	6.45701e-06	0.0444139	138.423	110.174	69.541
cardinale	barbeyi	nuttallianum-7_9	0.267663	6.04208	1.52142e-09	0.074695	173.441	116.54	67.3258
barbeyi	occidentale	cardinale	0.011538	0.231076	0.817256	0.000901278	242.815	69.9532	68.3574
parryi	cardinale	barbeyi	0.107273	2.2874	0.0221727	0.0268479	335.342	95.7078	77.1633
barbeyi	cardinale	patens	0.0133642	0.256239	0.797767	0.00243359	589.153	58.9236	57.3694
barbeyi	ramosum-1_5	cardinale	0.138501	2.73766	0.00618789	0.0107546	164.593	78.4642	59.3736
barbeyi	ramosum-3	cardinale	0.110453	1.95567	0.0505039	0.0090255	148.969	77.2174	61.8563
barbeyi	ramosum-4_10	cardinale	0.152963	2.99312	0.00276137	0.0109628	180.504	74.3782	54.6428
barbeyi	sapellonis	cardinale	0.136343	2.59497	0.00946002	0.011055	159.051	83.434	63.4125
cardinale	barbeyi	scaposum	0.171836	3.74777	0.000178415	0.0465563	144.962	129.539	91.5481
barbeyi	scopulorum	cardinale	0.165856	3.17944	0.0014756	0.0139572	135.67	82.5215	59.0424
cardinale	barbeyi	stachydeum	0.24426	4.7663	1.8764e-06	0.0394257	105.213	119.583	72.6325
cardinale	barbeyi	trolliifolium	0.148327	3.07549	0.00210154	0.0257421	275.472	93.3833	69.259
cardinale	barbeyi	viridescens	0.170128	3.52289	0.000426867	0.0299675	102.618	128.763	91.3204
cardinale	barbeyi	xantholeucum	0.182929	3.92709	8.59802e-05	0.0395708	150.43	121.481	83.9094
carolinianum	barbeyi	distichum-1_5	0.119949	2.59115	0.00956568	0.0241997	143.461	106.257	83.4966
carolinianum	barbeyi	distichum-2_6	0.124602	2.7698	0.00560901	0.0275561	188.328	104.522	81.3609
carolinianum	exaltatum	barbeyi	0.15148	2.74726	0.00600956	0.0419429	96.316	89.3868	65.8688
carolinianum	geraniifolium	barbeyi	0.2042	4.16142	3.1628e-05	0.0633568	89.038	112.052	74.0502
barbeyi	geyeri	carolinianum	0.145988	3.11692	0.00182749	0.0133815	123.693	99.6021	74.2253
barbeyi	glaucescens	carolinianum	0.0416196	0.838718	0.401627	0.00373269	156.939	88.916	81.8104
carolinianum	glaucum-1_2	barbeyi	0.179061	3.40857	0.00065305	0.0531801	85.3729	100.75	70.149
carolinianum	glaucum-3_4	barbeyi	0.245925	5.41188	6.2365e-08	0.0746262	92.6054	119.737	72.4686
barbeyi	carolinianum	gypsophilum	0.0613034	1.27469	0.202418	0.00765316	199.859	97.46	86.2009
barbeyi	carolinianum	hesperium	0.0340526	0.680419	0.496239	0.00413327	144.669	94.2199	88.0144
carolinianum	barbeyi	lineapetalum	0.131723	2.71601	0.00660741	0.0216674	171.853	100.877	77.3948
carolinianum	barbeyi	multiplex	0.178705	4.38166	1.17779e-05	0.0440102	144.006	121.491	84.652
carolinianum	novomexicanum	barbeyi	0.25657	5.39657	6.79286e-08	0.0834884	92.7632	124.677	73.7632
carolinianum	barbeyi	nudicaule	0.0843809	1.67176	0.0945723	0.0148674	363.009	76.1378	64.2885
carolinianum	barbeyi	nuttallianum-14	0.0638342	1.27568	0.202068	0.0115796	164.48	83.5594	73.5316
carolinianum	barbeyi	nuttallianum-7_9	0.181895	3.96495	7.34111e-05	0.0498731	191.287	98.3258	68.0609
barbeyi	occidentale	carolinianum	0.0269025	0.549492	0.582668	0.00220218	183.111	79.5234	75.3567
barbeyi	carolinianum	parryi	0.0527486	1.0762	0.281836	0.00559422	144.971	94.3978	84.9381
carolinianum	barbeyi	patens	0.0158456	0.282154	0.777825	0.00283257	567.682	55.5611	53.8278
carolinianum	ramosum-1_5	barbeyi	0.335946	7.34596	2.04292e-13	0.0997761	89.9394	123.58	61.4273
carolinianum	ramosum-3	barbeyi	0.264279	5.24074	1.59931e-07	0.083153	88.6941	116.566	67.833
carolinianum	ramosum-4_10	barbeyi	0.295953	6.77889	1.211e-11	0.0911501	92.5504	127.661	69.3539
carolinianum	sapellonis	barbeyi	0.245644	5.24145	1.59318e-07	0.0741357	106.775	120.675	73.08
carolinianum	barbeyi	scaposum	0.0585735	1.20765	0.227183	0.012	157.433	83.4664	74.2296
carolinianum	scopulorum	barbeyi	0.21402	4.42646	9.57923e-06	0.0615151	104.431	107.49	69.5911
carolinianum	barbeyi	stachydeum	0.223337	4.07991	4.50526e-05	0.033648	120.478	101.329	64.331
barbeyi	carolinianum	trolliifolium	0.0441685	0.875018	0.381564	0.0078202	291.687	83.2755	76.2303
carolinianum	barbeyi	viridescens	0.192271	3.75966	0.000170147	0.0278964	110.001	100.889	68.3494
carolinianum	barbeyi	xantholeucum	0.0603299	1.2897	0.197155	0.0118019	164.304	93.5409	82.8965
distichum-2_6	distichum-1_5	barbeyi	0.130046	3.51158	0.000445448	0.0446659	235.011	169.52	130.503
exaltatum	barbeyi	distichum-1_5	0.0584427	1.1465	0.251586	0.00888823	140.961	78.4234	69.763
geraniifolium	barbeyi	distichum-1_5	0.00214431	0.0476783	0.961973	0.000345373	172.958	89.7054	89.3215
barbeyi	geyeri	distichum-1_5	0.0421771	0.992285	0.321058	0.00650905	201.049	93.1859	85.6434
barbeyi	glaucescens	distichum-1_5	0.0038919	0.0895756	0.928624	0.000646945	248.718	99.4339	98.6629
barbeyi	glaucum-1_2	distichum-1_5	0.027599	0.581823	0.560686	0.00423236	168.036	86.3164	81.6798
glaucum-3_4	barbeyi	distichum-1_5	0.0192835	0.444809	0.656458	0.0030075	179.937	95.2413	91.6376
gypsophilum	barbeyi	distichum-1_5	0.409878	11.4376	2.3e-16	0.110017	128.865	236.989	99.1948
hesperium	barbeyi	distichum-1_5	0.216741	5.17489	2.28041e-07	0.0504901	132.346	156.254	100.586
lineapetalum	distichum-1_5	barbeyi	0.155995	4.04118	5.31823e-05	0.0463581	242.141	147.433	107.642
distichum-1_5	multiplex	barbeyi	0.0553744	1.6611	0.0966931	0.0131983	605.715	112.195	100.421
novomexicanum	barbeyi	distichum-1_5	0.0162568	0.356324	0.721598	0.00248084	192.187	87.8608	85.0499
distichum-1_5	barbeyi	nudicaule	0.057961	1.35327	0.175971	0.0116099	404.86	102.736	91.4795
nuttallianum-14	distichum-1_5	barbeyi	0.150309	3.646	0.000266357	0.0447047	215.161	128.322	94.787
nuttallianum-7_9	distichum-1_5	barbeyi	0.202852	5.62049	1.90412e-08	0.0677377	192.704	163.941	108.646
barbeyi	occidentale	distichum-1_5	0.0332386	0.778122	0.436497	0.00512911	287.763	94.6997	88.6069
parryi	barbeyi	distichum-1_5	0.236827	5.72213	1.05199e-08	0.0555021	122.609	156.951	96.8452
distichum-1_5	barbeyi	patens	0.0156413	0.340619	0.73339	0.00295664	675.588	69.7582	67.6096
barbeyi	ramosum-1_5	distichum-1_5	0.0374994	0.863202	0.388026	0.00581856	193.359	94.8289	87.9739
barbeyi	ramosum-3	distichum-1_5	0.0307421	0.628893	0.529419	0.00462282	187.945	85.0114	79.9404
ramosum-4_10	barbeyi	distichum-1_5	0.0564687	1.28315	0.199441	0.00775035	197.452	84.9321	75.8528
barbeyi	sapellonis	distichum-1_5	0.0201233	0.455515	0.648739	0.00329854	193.546	97.2102	93.375
barbeyi	distichum-1_5	scaposum	0.103536	2.85925	0.00424639	0.0306518	147.217	146.306	118.853
scopulorum	barbeyi	distichum-1_5	0.0160335	0.353738	0.723535	0.00260415	158.311	86.2372	83.5155
stachydeum	barbeyi	distichum-1_5	0.196468	4.24492	2.18668e-05	0.0380463	148.893	126.619	85.036
barbeyi	distichum-1_5	trolliifolium	0.0248847	0.606729	0.544031	0.00493679	290.564	106.152	100.997
distichum-1_5	viridescens	barbeyi	0.104878	2.39327	0.016699	0.0243779	542.968	100.45	81.3804
xantholeucum	distichum-1_5	barbeyi	0.185269	4.7976	1.60579e-06	0.0543535	207.297	136.913	94.1109
exaltatum	barbeyi	distichum-2_6	0.168925	3.49494	0.000474174	0.0260384	189.487	79.699	56.6639
geraniifolium	barbeyi	distichum-2_6	0.234416	5.39431	6.87857e-08	0.0405812	232.042	109.357	67.8229
barbeyi	geyeri	distichum-2_6	0.00629502	0.150308	0.880522	0.00114682	244.712	97.2733	96.0563
barbeyi	glaucescens	distichum-2_6	0.00731451	0.174454	0.861508	0.00132657	286.463	96.3763	94.9766
glaucum-1_2	barbeyi	distichum-2_6	0.145606	3.14305	0.001672	0.0258704	212.231	97.3466	72.6011
glaucum-3_4	barbeyi	distichum-2_6	0.146856	3.45483	0.00055064	0.024446	242.518	105.029	78.131
gypsophilum	barbeyi	distichum-2_6	0.441426	12.6844	2.3e-16	0.129073	177.267	238.338	92.3597
hesperium	barbeyi	distichum-2_6	0.313057	7.82239	5.18281e-15	0.0789341	182.644	172.12	90.0469
lineapetalum	distichum-2_6	barbeyi	0.0359483	0.939069	0.347695	0.0120504	251.215	148.156	137.874
distichum-2_6	multiplex	barbeyi	0.184928	5.51204	3.54696e-08	0.0647869	227.249	190.698	131.175
novomexicanum	barbeyi	distichum-2_6	0.220567	4.90969	9.1221e-07	0.0347291	244.793	101.7	64.9439
distichum-2_6	barbeyi	nudicaule	0.0267985	0.672498	0.501267	0.00584379	379.825	107.683	102.062
nuttallianum-14	distichum-2_6	barbeyi	0.0197864	0.490532	0.623758	0.0053027	269.373	103.626	99.6043
nuttallianum-7_9	distichum-2_6	barbeyi	0.0880139	2.5281	0.0114683	0.0257031	332.1	130.059	109.017
barbeyi	occidentale	distichum-2_6	0.0261662	0.631801	0.527517	0.00452687	337.62	92.4398	87.7256
parryi	barbeyi	distichum-2_6	0.280753	6.82869	8.56948e-12	0.0718312	174.441	164.712	92.499
barbeyi	distichum-2_6	patens	0.154077	3.66312	0.000249158	0.0315421	611.838	83.2448	61.0174
ramosum-1_5	barbeyi	distichum-2_6	0.173793	4.14422	3.40976e-05	0.0285599	252.948	104.582	73.613
ramosum-3	barbeyi	distichum-2_6	0.0307247	0.643958	0.519603	0.00515793	242.584	83.6057	78.6214
ramosum-4_10	barbeyi	distichum-2_6	0.208957	4.85454	1.20666e-06	0.0317414	256.006	97.9055	64.0614
sapellonis	barbeyi	distichum-2_6	0.110184	2.50684	0.0121816	0.0186996	241.18	100.502	80.5529
distichum-2_6	barbeyi	scaposum	0.152763	3.97892	6.92286e-05	0.0469591	153.734	169.954	124.91
scopulorum	barbeyi	distichum-2_6	0.157633	3.64609	0.000266263	0.0264613	216.161	95.4141	69.4293
stachydeum	barbeyi	distichum-2_6	0.273044	6.22871	4.70296e-10	0.0603609	188.446	142.112	81.1513
barbeyi	distichum-2_6	trolliifolium	0.205555	5.28475	1.25877e-07	0.0484411	248.41	151.149	99.6052
distichum-2_6	viridescens	barbeyi	0.201159	4.84444	1.26968e-06	0.0676597	178.641	162.718	108.217
xantholeucum	distichum-2_6	barbeyi	0.0459403	1.19623	0.231605	0.015129	228.378	136.351	124.374
exaltatum	geraniifolium	barbeyi	0.0700481	1.35466	0.175525	0.0193818	75.7035	88.9927	77.3413
barbeyi	geyeri	exaltatum	0.179434	3.52918	0.000416855	0.0285993	90.6094	90.301	62.825
glaucescens	barbeyi	exaltatum	0.0234241	0.447003	0.654873	0.00374636	130.371	79.2812	75.6521
exaltatum	glaucum-1_2	barbeyi	0.123017	2.08498	0.0370715	0.0273749	119.016	74.0969	57.8635
exaltatum	glaucum-3_4	barbeyi	0.187539	3.86584	0.000110709	0.0397196	134.381	81.6042	55.8299
barbeyi	exaltatum	gypsophilum	0.112716	2.10018	0.035713	0.00843447	207.488	63.9101	50.9622
exaltatum	barbeyi	hesperium	0.018653	0.337585	0.735676	0.00156266	152.056	68.8134	66.2933
exaltatum	barbeyi	lineapetalum	0.0347277	0.652197	0.514274	0.00410961	169.757	68.3434	63.7559
exaltatum	barbeyi	multiplex	0.136158	3.24761	0.00116378	0.0259486	150.466	92.5569	70.3727
exaltatum	novomexicanum	barbeyi	0.148247	2.96	0.00307636	0.0410539	74.7887	96.5321	71.6061
exaltatum	barbeyi	nudicaule	0.0339853	0.608552	0.542822	0.0044756	375.975	56.317	52.6149
barbeyi	exaltatum	nuttallianum-14	0.020847	0.377447	0.705841	0.00299386	168.351	64.7642	62.1191
exaltatum	barbeyi	nuttallianum-7_9	0.205725	4.25421	2.0979e-05	0.0395887	192.221	72.6858	47.882
barbeyi	occidentale	exaltatum	0.0262949	0.512508	0.608296	0.00393731	158.605	73.5069	69.7403
exaltatum	barbeyi	parryi	0.0334143	0.597192	0.550379	0.00232029	146.73	63.0466	58.9696
exaltatum	barbeyi	patens	0.0109359	0.173952	0.861903	0.0012284	590.094	35.4361	34.6694
exaltatum	ramosum-1_5	barbeyi	0.200254	4.12617	3.6886e-05	0.0516716	81.4464	97.0797	64.6856
exaltatum	ramosum-3	barbeyi	0.199433	3.74105	0.00018325	0.0510065	89.0059	89.1024	59.4719
exaltatum	ramosum-4_10	barbeyi	0.24101	5.33847	9.37351e-08	0.0611005	77.3461	102.007	62.3864
exaltatum	sapellonis	barbeyi	0.186098	3.6957	0.000219283	0.0488621	91.5241	97.6023	66.9748
barbeyi	exaltatum	scaposum	0.0367818	0.685296	0.493157	0.00590885	165.413	66.3479	61.6403
exaltatum	scopulorum	barbeyi	0.0193771	0.379256	0.704497	0.00501636	85.479	80.2168	77.1672
exaltatum	barbeyi	stachydeum	0.11684	1.96303	0.0496423	0.0123436	127.562	68.3681	54.0632
exaltatum	barbeyi	trolliifolium	0.0313801	0.569999	0.568678	0.00371736	295.875	57.8602	54.3394
exaltatum	barbeyi	viridescens	0.0627678	1.09383	0.274029	0.007077	115.756	71.2074	62.7963
exaltatum	barbeyi	xantholeucum	0.0542403	1.03887	0.298866	0.00744998	170.924	68.8307	61.7481
geyeri	barbeyi	geraniifolium	0.0256393	0.576914	0.563998	0.00570443	124.091	103.75	98.5628
glaucescens	barbeyi	geraniifolium	0.105216	2.38765	0.0169563	0.0222657	168.718	107.096	86.7054
glaucum-1_2	geraniifolium	barbeyi	0.0613939	1.25633	0.208998	0.0168179	88.8589	99.9718	88.4065
geraniifolium	glaucum-3_4	barbeyi	0.0335617	0.796099	0.425974	0.00955845	93.8477	108.753	101.69
barbeyi	geraniifolium	gypsophilum	0.110052	2.29735	0.0215986	0.00956633	235.811	84.9534	68.1086
barbeyi	geraniifolium	hesperium	0.034875	0.683781	0.494114	0.00304442	171.56	83.1126	77.5108
geraniifolium	barbeyi	lineapetalum	0.0669786	1.433	0.151858	0.00879895	205.218	91.6122	80.1104
geraniifolium	barbeyi	multiplex	0.160986	4.20024	2.66633e-05	0.0326366	185.327	118.491	85.6305
geraniifolium	novomexicanum	barbeyi	0.167394	3.6764	0.000236552	0.0403577	168.574	101.024	72.0522
geraniifolium	barbeyi	nudicaule	0.0810103	1.62934	0.10324	0.0111219	451.607	71.4026	60.7009
geraniifolium	barbeyi	nuttallianum-14	0.0776896	1.54113	0.123285	0.0106206	197.378	73.4745	62.8811
geraniifolium	barbeyi	nuttallianum-7_9	0.158174	3.57569	0.000349299	0.0309905	223.097	82.4494	59.9289
occidentale	barbeyi	geraniifolium	0.00388939	0.0890487	0.929043	0.000771868	191.845	89.5767	88.8826
barbeyi	geraniifolium	parryi	0.0685874	1.38329	0.166577	0.00550125	168.487	85.1406	74.2111
geraniifolium	barbeyi	patens	0.0874441	1.55962	0.11885	0.0103905	722.486	45.4017	38.1
geraniifolium	ramosum-1_5	barbeyi	0.14415	3.30049	0.000965171	0.0346352	153.452	100.447	75.1368
geraniifolium	ramosum-3	barbeyi	0.145286	3.09436	0.0019724	0.035449	161.762	96.9976	72.3882
geraniifolium	ramosum-4_10	barbeyi	0.201041	4.7937	1.63733e-06	0.048495	155.57	107.257	71.3499
geraniifolium	sapellonis	barbeyi	0.196994	4.26047	2.04001e-05	0.0444855	180.365	100.393	67.3488
barbeyi	geraniifolium	scaposum	0.0740362	1.58477	0.113019	0.0129459	194.738	84.6412	72.9721
geraniifolium	scopulorum	barbeyi	0.00323613	0.0681897	0.945635	0.000446324	534.252	48.493	48.1802
geraniifolium	barbeyi	stachydeum	0.107628	2.09643	0.0360437	0.011721	154.92	79.709	64.2184
geraniifolium	barbeyi	trolliifolium	0.06289	1.25894	0.208051	0.00752154	340.758	66.7493	58.8503
geraniifolium	barbeyi	viridescens	0.0134195	0.272999	0.784854	0.00161042	147.132	85.2073	82.9508
geraniifolium	barbeyi	xantholeucum	0.0798526	1.67169	0.0945853	0.0116018	208.199	80.0397	68.2022
barbeyi	glaucescens	geyeri	0.174625	4.45784	8.2788e-06	0.0608038	141.634	160.68	112.905
barbeyi	geyeri	glaucum-1_2	0.0423262	0.910903	0.362347	0.00928367	106.83	96.8752	89.0075
barbeyi	geyeri	glaucum-3_4	0.0813837	2.08089	0.0374444	0.02964	112.561	115.036	97.7209
geyeri	barbeyi	gypsophilum	0.0178226	0.392464	0.694716	0.00146646	285.508	74.8657	72.2438
geyeri	barbeyi	hesperium	0.0175591	0.378423	0.705116	0.0015504	209.01	86.1509	83.1777
barbeyi	geyeri	lineapetalum	0.0359011	0.805312	0.420639	0.00465781	240.854	89.1328	82.9547
geyeri	barbeyi	multiplex	0.0989364	2.61462	0.0089326	0.0197462	211.817	110.411	90.5302
geyeri	barbeyi	novomexicanum	0.123388	2.86985	0.00410672	0.0362003	117.522	118.787	92.6927
barbeyi	geyeri	nudicaule	0.0266833	0.571878	0.567404	0.003669	494.767	70.2399	66.5889
barbeyi	geyeri	nuttallianum-14	0.133498	2.80972	0.00495843	0.0192225	206.623	82.9572	63.4166
geyeri	barbeyi	nuttallianum-7_9	0.012236	0.288999	0.772582	0.00266347	236.737	77.771	75.8908
barbeyi	occidentale	geyeri	0.156961	4.07436	4.61413e-05	0.0472848	178.037	134.744	98.1832
geyeri	barbeyi	parryi	0.0150429	0.329232	0.741981	0.00116238	201.76	80.3747	77.9924
geyeri	barbeyi	patens	0.0111633	0.219875	0.825969	0.00131251	764.383	42.8681	41.9215
geyeri	barbeyi	ramosum-1_5	0.00880456	0.209497	0.83406	0.00327396	107.933	108.53	106.636
barbeyi	geyeri	ramosum-3	0.143442	3.27278	0.00106496	0.0388832	96.8932	127.074	95.1922
geyeri	barbeyi	ramosum-4_10	0.0737135	1.81993	0.068769	0.0299661	100.733	116.044	100.111
geyeri	barbeyi	sapellonis	0.0323439	0.772407	0.439873	0.0114042	117.128	117.309	109.958
barbeyi	geyeri	scaposum	0.0646591	1.43328	0.151778	0.011024	218.645	83.9838	73.7827
barbeyi	geyeri	scopulorum	0.0393103	0.906327	0.364763	0.0093339	103.498	97.6209	90.2362
geyeri	barbeyi	stachydeum	0.106323	2.12328	0.0337307	0.0119166	177.976	82.8503	66.9257
barbeyi	geyeri	trolliifolium	0.0836747	1.78304	0.07458	0.0102385	356.334	70.9722	60.0121
barbeyi	geyeri	viridescens	0.0340964	0.706579	0.479828	0.00403349	165.789	87.8635	82.0694
barbeyi	geyeri	xantholeucum	0.0528222	1.16633	0.243481	0.00799404	219.068	83.8851	75.4677
barbeyi	glaucescens	glaucum-1_2	0.0303226	0.644179	0.51946	0.00628995	149.659	96.9691	91.2615
barbeyi	glaucescens	glaucum-3_4	0.158187	4.31634	1.58641e-05	0.0672765	167.393	146.177	106.247
glaucescens	barbeyi	gypsophilum	0.0648573	1.4237	0.154532	0.00563302	311.86	83.6487	73.4591
glaucescens	barbeyi	hesperium	0.108568	2.33078	0.0197651	0.00889448	239.001	88.2808	70.9891
glaucescens	barbeyi	lineapetalum	0.00882406	0.203121	0.839041	0.00115961	268.073	88.5236	86.975
glaucescens	barbeyi	multiplex	0.0818085	2.14264	0.032142	0.0171748	254.841	117.331	99.5855
glaucescens	barbeyi	novomexicanum	0.163304	3.7255	0.000194925	0.0485072	161.84	124.699	89.6886
barbeyi	glaucescens	nudicaule	0.0342556	0.721034	0.470888	0.0048451	516.132	72.3882	67.5931
barbeyi	glaucescens	nuttallianum-14	0.035815	0.747004	0.455061	0.00516219	240.029	77.746	72.3696
barbeyi	glaucescens	nuttallianum-7_9	0.0758857	1.79074	0.0733357	0.0161099	284.217	84.4066	72.4997
glaucescens	occidentale	barbeyi	0.222004	6.2896	3.18282e-10	0.0704498	347.372	137.83	87.75
glaucescens	barbeyi	parryi	0.0739715	1.58014	0.114075	0.00565049	226.201	84.99	73.2823
barbeyi	glaucescens	patens	0.0904866	1.70711	0.0878022	0.0126745	792.756	55.8128	46.5503
glaucescens	barbeyi	ramosum-1_5	0.0722088	1.71724	0.0859358	0.026408	146.295	115.9	100.289
glaucescens	barbeyi	ramosum-3	0.0158053	0.34953	0.726691	0.00403256	150.364	107.407	104.064
glaucescens	barbeyi	ramosum-4_10	0.176896	4.36066	1.29669e-05	0.0687845	151.818	128.469	89.8492
glaucescens	barbeyi	sapellonis	0.109387	2.52764	0.0114834	0.037799	161.475	125.852	101.033
glaucescens	barbeyi	scaposum	0.0550657	1.2345	0.217018	0.00956791	259.733	88.2563	79.0438
glaucescens	barbeyi	scopulorum	0.14253	3.21202	0.00131807	0.0327532	151.603	106.825	80.1725
glaucescens	barbeyi	stachydeum	0.0703937	1.40764	0.159236	0.00830981	215.793	85.8865	74.5899
barbeyi	glaucescens	trolliifolium	0.0241009	0.510352	0.609805	0.00299522	398.776	68.5631	65.336
barbeyi	glaucescens	viridescens	0.0237028	0.494771	0.620761	0.00293964	208.64	92.2268	87.956
glaucescens	barbeyi	xantholeucum	0.0610078	1.338	0.180895	0.00911843	255.397	83.9737	74.3168
glaucum-1_2	glaucum-3_4	barbeyi	0.083208	1.77932	0.0751876	0.0176096	170.867	82.3936	69.7353
barbeyi	glaucum-1_2	gypsophilum	0.0611635	1.19647	0.231514	0.00509703	222.635	74.8112	66.1873
barbeyi	glaucum-1_2	hesperium	0.0690673	1.30509	0.191863	0.00605695	155.341	82.6468	71.9679
barbeyi	glaucum-1_2	lineapetalum	0.107485	2.17488	0.0296395	0.0140042	202.486	89.0674	71.7788
glaucum-1_2	barbeyi	multiplex	0.0649967	1.56812	0.116853	0.0130447	173.611	100.293	88.0512
glaucum-1_2	novomexicanum	barbeyi	0.150403	3.14687	0.00165026	0.0406634	84.4062	105.798	78.134
barbeyi	glaucum-1_2	nudicaule	0.0159265	0.299631	0.764459	0.00224842	414.039	64.6854	62.6573
barbeyi	glaucum-1_2	nuttallianum-14	0.0989826	1.75982	0.0784388	0.0130745	177.367	68.6927	56.3188
glaucum-1_2	barbeyi	nuttallianum-7_9	0.114809	2.43516	0.014885	0.0220445	202.755	70.7811	56.2023
barbeyi	occidentale	glaucum-1_2	0.0123669	0.259473	0.79527	0.0025747	180.095	92.2929	90.038
barbeyi	glaucum-1_2	parryi	0.033518	0.643925	0.519624	0.00250875	161.137	73.377	68.6177
barbeyi	glaucum-1_2	patens	0.05294	0.905001	0.365465	0.0064616	684.647	43.6771	39.2851
glaucum-1_2	ramosum-1_5	barbeyi	0.176395	3.9533	7.70793e-05	0.0466748	91.695	110.532	77.3846
glaucum-1_2	ramosum-3	barbeyi	0.186249	3.68498	0.000228723	0.0491969	93.0566	103.183	70.7819
glaucum-1_2	ramosum-4_10	barbeyi	0.142218	3.26501	0.00109461	0.0405411	84.2231	115.215	86.5238
glaucum-1_2	sapellonis	barbeyi	0.183789	3.90474	9.43273e-05	0.0498284	104.476	112.674	77.6877
barbeyi	glaucum-1_2	scaposum	0.025137	0.500399	0.616794	0.00429435	175.928	74.1085	70.4741
glaucum-1_2	scopulorum	barbeyi	0.056109	1.14017	0.254214	0.0145062	86.173	87.8022	78.4727
glaucum-1_2	barbeyi	stachydeum	0.00120426	0.0215296	0.982823	0.000145376	131.124	75.4884	75.3068
barbeyi	glaucum-1_2	trolliifolium	0.0511518	0.937761	0.348367	0.00638808	315.24	63.6647	57.4685
barbeyi	glaucum-1_2	viridescens	0.0252195	0.468666	0.639308	0.00292997	128.865	79.9556	76.0219
glaucum-1_2	barbeyi	xantholeucum	0.00577982	0.11021	0.912243	0.000799704	183.496	66.9477	66.1783
barbeyi	glaucum-3_4	gypsophilum	0.0593081	1.30744	0.191063	0.0049585	255.627	81.0634	71.9863
glaucum-3_4	barbeyi	hesperium	0.0236305	0.493849	0.621413	0.00195412	178.708	83.1318	79.2936
glaucum-3_4	barbeyi	lineapetalum	0.0388622	0.856269	0.391849	0.0049788	232.998	90.508	83.7365
glaucum-3_4	barbeyi	multiplex	0.128502	3.37799	0.000730184	0.0256122	203.951	119.533	92.3109
glaucum-3_4	novomexicanum	barbeyi	0.0828401	1.98799	0.0468132	0.024123	98.3701	116.892	99.0069
glaucum-3_4	barbeyi	nudicaule	0.0945986	1.98854	0.0467516	0.0123833	485.599	73.1905	60.5398
glaucum-3_4	barbeyi	nuttallianum-14	0.0648184	1.30754	0.191029	0.00844755	204.667	73.1432	64.2384
glaucum-3_4	barbeyi	nuttallianum-7_9	0.119048	2.76831	0.00563471	0.0223986	231.306	80.2688	63.1903
barbeyi	occidentale	glaucum-3_4	0.309217	9.48676	2.3e-16	0.135868	194.334	167.702	88.4847
barbeyi	glaucum-3_4	parryi	0.0180589	0.402201	0.687536	0.00130688	176.533	76.6729	73.9528
glaucum-3_4	barbeyi	patens	0.0365544	0.683563	0.494251	0.00430995	769.013	45.3507	42.1521
glaucum-3_4	ramosum-1_5	barbeyi	0.115645	2.83619	0.00456553	0.0321256	96.6424	120.43	95.4629
glaucum-3_4	ramosum-3	barbeyi	0.0796197	1.80885	0.0704744	0.0223673	109.969	109.17	93.0677
glaucum-3_4	ramosum-4_10	barbeyi	0.0777891	1.99617	0.0459159	0.0228093	93.195	120.504	103.109
glaucum-3_4	sapellonis	barbeyi	0.10604	2.50001	0.0124191	0.0294423	113.756	119.485	96.5738
barbeyi	glaucum-3_4	scaposum	0.0668142	1.47411	0.140453	0.0106457	212.434	81.262	71.0832
scopulorum	glaucum-3_4	barbeyi	0.034203	0.796867	0.425528	0.00937774	96.0336	101.358	94.6534
glaucum-3_4	barbeyi	stachydeum	0.0530595	1.05537	0.291258	0.00590187	158.189	80.4069	72.3042
glaucum-3_4	barbeyi	trolliifolium	0.030594	0.629476	0.529037	0.00340276	355.802	62.3077	58.6084
glaucum-3_4	barbeyi	viridescens	0.0353776	0.71704	0.473349	0.0041022	152.13	86.9256	80.9853
glaucum-3_4	barbeyi	xantholeucum	0.0830848	1.78228	0.0747034	0.0112155	214.652	78.7178	66.6407
gypsophilum	hesperium	barbeyi	0.192115	4.9366	7.9498e-07	0.0600938	233.812	153.473	104.007
gypsophilum	barbeyi	lineapetalum	0.359346	9.83213	2.3e-16	0.0819305	164.829	210.357	99.1404
gypsophilum	barbeyi	multiplex	0.442515	13.9423	2.3e-16	0.150376	139.749	272.211	105.201
novomexicanum	barbeyi	gypsophilum	0.00576953	0.11577	0.907835	0.000448342	270.357	69.0639	68.2716
gypsophilum	barbeyi	nudicaule	0.184835	4.84407	1.27209e-06	0.0513819	366.674	163.721	112.64
gypsophilum	barbeyi	nuttallianum-14	0.393338	10.2565	2.3e-16	0.102539	147.867	192.633	83.873
gypsophilum	barbeyi	nuttallianum-7_9	0.437873	12.5663	2.3e-16	0.156083	167.984	204.445	79.9264
barbeyi	occidentale	gypsophilum	0.0131464	0.292129	0.770188	0.00103778	368.981	71.5004	69.6449
gypsophilum	parryi	barbeyi	0.227287	5.86374	4.52549e-09	0.0618819	451.847	132.554	83.4572
gypsophilum	barbeyi	patens	0.0820567	2.03695	0.0416546	0.0210075	589.045	98.0531	83.1816
barbeyi	ramosum-1_5	gypsophilum	0.0908691	2.00149	0.04534	0.00681207	278.253	73.6339	61.3665
barbeyi	ramosum-3	gypsophilum	0.0847699	1.63212	0.102654	0.00715287	268.781	79.0681	66.7105
barbeyi	ramosum-4_10	gypsophilum	0.0503186	1.084	0.278367	0.0038657	286.211	72.506	65.5588
barbeyi	sapellonis	gypsophilum	0.0651377	1.3614	0.173388	0.00523808	264.268	76.3381	67.0013
gypsophilum	barbeyi	scaposum	0.356957	9.70905	2.3e-16	0.110937	151.518	204.01	96.6777
barbeyi	scopulorum	gypsophilum	0.150501	3.10301	0.00191565	0.0132488	223.673	85.6925	63.273
gypsophilum	barbeyi	stachydeum	0.420204	10.7785	2.3e-16	0.0844182	108.484	194.765	79.5126
gypsophilum	barbeyi	trolliifolium	0.34081	8.83615	2.3e-16	0.0758805	270.105	162.633	79.9564
gypsophilum	barbeyi	viridescens	0.396387	10.532	2.3e-16	0.07883	109.755	207.432	89.6661
gypsophilum	barbeyi	xantholeucum	0.4002	10.6501	2.3e-16	0.104284	154.007	201.108	86.148
hesperium	barbeyi	lineapetalum	0.215969	4.94129	7.76073e-07	0.0403712	164.081	141.958	91.5315
hesperium	barbeyi	multiplex	0.293486	8.14128	3.9118e-16	0.0873772	141.274	186.259	101.736
barbeyi	novomexicanum	hesperium	0.0348897	0.695278	0.486881	0.0027409	194.914	75.3183	70.2398
barbeyi	hesperium	nudicaule	0.0796594	1.79786	0.0721988	0.0202419	333.162	120.715	102.902
hesperium	barbeyi	nuttallianum-14	0.253319	5.49414	3.92623e-08	0.0531175	149.674	128.141	76.3416
hesperium	barbeyi	nuttallianum-7_9	0.292648	7.31176	2.63662e-13	0.0837293	177.308	133.091	72.829
occidentale	barbeyi	hesperium	0.0294178	0.626796	0.530793	0.00228753	284.718	75.5023	71.187
parryi	hesperium	barbeyi	0.0353905	0.814152	0.415558	0.00991073	244.018	105.343	98.1412
barbeyi	hesperium	patens	0.059484	1.22477	0.220661	0.0123751	544.58	69.7854	61.9493
barbeyi	ramosum-1_5	hesperium	0.0851127	1.75021	0.0800829	0.00614904	190.183	74.2128	62.5708
barbeyi	ramosum-3	hesperium	0.0426059	0.781607	0.434445	0.00339606	186.625	75.0782	68.9421
barbeyi	ramosum-4_10	hesperium	0.0728331	1.50725	0.131747	0.00545219	207.209	77.0922	66.6249
barbeyi	sapellonis	hesperium	0.0673916	1.37722	0.168445	0.00524047	190.28	78.5718	68.6503
hesperium	barbeyi	scaposum	0.212548	4.9772	6.45116e-07	0.0557249	137.671	134.899	87.606
barbeyi	scopulorum	hesperium	0.0636251	1.24106	0.214583	0.00557378	163.772	81.368	71.6333
hesperium	barbeyi	stachydeum	0.259571	5.6395	1.70547e-08	0.044743	112.656	138.539	81.4391
hesperium	barbeyi	trolliifolium	0.218811	5.01358	5.34264e-07	0.0424291	274.363	118.996	76.2697
hesperium	barbeyi	viridescens	0.23711	5.15482	2.53868e-07	0.0401327	102.748	140.804	86.8301
hesperium	barbeyi	xantholeucum	0.29847	6.82883	8.56089e-12	0.0644917	151.209	142.041	76.7413
lineapetalum	multiplex	barbeyi	0.205232	5.89104	3.83775e-09	0.0660425	294.472	174.238	114.898
novomexicanum	barbeyi	lineapetalum	0.0418254	0.878142	0.379867	0.00504251	222.728	81.5854	75.0347
barbeyi	lineapetalum	nudicaule	0.0034607	0.0801043	0.936154	0.000779004	357.804	105.614	104.885
nuttallianum-14	lineapetalum	barbeyi	0.0697954	1.66837	0.0952426	0.0170154	348.785	96.4042	83.825
nuttallianum-7_9	lineapetalum	barbeyi	0.113509	3.07036	0.00213798	0.0332389	261.831	129.289	102.93
occidentale	barbeyi	lineapetalum	0.00687634	0.154766	0.877006	0.000830556	309.066	80.8394	79.7352
parryi	barbeyi	lineapetalum	0.137728	3.21553	0.00130206	0.0280754	151.167	138.676	105.101
barbeyi	lineapetalum	patens	0.0872387	1.84347	0.0652604	0.017384	626.416	74.8503	62.8385
barbeyi	ramosum-1_5	lineapetalum	0.00575199	0.129036	0.89733	0.000666672	236.393	76.4982	75.6232
ramosum-3	barbeyi	lineapetalum	0.0045199	0.0905111	0.927881	0.000593155	228.41	83.1872	82.4385
ramosum-4_10	barbeyi	lineapetalum	0.12215	2.62742	0.00860358	0.0130854	233.37	79.7104	62.3569
sapellonis	barbeyi	lineapetalum	0.0266283	0.577404	0.563667	0.00335538	222.156	85.0865	80.6726
lineapetalum	barbeyi	scaposum	0.0914504	2.31107	0.0208288	0.0258979	132.946	137.802	114.71
scopulorum	barbeyi	lineapetalum	0.0231605	0.492747	0.622192	0.00292813	203.839	79.0122	75.4352
stachydeum	barbeyi	lineapetalum	0.195147	4.12348	3.73198e-05	0.0327603	170.428	124.243	83.6698
barbeyi	lineapetalum	trolliifolium	0.168651	4.04314	5.27407e-05	0.0387426	260.199	138.116	98.2525
lineapetalum	viridescens	barbeyi	0.24871	5.63414	1.75937e-08	0.0746695	211.273	150.476	90.5344
lineapetalum	xantholeucum	barbeyi	0.010434	0.261531	0.793683	0.0026716	498.937	100.287	98.2155
novomexicanum	barbeyi	multiplex	0.116785	2.98374	0.00284747	0.0221657	207.185	106.47	84.2024
multiplex	barbeyi	nudicaule	0.0389775	0.983564	0.32533	0.00747085	435.063	101.709	94.0781
nuttallianum-14	multiplex	barbeyi	0.209426	5.72456	1.037e-08	0.0640175	193.286	146.568	95.8083
nuttallianum-7_9	multiplex	barbeyi	0.225405	6.87366	6.25771e-12	0.074725	190.925	175.201	110.747
occidentale	barbeyi	multiplex	0.0845963	2.2692	0.0232563	0.0168655	288.519	109.426	92.3557
parryi	barbeyi	multiplex	0.326728	8.72975	2.3e-16	0.0959406	133.207	185.517	94.1438
barbeyi	multiplex	patens	0.0932329	2.13056	0.0331256	0.0167544	752.829	73.3182	60.8127
ramosum-1_5	barbeyi	multiplex	0.0372081	0.987495	0.3234	0.00708933	207.82	100.717	93.4906
ramosum-3	barbeyi	multiplex	0.0860434	2.07695	0.0378063	0.0166896	195.576	102.792	86.5047
ramosum-4_10	barbeyi	multiplex	0.128957	3.37544	0.00073699	0.0228201	209.693	103.007	79.4744
sapellonis	barbeyi	multiplex	0.0924983	2.38522	0.0170689	0.0185116	204.967	111.873	92.9295
multiplex	barbeyi	scaposum	0.0311987	0.856016	0.391989	0.00826839	164.455	132.908	124.866
scopulorum	barbeyi	multiplex	0.136047	3.4664	0.000527484	0.0269251	179.19	106.87	81.2737
stachydeum	barbeyi	multiplex	0.267484	6.84743	7.51879e-12	0.0646001	144.553	148.566	85.8609
barbeyi	multiplex	trolliifolium	0.114779	3.00527	0.00265345	0.0228414	314.455	123.322	97.9276
multiplex	viridescens	barbeyi	0.0163397	0.423486	0.671941	0.0039452	517.182	96.1852	93.0925
xantholeucum	multiplex	barbeyi	0.186845	5.56842	2.57053e-08	0.0600327	218.395	159.151	109.041
novomexicanum	barbeyi	nudicaule	0.068382	1.37297	0.169763	0.00807466	474.664	62.6142	54.599
novomexicanum	barbeyi	nuttallianum-14	0.0804821	1.57268	0.115792	0.0102202	204.638	69.1021	58.8076
novomexicanum	barbeyi	nuttallianum-7_9	0.121318	2.6413	0.00825887	0.0224492	242.836	76.2289	59.7342
occidentale	barbeyi	novomexicanum	0.104832	2.42466	0.0153227	0.0278665	191.56	106.133	85.9924
barbeyi	novomexicanum	parryi	0.0142962	0.285909	0.774948	0.00107137	183.818	76.5159	74.359
barbeyi	novomexicanum	patens	0.0218875	0.374192	0.708261	0.00244699	730.304	40.6901	38.947
novomexicanum	ramosum-1_5	barbeyi	0.0582589	1.34384	0.178999	0.0120883	193.773	79.2816	70.5525
novomexicanum	ramosum-3	barbeyi	0.020646	0.417021	0.676663	0.00428904	290.255	71.7931	68.8886
novomexicanum	ramosum-4_10	barbeyi	0.0354256	0.853475	0.393396	0.00886138	149.322	92.8897	86.5335
novomexicanum	sapellonis	barbeyi	0.0107257	0.237809	0.81203	0.00166098	405.244	58.6348	57.3903
novomexicanum	barbeyi	scaposum	0.0203947	0.426397	0.669819	0.00314714	200.043	72.7987	69.8886
scopulorum	novomexicanum	barbeyi	0.127152	2.76005	0.00577926	0.0279314	162.865	82.8858	64.1854
novomexicanum	barbeyi	stachydeum	0.0178059	0.331123	0.740551	0.0019961	163.737	74.5873	71.9776
barbeyi	novomexicanum	trolliifolium	0.0409587	0.800926	0.423175	0.00471045	348.675	63.2459	58.2688
novomexicanum	barbeyi	viridescens	0.0615265	1.21232	0.225388	0.00685131	163.144	83.4562	73.7819
novomexicanum	barbeyi	xantholeucum	0.0544517	1.09789	0.272253	0.00719258	215.839	72.3562	64.8832
nuttallianum-14	barbeyi	nudicaule	0.0327311	0.712832	0.47595	0.00694849	302.82	90.9201	85.1569
nuttallianum-7_9	barbeyi	nudicaule	0.0704176	1.77072	0.0766072	0.0158622	317.241	106.04	92.0884
barbeyi	occidentale	nudicaule	0.0451482	0.956299	0.338921	0.00565253	566.599	64.1026	58.5644
barbeyi	parryi	nudicaule	0.0080699	0.183591	0.854334	0.00195638	352.285	108.175	106.443
barbeyi	nudicaule	patens	0.452851	13.109	2.3e-16	0.185164	393.212	210.633	79.325
ramosum-1_5	barbeyi	nudicaule	0.0362333	0.754827	0.450353	0.00431079	488.456	61.5025	57.2015
ramosum-3	barbeyi	nudicaule	0.0364089	0.687981	0.491465	0.0045903	463.918	61.0927	56.8003
ramosum-4_10	barbeyi	nudicaule	0.0324167	0.675266	0.499507	0.00369941	491.412	58.2448	54.5872
barbeyi	sapellonis	nudicaule	0.0110386	0.230205	0.817932	0.00138497	472.244	62.7146	61.3451
barbeyi	scaposum	nudicaule	0.0124032	0.280333	0.779222	0.00237886	349.294	87.9021	85.7483
barbeyi	scopulorum	nudicaule	0.00978284	0.197816	0.843189	0.00133675	422.193	62.8637	61.6457
stachydeum	barbeyi	nudicaule	0.00701989	0.139007	0.889444	0.00124421	360.602	79.9448	78.8302
barbeyi	trolliifolium	nudicaule	0.174755	4.44898	8.62795e-06	0.0605642	212.188	176.6	124.058
barbeyi	viridescens	nudicaule	0.0471763	0.959993	0.337059	0.00857668	363.03	85.5436	77.836
xantholeucum	barbeyi	nudicaule	0.0750858	1.70517	0.088163	0.0156816	333.588	99.1205	85.275
nuttallianum-7_9	nuttallianum-14	barbeyi	0.102688	2.69546	0.00702911	0.0240637	307.109	98.4616	80.1231
barbeyi	occidentale	nuttallianum-14	0.074962	1.56443	0.117717	0.00961505	276.347	70.9635	61.0663
parryi	barbeyi	nuttallianum-14	0.260014	5.74507	9.18809e-09	0.0568192	141.425	133.39	78.3376
barbeyi	nuttallianum-14	patens	0.0832187	1.67236	0.0944542	0.0168494	496.433	67.8035	57.3854
barbeyi	ramosum-1_5	nuttallianum-14	0.0440605	0.905788	0.365048	0.00564942	209.631	67.5585	61.8564
barbeyi	ramosum-3	nuttallianum-14	0.0131015	0.23819	0.811733	0.00163919	204.797	61.2712	59.6865
ramosum-4_10	barbeyi	nuttallianum-14	0.000500304	0.0103898	0.99171	6.40431e-05	216.274	65.2707	65.2055
barbeyi	sapellonis	nuttallianum-14	0.0646166	1.30674	0.1913	0.00917389	201.085	75.5288	66.3604
nuttallianum-14	barbeyi	scaposum	0.0784814	1.93727	0.0527122	0.0241264	117.409	132.323	113.064
scopulorum	barbeyi	nuttallianum-14	0.0318727	0.662124	0.507891	0.00452937	190.314	71.2921	66.8879
stachydeum	barbeyi	nuttallianum-14	0.157105	3.01041	0.00260897	0.0271603	151.911	94.5962	68.9087
barbeyi	nuttallianum-14	trolliifolium	0.213163	5.00379	5.62153e-07	0.0476616	227.912	129.62	84.0696
nuttallianum-14	viridescens	barbeyi	0.313118	6.7239	1.76924e-11	0.0892409	171.059	128.111	67.0141
nuttallianum-14	xantholeucum	barbeyi	0.101884	2.44487	0.0144906	0.0214104	406.674	87.5439	71.3547
occidentale	barbeyi	nuttallianum-7_9	0.0274053	0.648282	0.516803	0.00527314	310.079	72.7526	68.8713
parryi	barbeyi	nuttallianum-7_9	0.277946	6.79214	1.10482e-11	0.0837231	167.534	135.77	76.7118
barbeyi	nuttallianum-7_9	patens	0.138007	3.20231	0.00136332	0.0306611	543.742	84.1323	63.7267
ramosum-1_5	barbeyi	nuttallianum-7_9	0.165661	3.86999	0.000108838	0.0301692	239.464	80.0453	57.2935
ramosum-3	barbeyi	nuttallianum-7_9	0.0183675	0.388423	0.697703	0.00385228	233.162	72.2409	69.635
ramosum-4_10	barbeyi	nuttallianum-7_9	0.170473	3.89231	9.92933e-05	0.0306744	248.165	79.1644	56.1046
sapellonis	barbeyi	nuttallianum-7_9	0.076595	1.72851	0.0838964	0.0153305	240.219	79.0974	67.8425
nuttallianum-7_9	barbeyi	scaposum	0.182342	4.93628	7.96254e-07	0.0548059	125.186	155.998	107.881
scopulorum	barbeyi	nuttallianum-7_9	0.15469	3.55485	0.000378197	0.0329716	214.078	85.2294	62.3937
stachydeum	barbeyi	nuttallianum-7_9	0.214074	4.74128	2.12374e-06	0.0568289	174.225	110.225	71.3536
barbeyi	nuttallianum-7_9	trolliifolium	0.153884	4.04341	5.26788e-05	0.0370052	234.999	137.697	100.97
nuttallianum-7_9	viridescens	barbeyi	0.314099	7.9837	1.42009e-15	0.101118	144.601	155.492	81.1597
nuttallianum-7_9	xantholeucum	barbeyi	0.0940509	2.57458	0.0100362	0.0268964	241.011	122.485	101.426
barbeyi	occidentale	parryi	0.0299623	0.644396	0.519318	0.0021491	276.643	74.5035	70.1688
barbeyi	occidentale	patens	0.0394271	0.743711	0.457052	0.00469754	860.015	44.3507	40.9861
occidentale	barbeyi	ramosum-1_5	0.0304292	0.734433	0.462685	0.0102771	181.093	101.237	95.2576
occidentale	barbeyi	ramosum-3	0.0119104	0.269206	0.787772	0.00281405	179.766	100.035	97.6799
occidentale	barbeyi	ramosum-4_10	0.0989019	2.51194	0.0120069	0.0369016	185.594	108.692	89.1277
occidentale	barbeyi	sapellonis	0.0303081	0.710696	0.477273	0.00937109	192.697	105.955	99.7216
occidentale	barbeyi	scaposum	0.0311582	0.708296	0.478762	0.00524464	279.514	80.271	75.4199
occidentale	barbeyi	scopulorum	0.0233665	0.533618	0.593606	0.0050731	176.716	87.4786	83.4838
barbeyi	occidentale	stachydeum	0.00245127	0.0498412	0.960249	0.0002756	238.282	75.5425	75.1731
occidentale	barbeyi	trolliifolium	0.00594114	0.125599	0.900049	0.000706789	441.08	64.0821	63.3251
occidentale	barbeyi	viridescens	0.0108485	0.227268	0.820215	0.00127526	236.763	86.3516	84.4981
occidentale	barbeyi	xantholeucum	0.0323194	0.70371	0.481613	0.00438869	285.272	72.8214	68.2617
parryi	barbeyi	patens	0.0205714	0.433301	0.664796	0.00473635	588.47	76.484	73.4007
barbeyi	ramosum-1_5	parryi	0.0483993	1.02196	0.306798	0.00330147	186.087	73.2691	66.5041
barbeyi	ramosum-3	parryi	0.0199125	0.373943	0.708447	0.00150683	181.788	74.5709	71.6591
barbeyi	ramosum-4_10	parryi	0.0636431	1.33915	0.180523	0.0044269	207.217	76.6111	67.4431
barbeyi	sapellonis	parryi	0.0511841	1.05138	0.293084	0.00397955	175.542	83.119	75.0246
parryi	barbeyi	scaposum	0.212154	5.00851	5.48538e-07	0.0569879	146.588	141.968	92.2729
barbeyi	scopulorum	parryi	0.0629991	1.26736	0.205025	0.00487105	160.806	78.9059	69.5531
parryi	barbeyi	stachydeum	0.260226	5.47065	4.4839e-08	0.0447525	113.295	133.902	78.6027
parryi	barbeyi	trolliifolium	0.186718	4.20886	2.5666e-05	0.0369514	268.462	115.367	79.0631
parryi	barbeyi	viridescens	0.291291	6.45994	1.04741e-10	0.0496282	104.825	146.712	80.5209
parryi	barbeyi	xantholeucum	0.252758	5.85906	4.65496e-09	0.0573832	147.816	137.697	82.1332
barbeyi	ramosum-1_5	patens	0.0261345	0.480138	0.631129	0.00290589	739.771	40.9405	38.855
barbeyi	ramosum-3	patens	0.157382	2.65468	0.00793836	0.0180003	718.009	46.0441	33.5219
ramosum-4_10	barbeyi	patens	0.0696321	1.298	0.194286	0.00715819	768.609	39.8698	34.6788
barbeyi	sapellonis	patens	0.0736961	1.351	0.176696	0.00893028	740.789	47.2109	40.73
barbeyi	scaposum	patens	0.0832946	1.76446	0.0776551	0.013913	592.03	60.3675	51.0842
scopulorum	barbeyi	patens	0.0768913	1.39416	0.16327	0.00909011	660.851	42.4878	36.4205
barbeyi	stachydeum	patens	0.0729654	1.28428	0.199045	0.0115917	603.264	56.8139	49.0868
barbeyi	trolliifolium	patens	0.22588	5.40513	6.47611e-08	0.0692197	413.856	123.778	78.1634
barbeyi	viridescens	patens	0.137277	2.45567	0.0140623	0.0226995	589.982	62.8559	47.6816
barbeyi	xantholeucum	patens	0.00608579	0.126749	0.899139	0.00116713	555.574	63.4003	62.6333
ramosum-3	ramosum-1_5	barbeyi	0.04543	0.990581	0.32189	0.0101549	202.002	81.1728	74.118
ramosum-1_5	ramosum-4_10	barbeyi	0.0329499	0.840728	0.4005	0.00746084	165.571	86.061	80.5705
sapellonis	ramosum-1_5	barbeyi	0.0471765	1.10869	0.267566	0.0100326	214.969	83.4391	75.9211
barbeyi	ramosum-1_5	scaposum	0.0550511	1.2308	0.218399	0.00892935	204.37	79.2351	70.9664
scopulorum	ramosum-1_5	barbeyi	0.187788	4.2933	1.76036e-05	0.0407874	139.049	90.7925	62.0841
barbeyi	ramosum-1_5	stachydeum	0.0425576	0.829499	0.406822	0.00444742	170.55	73.8499	67.8208
barbeyi	ramosum-1_5	trolliifolium	0.0214372	0.441362	0.658951	0.00232221	363.672	58.8483	56.3782
ramosum-1_5	barbeyi	viridescens	0.021483	0.440789	0.659366	0.00224472	168.918	76.2674	73.0594
ramosum-1_5	barbeyi	xantholeucum	0.0137398	0.299232	0.764763	0.00175172	215.645	67.6202	65.7872
ramosum-3	ramosum-4_10	barbeyi	0.0668897	1.50089	0.133383	0.0149985	164.247	81.2464	71.0587
ramosum-3	sapellonis	barbeyi	0.00522652	0.108325	0.913738	0.000981048	304.375	66.6149	65.9222
barbeyi	ramosum-3	scaposum	0.108999	2.161	0.0306956	0.0173975	194.9	78.8124	63.3201
scopulorum	ramosum-3	barbeyi	0.0948779	1.91861	0.0550333	0.0209025	162.663	77.9502	64.4405
barbeyi	ramosum-3	stachydeum	0.0674925	1.20952	0.226464	0.00795799	158.335	79.8457	69.7491
barbeyi	ramosum-3	trolliifolium	0.102576	1.8715	0.0612752	0.0118145	349.156	64.6348	52.6084
barbeyi	ramosum-3	viridescens	0.141778	2.57691	0.00996881	0.0158931	153.951	89.7855	67.4876
ramosum-3	barbeyi	xantholeucum	0.0233571	0.450611	0.65227	0.00326535	211.809	70.1016	66.9016
sapellonis	ramosum-4_10	barbeyi	0.0525915	1.26799	0.204802	0.0125111	163.966	93.7157	84.3509
barbeyi	ramosum-4_10	scaposum	0.0458679	1.0202	0.307634	0.00663018	213.569	71.3623	65.1029
scopulorum	ramosum-4_10	barbeyi	0.174192	4.07737	4.55472e-05	0.0392843	153.537	94.9383	66.7701
ramosum-4_10	barbeyi	stachydeum	0.0417544	0.833516	0.404554	0.00411165	183.189	69.8674	64.2667
ramosum-4_10	barbeyi	trolliifolium	0.0300745	0.613209	0.539738	0.00315067	368.825	57.8457	54.4679
ramosum-4_10	barbeyi	viridescens	0.00410447	0.0822855	0.93442	0.000433164	167.522	76.1942	75.5713
ramosum-4_10	barbeyi	xantholeucum	0.0535704	1.1483	0.250845	0.00669163	226.587	70.3472	63.1934
barbeyi	sapellonis	scaposum	0.0657158	1.40813	0.159093	0.0102634	204.774	79.3368	69.5524
scopulorum	sapellonis	barbeyi	0.182609	3.99112	6.57608e-05	0.0392197	185.844	90.878	62.8127
barbeyi	sapellonis	stachydeum	0.0637409	1.2643	0.206121	0.00759229	162.254	84.2365	74.1413
barbeyi	sapellonis	trolliifolium	0.0713047	1.44543	0.148338	0.00852275	359.876	68.0842	59.021
sapellonis	barbeyi	viridescens	0.00590206	0.119472	0.904901	0.000679998	161.302	82.9674	81.9937
barbeyi	sapellonis	xantholeucum	0.0107838	0.227611	0.819949	0.00148592	211.273	73.5697	71.9999
barbeyi	scopulorum	scaposum	0.0609976	1.29665	0.194751	0.00989076	188.352	75.4408	66.7665
stachydeum	barbeyi	scaposum	0.193516	4.04149	5.31116e-05	0.0377561	148.026	102.081	68.9785
barbeyi	scaposum	trolliifolium	0.000139035	0.00330554	0.997363	2.6946e-05	256.308	96.162	96.1352
barbeyi	viridescens	scaposum	0.0922823	2.13707	0.0325927	0.0231821	136.947	114.163	94.8726
xantholeucum	barbeyi	scaposum	0.119719	3.02328	0.00250049	0.0340134	129.777	138.587	108.951
scopulorum	barbeyi	stachydeum	0.0234575	0.44394	0.657086	0.00255515	143.838	68.839	65.6834
barbeyi	scopulorum	trolliifolium	0.0348113	0.726247	0.467687	0.00441351	331.618	65.4392	61.0364
barbeyi	scopulorum	viridescens	0.0396097	0.785419	0.432208	0.00461462	137.208	78.9759	72.9579
barbeyi	scopulorum	xantholeucum	0.00222342	0.0472408	0.962321	0.000325475	194.299	73.0133	72.6893
barbeyi	stachydeum	trolliifolium	0.00812829	0.158153	0.874337	0.0013486	269.629	80.5315	79.2329
stachydeum	barbeyi	viridescens	0.229961	4.53007	5.89631e-06	0.0331093	112.465	120.662	75.5428
stachydeum	barbeyi	xantholeucum	0.26061	5.28289	1.27163e-07	0.0446777	157.393	108.283	63.5117
barbeyi	viridescens	trolliifolium	0.162307	3.31962	0.000901404	0.0284388	278.813	98.9162	71.2905
barbeyi	xantholeucum	trolliifolium	0.199879	4.91314	8.96301e-07	0.0458512	247.324	137.321	91.5702
xantholeucum	viridescens	barbeyi	0.271117	6.20296	5.54111e-10	0.0810891	178.946	136.449	78.2428
brachycentrum	californicum	bicolor	0.0687266	1.572	0.115951	0.0190171	154.019	148.201	129.141
brachycentrum	cardinale	bicolor	0.146576	3.40143	0.000670341	0.0382765	143.451	151.966	113.112
brachycentrum	carolinianum	bicolor	0.260064	6.14267	8.11461e-10	0.0662025	158.83	149.836	87.9865
bicolor	distichum-1_5	brachycentrum	0.140643	3.62934	0.000284152	0.0418924	244.181	150.109	113.092
distichum-2_6	bicolor	brachycentrum	0.161336	4.23882	2.24695e-05	0.0426323	301.101	142.997	103.266
brachycentrum	exaltatum	bicolor	0.295196	6.5785	4.75233e-11	0.0554673	166.817	120.544	65.5964
brachycentrum	geraniifolium	bicolor	0.29033	6.95357	3.56163e-12	0.0615222	178.765	151.251	83.1866
brachycentrum	geyeri	bicolor	0.412513	10.7132	2.3e-16	0.0849111	183.75	169.452	70.4776
brachycentrum	glaucescens	bicolor	0.466483	12.682	2.3e-16	0.104136	231.073	190.158	69.181
brachycentrum	glaucum-1_2	bicolor	0.335231	7.91723	2.42872e-15	0.0628111	184.582	130.25	64.8474
brachycentrum	glaucum-3_4	bicolor	0.429519	11.2754	2.3e-16	0.0771424	250.076	155.312	61.9808
gypsophilum	brachycentrum	bicolor	0.132099	3.65817	0.000254021	0.0430974	155.841	213.501	163.676
brachycentrum	hesperium	bicolor	0.0325313	0.781881	0.434284	0.00857504	148.224	143.49	134.448
lineapetalum	bicolor	brachycentrum	0.0636647	1.59784	0.110079	0.0172001	282.692	127.857	112.552
bicolor	multiplex	brachycentrum	0.102497	2.78172	0.00540717	0.0298261	250.518	145.698	118.608
brachycentrum	novomexicanum	bicolor	0.296059	7.16706	7.66281e-13	0.0562246	181.292	139.023	75.5087
brachycentrum	bicolor	nudicaule	0.342217	8.80765	2.3e-16	0.0854506	377.062	174.606	85.5694
nuttallianum-14	bicolor	brachycentrum	0.0794006	1.85645	0.06339	0.0208005	296.533	114.62	97.7569
nuttallianum-7_9	bicolor	brachycentrum	0.259061	6.94741	3.72046e-12	0.0662412	309.799	146.271	86.0782
brachycentrum	occidentale	bicolor	0.464398	12.1396	2.3e-16	0.0964554	267.515	173.767	63.5551
brachycentrum	parryi	bicolor	0.0891352	2.21826	0.0265371	0.0261387	144.683	164.786	137.813
brachycentrum	bicolor	patens	0.377721	9.1779	2.3e-16	0.0909885	576.602	122.627	55.3872
brachycentrum	ramosum-1_5	bicolor	0.308889	7.66311	1.81488e-14	0.0565388	196.861	135.961	71.7895
brachycentrum	ramosum-3	bicolor	0.358667	8.4891	2.3e-16	0.0685384	186.753	139.88	66.0278
brachycentrum	ramosum-4_10	bicolor	0.307107	7.59335	3.11751e-14	0.0597526	179.191	150.666	79.8676
brachycentrum	sapellonis	bicolor	0.296435	7.22749	4.91985e-13	0.0573202	194.157	141.768	76.9362
brachycentrum	bicolor	scaposum	0.204525	5.49145	3.98649e-08	0.0641532	131.926	185.439	122.465
brachycentrum	scopulorum	bicolor	0.323823	7.81249	5.60684e-15	0.0689674	167.911	153.258	78.2806
brachycentrum	stachydeum	bicolor	0.0741894	1.68388	0.0922049	0.0184054	136.543	140.479	121.075
brachycentrum	bicolor	trolliifolium	0.368238	9.90279	2.3e-16	0.0930223	265.835	190.739	88.0707
bicolor	viridescens	brachycentrum	0.206564	4.69146	2.71262e-06	0.0528548	204.83	125.356	82.4337
xantholeucum	bicolor	brachycentrum	0.080447	1.97339	0.0484517	0.0220639	276.512	124.967	106.358
cardinale	californicum	bicolor	0.00212863	0.041352	0.967015	0.000398295	235.64	81.7338	81.3866
californicum	carolinianum	bicolor	0.128148	2.51563	0.011882	0.0326673	139.757	113.788	87.9375
bicolor	distichum-1_5	californicum	0.0904861	2.16736	0.0302073	0.0109034	198.013	120.757	100.717
distichum-2_6	bicolor	californicum	0.0760881	1.91137	0.0559572	0.00987714	244.92	131.163	112.615
californicum	exaltatum	bicolor	0.25413	4.55602	5.21326e-06	0.0520404	125.502	106.505	63.342
californicum	geraniifolium	bicolor	0.166745	3.33123	0.000864638	0.0344399	139.836	111.548	79.6641
californicum	geyeri	bicolor	0.300665	6.78891	1.12985e-11	0.0710408	125.09	148.314	79.7448
californicum	glaucescens	bicolor	0.370427	8.58267	2.3e-16	0.0909693	121.438	161.096	74.0074
californicum	glaucum-1_2	bicolor	0.208674	4.04926	5.13807e-05	0.0423021	126.549	106.873	69.9705
californicum	glaucum-3_4	bicolor	0.276126	6.02712	1.66903e-09	0.0583804	134.862	133.303	75.615
gypsophilum	californicum	bicolor	0.249179	6.28962	3.18239e-10	0.0650262	252.417	163.198	98.0906
hesperium	californicum	bicolor	0.107466	2.24829	0.0245579	0.0189501	429.142	90.0278	72.5556
lineapetalum	bicolor	californicum	0.0456212	1.04854	0.294389	0.00522854	226.154	107.674	98.2786
bicolor	multiplex	californicum	0.0603848	1.55715	0.119436	0.00721051	184.439	120.412	106.698
californicum	novomexicanum	bicolor	0.240249	4.86908	1.12118e-06	0.0501579	140.135	124.206	76.0859
bicolor	californicum	nudicaule	0.0624225	1.42648	0.153729	0.0160741	289.389	114.5	101.045
nuttallianum-14	bicolor	californicum	0.0741758	1.65448	0.0980308	0.00807543	225.676	97.0964	83.6866
nuttallianum-7_9	bicolor	californicum	0.165837	4.26862	1.96687e-05	0.0189353	250	118.68	84.9164
californicum	occidentale	bicolor	0.32878	7.34283	2.09131e-13	0.0779798	129.455	149.657	75.5977
parryi	californicum	bicolor	0.0716508	1.53255	0.125386	0.0154219	249.461	103.242	89.4363
californicum	bicolor	patens	0.00318542	0.0682384	0.945596	0.000828624	476.549	78.7326	78.2326
californicum	ramosum-1_5	bicolor	0.261517	5.53516	3.1094e-08	0.0549871	141.142	128.247	75.0747
californicum	ramosum-3	bicolor	0.225387	4.41499	1.01013e-05	0.0456034	148.536	112.549	71.1467
californicum	ramosum-4_10	bicolor	0.243769	5.17878	2.23347e-07	0.0501018	139.385	125.504	76.3083
californicum	sapellonis	bicolor	0.257854	5.37414	7.6949e-08	0.0546985	145.299	128.535	75.8368
californicum	bicolor	scaposum	0.062127	1.51136	0.130696	0.0196656	112.432	137.154	121.109
californicum	scopulorum	bicolor	0.164736	3.29392	0.000987989	0.0347862	137.243	110.67	79.3643
stachydeum	californicum	bicolor	0.00242739	0.0471468	0.962396	0.000560121	135.443	104.675	104.168
californicum	bicolor	trolliifolium	0.19325	4.5065	6.59072e-06	0.0505232	214.525	143.893	97.285
bicolor	viridescens	californicum	0.138009	2.86483	0.0041724	0.0147787	181.502	103.818	78.6377
xantholeucum	bicolor	californicum	0.0814595	1.89955	0.0574921	0.00944181	216.837	109.424	92.9392
cardinale	carolinianum	bicolor	0.148035	2.89844	0.00375024	0.0355486	143.707	108.478	80.5023
bicolor	distichum-1_5	cardinale	0.185042	4.43975	9.00635e-06	0.0229636	185.852	132.747	91.2904
distichum-2_6	bicolor	cardinale	0.11754	2.84744	0.00440728	0.0138892	229.495	120.085	94.8247
cardinale	exaltatum	bicolor	0.248105	4.45336	8.45373e-06	0.0475398	125.517	97.7465	58.8854
cardinale	geraniifolium	bicolor	0.138839	2.74745	0.00600604	0.0265685	150.516	101.885	77.0425
cardinale	geyeri	bicolor	0.329516	7.28142	3.30321e-13	0.0692639	134.25	134.201	67.6787
cardinale	glaucescens	bicolor	0.365264	8.38779	2.3e-16	0.0813466	136.294	143.735	66.8248
cardinale	glaucum-1_2	bicolor	0.257809	5.05182	4.37611e-07	0.0480876	140.125	104.823	61.8524
cardinale	glaucum-3_4	bicolor	0.278638	5.96672	2.42069e-09	0.0512291	143.252	115.236	65.0122
gypsophilum	cardinale	bicolor	0.275701	6.63861	3.16647e-11	0.0570176	372.926	130.828	74.2798
hesperium	cardinale	bicolor	0.062299	1.28476	0.198876	0.0115704	276.619	89.077	78.6291
bicolor	lineapetalum	cardinale	0.0567072	1.33622	0.181478	0.00718826	214.677	116.854	104.312
bicolor	multiplex	cardinale	0.15339	3.91995	8.85673e-05	0.0182881	172.63	127.496	93.5844
cardinale	novomexicanum	bicolor	0.242156	4.86415	1.1495e-06	0.0461592	143.34	112.993	68.9375
bicolor	cardinale	nudicaule	0.0265607	0.60427	0.545664	0.0065732	277.986	104.542	99.1319
bicolor	nuttallianum-14	cardinale	0.00585865	0.128939	0.897406	0.0006315	214.372	87.6322	86.6114
nuttallianum-7_9	bicolor	cardinale	0.16547	4.20839	2.57199e-05	0.019474	235.195	116.051	83.0975
cardinale	occidentale	bicolor	0.344169	7.7882	6.79675e-15	0.074169	145.338	138.982	67.8106
parryi	cardinale	bicolor	0.070012	1.48533	0.137457	0.012985	385.808	87.693	76.2173
cardinale	bicolor	patens	0.0380403	0.795571	0.426281	0.00892032	493.276	74.0469	68.6198
cardinale	ramosum-1_5	bicolor	0.314308	6.61048	3.83074e-11	0.0580161	149.476	116.253	60.651
cardinale	ramosum-3	bicolor	0.270786	5.23539	1.64636e-07	0.050599	144.697	108.329	62.1623
cardinale	ramosum-4_10	bicolor	0.258011	5.34615	8.98423e-08	0.0467714	149.259	111.969	66.0407
cardinale	sapellonis	bicolor	0.236803	4.84631	1.25777e-06	0.0440342	152.169	110.579	68.2352
cardinale	bicolor	scaposum	0.0366571	0.888857	0.37408	0.01206	113.764	132.169	122.822
cardinale	scopulorum	bicolor	0.219441	4.31322	1.60893e-05	0.0404091	150.181	100.224	64.1531
stachydeum	cardinale	bicolor	0.0053037	0.102344	0.918484	0.00112604	125.726	93.1285	92.1458
cardinale	bicolor	trolliifolium	0.25056	5.92923	3.04357e-09	0.063772	215.491	142.765	85.557
bicolor	viridescens	cardinale	0.248884	5.26592	1.39488e-07	0.0280138	162.245	115.735	69.6065
bicolor	xantholeucum	cardinale	0.0550752	1.29166	0.196474	0.00675542	200.307	108.074	96.7911
bicolor	distichum-1_5	carolinianum	0.14451	3.41642	0.000634494	0.0175463	158.415	133.085	99.4778
distichum-2_6	bicolor	carolinianum	0.079684	1.94541	0.0517255	0.00967715	197.885	127.639	108.799
carolinianum	exaltatum	bicolor	0.107011	1.9183	0.0550729	0.0180616	171.469	73.5451	59.3264
carolinianum	geraniifolium	bicolor	0.0541329	1.04441	0.296296	0.0100887	176.793	80.6476	72.3646
carolinianum	geyeri	bicolor	0.222148	4.77998	1.75308e-06	0.0442957	176.929	105.264	66.9965
carolinianum	glaucescens	bicolor	0.263752	5.72643	1.02565e-08	0.057693	157.096	118.393	68.9744
carolinianum	glaucum-1_2	bicolor	0.0803535	1.48932	0.136404	0.015014	158.309	78.1024	66.4844
carolinianum	glaucum-3_4	bicolor	0.177355	3.6779	0.000235166	0.0313744	170.188	90.7075	63.3793
gypsophilum	carolinianum	bicolor	0.344224	8.58407	2.3e-16	0.101422	153.548	181.031	88.3154
hesperium	carolinianum	bicolor	0.190721	4.03751	5.40223e-05	0.0456732	154.615	116.92	79.4653
lineapetalum	bicolor	carolinianum	0.0202954	0.473695	0.635718	0.00250182	186.003	118.611	113.892
bicolor	multiplex	carolinianum	0.142227	3.6288	0.000284738	0.0167012	141.278	132.86	99.7731
carolinianum	novomexicanum	bicolor	0.0804003	1.56869	0.11672	0.0144667	170.646	83.4028	70.9896
carolinianum	bicolor	nudicaule	0.0728118	1.59184	0.111421	0.0167158	297.614	94.9783	82.0859
nuttallianum-14	bicolor	carolinianum	0.0721377	1.62019	0.105192	0.00793576	192.424	106.591	92.2474
nuttallianum-7_9	bicolor	carolinianum	0.213063	5.5076	3.63757e-08	0.0248139	213.486	135.595	87.963
carolinianum	occidentale	bicolor	0.202392	4.28885	1.79603e-05	0.0429526	162.369	108.117	71.7196
parryi	carolinianum	bicolor	0.176308	3.8453	0.000120403	0.0455769	153.051	122.63	85.8701
carolinianum	bicolor	patens	0.119648	2.45017	0.0142788	0.0267072	487.509	72.5885	57.0747
carolinianum	ramosum-1_5	bicolor	0.148329	3.0482	0.00230214	0.0263669	174.225	88.9767	65.9906
carolinianum	ramosum-3	bicolor	0.126132	2.30727	0.0210395	0.0234428	174.687	86.1667	66.8646
carolinianum	ramosum-4_10	bicolor	0.0471945	0.950417	0.3419	0.00810982	178.351	79.6066	72.4313
carolinianum	sapellonis	bicolor	0.0786254	1.57027	0.116352	0.0136328	188.605	82.204	70.2196
bicolor	carolinianum	scaposum	0.0551593	1.30374	0.192322	0.0167507	116.384	122.514	109.705
carolinianum	scopulorum	bicolor	0.0509186	0.995294	0.319593	0.00875991	187.483	75.9278	68.5702
stachydeum	carolinianum	bicolor	0.0679018	1.31753	0.18766	0.0160197	126.951	104.274	91.0139
carolinianum	bicolor	trolliifolium	0.146128	3.34176	0.000832496	0.0365579	226.328	125.398	93.4222
bicolor	viridescens	carolinianum	0.219884	4.65252	3.2791e-06	0.0229729	136.024	115.166	73.6487
xantholeucum	bicolor	carolinianum	0.00608502	0.142176	0.886941	0.000746823	179.224	113.239	111.87
bicolor	distichum-2_6	distichum-1_5	0.125376	3.80377	0.000142511	0.0416743	188.963	207.643	161.376
bicolor	distichum-1_5	exaltatum	0.15408	3.49719	0.000470191	0.0309147	134.636	119.213	87.381
bicolor	distichum-1_5	geraniifolium	0.211113	5.21553	1.83294e-07	0.0524994	150.61	145.502	94.776
bicolor	distichum-1_5	geyeri	0.0453652	1.18153	0.237392	0.0149406	148.109	142.008	129.683
bicolor	distichum-1_5	glaucescens	0.00492587	0.130133	0.896461	0.00183073	152.22	143.019	141.617
bicolor	distichum-1_5	glaucum-1_2	0.154457	3.72927	0.000192036	0.0400985	146.109	138.556	101.481
bicolor	distichum-1_5	glaucum-3_4	0.0956339	2.46105	0.0138533	0.0383538	159.04	141.371	116.691
bicolor	distichum-1_5	gypsophilum	0.140154	3.69591	0.000219098	0.0189548	286.808	137.425	103.639
bicolor	distichum-1_5	hesperium	0.192534	4.7837	1.72101e-06	0.0239601	201.415	140.087	94.8533
bicolor	lineapetalum	distichum-1_5	0.225139	6.61902	3.61583e-11	0.0790531	169.418	226.304	143.13
multiplex	distichum-1_5	bicolor	0.0746659	2.29205	0.0219028	0.0157912	577.291	121.956	105.01
bicolor	distichum-1_5	novomexicanum	0.138191	3.34804	0.00081386	0.0447495	157.452	141.208	106.919
distichum-1_5	bicolor	nudicaule	0.0231329	0.567647	0.570275	0.00461576	419.264	95.6902	91.3631
bicolor	nuttallianum-14	distichum-1_5	0.229748	6.48084	9.12118e-11	0.0771119	173.263	192.501	120.573
bicolor	nuttallianum-7_9	distichum-1_5	0.0773123	2.3533	0.0186077	0.0246354	196.055	176.023	150.759
bicolor	distichum-1_5	occidentale	0.0526375	1.36018	0.173771	0.0200464	150.446	150.349	135.312
bicolor	distichum-1_5	parryi	0.166323	4.22049	2.43771e-05	0.0195071	201.721	135.128	96.588
distichum-1_5	bicolor	patens	0.0319845	0.750821	0.452761	0.00627452	648.419	68.4515	64.2084
bicolor	distichum-1_5	ramosum-1_5	0.155362	3.88545	0.000102142	0.0599743	159.085	150.273	109.859
bicolor	distichum-1_5	ramosum-3	0.11609	2.74332	0.00608212	0.0334554	150.524	139.553	110.522
bicolor	distichum-1_5	ramosum-4_10	0.163941	4.1634	3.13537e-05	0.0650524	158.838	143.868	103.341
bicolor	distichum-1_5	sapellonis	0.180132	4.47007	7.81956e-06	0.066342	159.394	154.073	107.038
bicolor	distichum-1_5	scaposum	0.164576	4.9496	7.43675e-07	0.0522905	179.675	164.501	118.007
bicolor	distichum-1_5	scopulorum	0.199127	4.82835	1.37668e-06	0.0557734	143.192	140.785	94.0273
bicolor	distichum-1_5	stachydeum	0.150595	3.52852	0.000417891	0.0247038	189.196	129.021	95.247
distichum-1_5	bicolor	trolliifolium	0.0780149	2.05823	0.0395681	0.017403	303.545	120.951	103.445
distichum-1_5	viridescens	bicolor	0.0658075	1.59551	0.110599	0.012691	530.725	97.8442	85.7615
bicolor	xantholeucum	distichum-1_5	0.186443	5.49678	3.86782e-08	0.0652145	158.956	204.852	140.469
distichum-2_6	bicolor	exaltatum	0.152209	3.56316	0.000366422	0.0295982	183.17	120.094	88.3644
distichum-2_6	bicolor	geraniifolium	0.141209	3.52043	0.00043085	0.0319231	217.106	129.349	97.3385
distichum-2_6	bicolor	geyeri	0.145081	3.90119	9.57219e-05	0.0438661	209.424	153.394	114.524
distichum-2_6	bicolor	glaucescens	0.170741	4.67125	2.99378e-06	0.0581637	203.338	162.01	114.755
distichum-2_6	bicolor	glaucum-1_2	0.140899	3.46294	0.000534304	0.0332043	194.601	128.629	96.8581
distichum-2_6	bicolor	glaucum-3_4	0.208219	5.47703	4.32514e-08	0.0760256	214.95	153.77	100.77
distichum-2_6	bicolor	gypsophilum	0.0979276	2.64115	0.00826249	0.0127171	335.321	127.941	105.118
distichum-2_6	bicolor	hesperium	0.0533342	1.33351	0.182365	0.00671723	259.182	127.173	114.294
distichum-2_6	lineapetalum	bicolor	0.00419801	0.125807	0.899885	0.00154253	202.056	175.876	174.405
bicolor	distichum-2_6	multiplex	0.141034	4.69992	2.60261e-06	0.0534529	199.278	213.723	160.89
distichum-2_6	bicolor	novomexicanum	0.207853	5.10079	3.38243e-07	0.0601482	213.071	142.821	93.6662
distichum-2_6	bicolor	nudicaule	0.0189652	0.503513	0.614604	0.00385467	448.508	96.6363	93.0391
distichum-2_6	nuttallianum-14	bicolor	0.0678833	1.99987	0.0455142	0.0229334	205.747	159.264	139.016
distichum-2_6	nuttallianum-7_9	bicolor	0.0652256	2.17826	0.0293869	0.0225699	271.421	172.033	150.965
distichum-2_6	bicolor	occidentale	0.141141	3.83717	0.00012446	0.047966	207.723	156.803	118.015
distichum-2_6	bicolor	parryi	0.100349	2.5741	0.0100503	0.0115647	259.168	128.88	105.373
bicolor	distichum-2_6	patens	0.0759301	1.86045	0.0628219	0.0159736	664.813	74.9952	64.4102
distichum-2_6	bicolor	ramosum-1_5	0.144857	3.68132	0.00023203	0.0502897	214.501	143.633	107.285
distichum-2_6	bicolor	ramosum-3	0.144192	3.50994	0.000448204	0.0385149	196.378	136.896	102.392
distichum-2_6	bicolor	ramosum-4_10	0.136188	3.45132	0.000557861	0.0482927	216.106	135.673	103.149
distichum-2_6	bicolor	sapellonis	0.105022	2.69009	0.00714322	0.0343778	213.305	133.532	108.15
distichum-2_6	bicolor	scaposum	0.107853	3.01467	0.00257261	0.0294907	230.552	142.006	114.356
distichum-2_6	bicolor	scopulorum	0.107248	2.65147	0.00801434	0.0272235	200.712	122.142	98.4809
distichum-2_6	bicolor	stachydeum	0.108804	2.65339	0.00796878	0.01762	237.316	125.05	100.508
bicolor	distichum-2_6	trolliifolium	0.059936	1.63598	0.101843	0.0142955	329.463	128.059	113.576
bicolor	distichum-2_6	viridescens	0.00820493	0.225979	0.821217	0.00184913	164.45	154.877	152.357
xantholeucum	distichum-2_6	bicolor	0.0459159	1.35975	0.173909	0.0167148	187.604	176.023	160.568
geraniifolium	exaltatum	bicolor	0.11079	1.9052	0.0567536	0.0151326	162.14	65.6832	52.5807
exaltatum	geyeri	bicolor	0.188443	3.69968	0.00021587	0.0269932	173.254	76.6104	52.3152
exaltatum	glaucescens	bicolor	0.201928	3.97848	6.93587e-05	0.0325029	148.329	85.326	56.6558
exaltatum	glaucum-1_2	bicolor	0.0527218	0.825544	0.409063	0.00672437	194.628	55.4132	49.8628
exaltatum	glaucum-3_4	bicolor	0.0952139	1.75647	0.0790089	0.011232	218.339	59.9297	49.5095
gypsophilum	exaltatum	bicolor	0.449956	11.0904	2.3e-16	0.10545	131.43	161.357	61.2112
hesperium	exaltatum	bicolor	0.267292	5.26335	1.41456e-07	0.05416	125.637	111.789	64.6331
bicolor	lineapetalum	exaltatum	0.00373216	0.0847392	0.932469	0.000788424	167.874	106.923	106.128
bicolor	multiplex	exaltatum	0.113815	2.82122	0.00478409	0.0231258	120.79	119.792	95.3105
novomexicanum	exaltatum	bicolor	0.0388779	0.670716	0.502401	0.00521164	154.391	62.2344	57.5764
exaltatum	bicolor	nudicaule	0.0714101	1.46098	0.14402	0.0132252	293.075	79.0295	68.4948
nuttallianum-14	bicolor	exaltatum	0.0299404	0.635991	0.524782	0.00531594	177.556	89.3438	84.1493
nuttallianum-7_9	bicolor	exaltatum	0.235505	5.84618	5.02982e-09	0.0447208	200.273	123.695	76.5391
exaltatum	occidentale	bicolor	0.166825	3.18491	0.001448	0.0250799	150.25	76.8886	54.9025
parryi	exaltatum	bicolor	0.260943	5.1747	2.28272e-07	0.0564455	119.421	113.549	66.553
exaltatum	bicolor	patens	0.106926	2.02059	0.0433218	0.0195096	477.257	60.5139	48.8229
exaltatum	ramosum-1_5	bicolor	0.0501174	0.920053	0.357545	0.00651314	166.31	61.9319	56.0204
exaltatum	ramosum-3	bicolor	0.0549646	0.868717	0.385002	0.00695432	163.335	56.6476	50.7448
ramosum-4_10	exaltatum	bicolor	0.0411722	0.75277	0.451588	0.00504989	167.322	59.3264	54.6344
sapellonis	exaltatum	bicolor	0.00892764	0.161761	0.871494	0.00116628	170.546	59.0564	58.0113
bicolor	exaltatum	scaposum	0.0785313	1.75106	0.0799359	0.0197305	107.925	106.329	90.8451
scopulorum	exaltatum	bicolor	0.0946371	1.68999	0.0910306	0.0124972	164.038	62.944	52.0603
stachydeum	exaltatum	bicolor	0.242509	4.35778	1.31389e-05	0.0432795	116.431	96.7604	58.9896
exaltatum	bicolor	trolliifolium	0.136576	3.00885	0.0026224	0.0288941	225.984	109.341	83.0634
bicolor	viridescens	exaltatum	0.251762	5.21213	1.86689e-07	0.0457748	113.824	108.918	65.1053
xantholeucum	bicolor	exaltatum	0.00493583	0.11257	0.910371	0.00100897	169.399	101.623	100.625
geraniifolium	geyeri	bicolor	0.264739	5.85105	4.88492e-09	0.0403082	181.549	99.747	57.9883
geraniifolium	glaucescens	bicolor	0.320791	7.24135	4.44232e-13	0.0543109	176.181	112.579	57.893
geraniifolium	glaucum-1_2	bicolor	0.129684	2.46866	0.0135619	0.0181737	179.095	74.6415	57.5043
geraniifolium	glaucum-3_4	bicolor	0.167938	3.57704	0.000347513	0.0229455	178.85	82.9175	59.072
gypsophilum	geraniifolium	bicolor	0.385544	10.1396	2.3e-16	0.0940865	158.138	180.841	80.1988
hesperium	geraniifolium	bicolor	0.253974	5.547	2.90615e-08	0.0510422	152.01	122.852	73.0885
bicolor	lineapetalum	geraniifolium	0.00218907	0.0523426	0.958256	0.000525274	199.993	112.467	111.975
bicolor	multiplex	geraniifolium	0.133307	3.49098	0.000481248	0.0318391	150.158	134.575	102.916
geraniifolium	novomexicanum	bicolor	0.0966127	1.85507	0.0635865	0.012021	265.818	68.8229	56.6962
geraniifolium	bicolor	nudicaule	0.0530775	1.18988	0.234095	0.0108073	335.844	96.4635	86.7396
nuttallianum-14	bicolor	geraniifolium	0.0733441	1.65192	0.0985515	0.0156206	202.467	99.7982	86.1593
nuttallianum-7_9	bicolor	geraniifolium	0.189953	4.90376	9.40184e-07	0.0426381	222.043	127.48	86.7808
geraniifolium	occidentale	bicolor	0.292185	6.37898	1.78273e-10	0.048108	180.169	107.36	58.8084
parryi	geraniifolium	bicolor	0.199854	4.40788	1.04386e-05	0.0415248	147.875	116.566	77.7339
geraniifolium	bicolor	patens	0.147609	3.06721	0.00216065	0.0288426	562.424	73.2318	54.3932
geraniifolium	ramosum-1_5	bicolor	0.139925	2.82568	0.00471802	0.0161161	248.438	67.0265	50.5716
geraniifolium	ramosum-3	bicolor	0.199853	3.59713	0.000321746	0.0242029	250.106	70.7153	47.158
geraniifolium	ramosum-4_10	bicolor	0.110686	2.1733	0.0297576	0.0125158	254.743	65.8047	52.6891
geraniifolium	sapellonis	bicolor	0.11457	2.21936	0.0264624	0.0135262	282.92	66.9581	53.1925
bicolor	geraniifolium	scaposum	0.0880874	2.17729	0.0294593	0.0241752	116.298	129.475	108.511
geraniifolium	scopulorum	bicolor	0.0450426	0.842473	0.399523	0.00345253	608.644	39.7361	36.3108
stachydeum	geraniifolium	bicolor	0.180858	3.52636	0.000421308	0.0337529	141.814	105.516	73.1944
geraniifolium	bicolor	trolliifolium	0.199744	4.69847	2.62114e-06	0.0424164	241.056	126.265	84.2214
bicolor	viridescens	geraniifolium	0.274937	6.30216	2.93533e-10	0.0643067	139.415	133.07	75.6774
xantholeucum	bicolor	geraniifolium	0.0219561	0.52645	0.598576	0.00546418	185.832	112.808	107.961
geyeri	glaucescens	bicolor	0.0250108	0.589202	0.555725	0.00399999	229.077	84.278	80.1651
glaucum-1_2	geyeri	bicolor	0.124448	2.5314	0.0113609	0.0201485	163.27	85.4371	66.5256
glaucum-3_4	geyeri	bicolor	0.159116	3.6622	0.000250058	0.0221569	193.072	86.2214	62.5495
gypsophilum	geyeri	bicolor	0.490389	13.6359	2.3e-16	0.134387	139.194	230.364	78.769
hesperium	geyeri	bicolor	0.351915	8.46011	2.3e-16	0.07678	139.182	150.989	72.3818
lineapetalum	bicolor	geyeri	0.108189	2.77992	0.0054373	0.0326753	182.355	141.758	114.079
bicolor	multiplex	geyeri	0.0113924	0.311472	0.755442	0.00351141	138.961	136.046	132.981
novomexicanum	geyeri	bicolor	0.141848	3.07759	0.00208679	0.0214381	177.664	90.1552	67.7559
geyeri	bicolor	nudicaule	0.069862	1.62719	0.103697	0.0123367	384.902	88.5204	76.9596
nuttallianum-14	bicolor	geyeri	0.116727	2.8357	0.00457253	0.033638	199.881	123.034	97.3136
nuttallianum-7_9	bicolor	geyeri	0.24292	6.63172	3.31797e-11	0.0716788	222.019	156.198	95.1422
geyeri	occidentale	bicolor	0.0113398	0.257122	0.797085	0.00174306	220.653	79.0432	77.2706
parryi	geyeri	bicolor	0.342989	8.12365	4.52329e-16	0.0788668	135.73	152.234	74.4753
geyeri	bicolor	patens	0.15035	3.203	0.00136005	0.0261624	622.508	67.2131	49.6437
ramosum-1_5	geyeri	bicolor	0.155432	3.54914	0.000386486	0.0214285	190.79	83.9967	61.3978
ramosum-3	geyeri	bicolor	0.146267	2.94595	0.0032196	0.0202057	201.71	77.5655	57.7704
ramosum-4_10	geyeri	bicolor	0.18659	4.26093	2.03574e-05	0.0262931	194.994	91.7403	62.8882
sapellonis	geyeri	bicolor	0.205561	4.48651	7.23977e-06	0.0296371	193.228	91.2596	60.1381
bicolor	geyeri	scaposum	0.101671	2.54241	0.011009	0.0251902	153.068	121.073	98.7257
scopulorum	geyeri	bicolor	0.230363	5.04369	4.56644e-07	0.0326296	190.412	87.3009	54.6099
stachydeum	geyeri	bicolor	0.324858	7.03081	2.05331e-12	0.0632145	122.157	130.193	66.3459
geyeri	bicolor	trolliifolium	0.118326	2.85442	0.00431154	0.0240495	268.633	113.604	89.5638
bicolor	viridescens	geyeri	0.112777	2.60414	0.00921062	0.0340473	126.821	127.827	101.917
xantholeucum	bicolor	geyeri	0.0783944	1.99611	0.0459219	0.0243536	176.846	133.858	114.397
glaucum-1_2	glaucescens	bicolor	0.200929	4.10991	3.95816e-05	0.0342078	168.352	95.6302	63.6302
glaucum-3_4	glaucescens	bicolor	0.155202	3.60118	0.00031678	0.0250754	226.266	98.9325	72.3492
gypsophilum	glaucescens	bicolor	0.488033	14.5283	2.3e-16	0.139317	135.817	234.522	80.6889
hesperium	glaucescens	bicolor	0.406191	9.8475	2.3e-16	0.0965169	135.561	168.978	71.3563
lineapetalum	bicolor	glaucescens	0.139661	3.65217	0.000260035	0.0467138	186.207	144.248	108.894
multiplex	bicolor	glaucescens	0.0129805	0.360423	0.718531	0.00456555	142.496	142.545	138.892
novomexicanum	glaucescens	bicolor	0.223324	4.84354	1.27547e-06	0.036498	177.496	102.552	65.1092
bicolor	glaucescens	nudicaule	0.044047	1.03903	0.29879	0.00790091	374.051	86.5408	79.2387
nuttallianum-14	bicolor	glaucescens	0.181865	4.49113	7.08471e-06	0.0562448	198.78	130.778	90.5299
nuttallianum-7_9	bicolor	glaucescens	0.263129	7.32963	2.30789e-13	0.0849375	214.756	159.852	93.2526
occidentale	glaucescens	bicolor	0.0678114	1.60488	0.10852	0.00922934	445.381	73.7173	64.3545
parryi	glaucescens	bicolor	0.362832	8.91819	2.3e-16	0.0904918	128.743	165.304	77.2852
glaucescens	bicolor	patens	0.0648903	1.37527	0.169049	0.0116761	624.638	63.3633	55.6411
ramosum-1_5	glaucescens	bicolor	0.199851	4.67687	2.91292e-06	0.03116	193.906	96.8882	64.6122
ramosum-3	glaucescens	bicolor	0.147394	3.04569	0.00232148	0.0246059	184.642	92.8941	69.0278
ramosum-4_10	glaucescens	bicolor	0.252142	5.74559	9.1601e-09	0.0390693	182.74	103.289	61.6905
sapellonis	glaucescens	bicolor	0.235391	5.27524	1.32586e-07	0.0385465	191.605	104.956	64.9594
bicolor	glaucescens	scaposum	0.060016	1.51985	0.12855	0.0144791	159.046	114.881	101.872
scopulorum	glaucescens	bicolor	0.20586	4.56606	4.96986e-06	0.0350936	169.324	100.343	66.0827
stachydeum	glaucescens	bicolor	0.37978	8.92995	2.3e-16	0.0792809	138.68	144.069	64.76
glaucescens	bicolor	trolliifolium	0.195962	4.82585	1.39407e-06	0.0367556	284.694	114.252	76.8108
bicolor	viridescens	glaucescens	0.0991169	2.32433	0.0201076	0.0336788	125.65	129.633	106.252
xantholeucum	bicolor	glaucescens	0.166735	4.31376	1.60499e-05	0.0585578	183.654	148.813	106.28
glaucum-1_2	glaucum-3_4	bicolor	0.0949846	1.84205	0.0654676	0.0111025	254.393	62.4835	51.6432
gypsophilum	glaucum-1_2	bicolor	0.460633	12.353	2.3e-16	0.112749	143.557	183.536	67.7743
hesperium	glaucum-1_2	bicolor	0.333063	7.04391	1.86922e-12	0.0641526	144.945	118.475	59.2734
lineapetalum	bicolor	glaucum-1_2	0.011147	0.261844	0.793442	0.0028313	175.714	116.695	114.122
bicolor	multiplex	glaucum-1_2	0.132329	3.42672	0.000610922	0.0336344	131.377	136.248	104.402
novomexicanum	glaucum-1_2	bicolor	0.01445	0.267019	0.789455	0.00194664	169.204	63.9883	62.1654
glaucum-1_2	bicolor	nudicaule	0.010313	0.222798	0.823693	0.00193292	331.705	81.0421	79.3876
nuttallianum-14	bicolor	glaucum-1_2	0.0589503	1.28669	0.198201	0.013575	170.353	102.12	90.7504
nuttallianum-7_9	bicolor	glaucum-1_2	0.22198	5.68656	1.29624e-08	0.053185	196.477	133.36	84.9091
glaucum-1_2	occidentale	bicolor	0.119495	2.44185	0.0146124	0.0198656	170.364	87.8953	69.1314
parryi	glaucum-1_2	bicolor	0.269774	5.75548	8.63972e-09	0.0600344	131.023	124.595	71.6528
glaucum-1_2	bicolor	patens	0.102798	2.07099	0.0383601	0.0191783	554.995	65.7917	53.526
glaucum-1_2	ramosum-1_5	bicolor	0.0165049	0.322581	0.747013	0.0023608	175.048	68.9659	66.7263
glaucum-1_2	ramosum-3	bicolor	0.0828575	1.42843	0.153169	0.0112562	168.289	66.4223	56.2574
ramosum-4_10	glaucum-1_2	bicolor	0.0563948	1.09246	0.274631	0.00772169	172.65	70.3365	62.8268
glaucum-1_2	sapellonis	bicolor	0.0079657	0.150208	0.880601	0.00107297	181.64	63.8184	62.8097
bicolor	glaucum-1_2	scaposum	0.0839023	1.96844	0.0490179	0.020651	113.96	109.909	92.8937
scopulorum	glaucum-1_2	bicolor	0.0479042	0.888636	0.374199	0.00653531	171.631	63.954	58.1068
stachydeum	glaucum-1_2	bicolor	0.261481	4.95797	7.1232e-07	0.0470732	136.054	103.632	60.6701
glaucum-1_2	bicolor	trolliifolium	0.148173	3.33645	0.000848554	0.0300921	238.703	107.253	79.5712
bicolor	viridescens	glaucum-1_2	0.263252	5.72615	1.02738e-08	0.0605157	115.965	121.828	71.0521
xantholeucum	bicolor	glaucum-1_2	0.0668939	1.52742	0.126656	0.0166639	162.172	113.637	99.3869
gypsophilum	glaucum-3_4	bicolor	0.446642	12.688	2.3e-16	0.112884	147.14	206.586	79.0217
hesperium	glaucum-3_4	bicolor	0.322707	7.64155	2.14617e-14	0.0657439	141.269	138.092	70.7101
lineapetalum	bicolor	glaucum-3_4	0.116244	2.98196	0.00286406	0.0447196	196.25	138.688	109.803
bicolor	multiplex	glaucum-3_4	0.0542907	1.48427	0.137738	0.0213907	149.65	137.599	123.427
novomexicanum	glaucum-3_4	bicolor	0.0982877	2.05403	0.039973	0.0125476	183.909	74.7179	61.3446
glaucum-3_4	bicolor	nudicaule	0.0659544	1.52044	0.1284	0.0118562	376.686	91.332	80.0299
nuttallianum-14	bicolor	glaucum-3_4	0.142552	3.3736	0.000741916	0.0477423	205.827	116.141	87.1602
nuttallianum-7_9	bicolor	glaucum-3_4	0.257456	7.04177	1.89817e-12	0.0921272	221.13	151.057	89.201
glaucum-3_4	occidentale	bicolor	0.125575	2.81113	0.00493676	0.0177418	250.481	83.7359	65.0519
parryi	glaucum-3_4	bicolor	0.273978	6.4687	9.88495e-11	0.0602373	137.89	139.942	79.7509
glaucum-3_4	bicolor	patens	0.10713	2.22479	0.0260956	0.018879	603.846	66.0438	53.2626
ramosum-1_5	glaucum-3_4	bicolor	0.0824045	1.81609	0.0693568	0.0109687	183.663	77.6372	65.816
glaucum-3_4	ramosum-3	bicolor	0.015702	0.305022	0.760349	0.00218556	184.743	70.3572	68.1819
ramosum-4_10	glaucum-3_4	bicolor	0.0778628	1.6939	0.0902834	0.0099848	187.002	76.6298	65.5586
sapellonis	glaucum-3_4	bicolor	0.0893053	1.86233	0.0625568	0.0115179	194.967	75.0594	62.7521
bicolor	glaucum-3_4	scaposum	0.057282	1.41675	0.156556	0.0141744	134.495	119.012	106.117
scopulorum	glaucum-3_4	bicolor	0.0862416	1.8299	0.0672645	0.0121952	179.553	76.5669	64.4089
stachydeum	glaucum-3_4	bicolor	0.300435	6.5064	7.69706e-11	0.0540067	143.366	119.954	64.5291
glaucum-3_4	bicolor	trolliifolium	0.201481	4.87535	1.08617e-06	0.0406736	263.529	124.048	82.4438
bicolor	viridescens	glaucum-3_4	0.14858	3.37809	0.000729925	0.0533249	134.909	119.284	88.4227
xantholeucum	bicolor	glaucum-3_4	0.0970089	2.41373	0.01579	0.0370551	197.024	127.337	104.816
gypsophilum	hesperium	bicolor	0.139828	3.64354	0.000268915	0.032962	289.337	136.059	102.677
bicolor	lineapetalum	gypsophilum	0.0462375	1.21713	0.223555	0.00640707	312.748	125.905	114.776
bicolor	multiplex	gypsophilum	0.12037	3.33527	0.000852156	0.0160063	281.082	136.88	107.468
gypsophilum	novomexicanum	bicolor	0.401507	10.3699	2.3e-16	0.101771	138.96	193.847	82.7795
gypsophilum	bicolor	nudicaule	0.118677	3.17734	0.00148634	0.0370228	304.078	167.234	131.752
nuttallianum-14	bicolor	gypsophilum	0.0433053	1.07459	0.282558	0.00541604	303.777	105.402	96.6519
nuttallianum-7_9	bicolor	gypsophilum	0.127705	3.53362	0.000409904	0.0161159	332.817	121.765	94.1872
gypsophilum	occidentale	bicolor	0.505178	14.5817	2.3e-16	0.140032	143.819	232.722	76.5065
gypsophilum	parryi	bicolor	0.226288	5.9452	2.76114e-09	0.0461706	491.054	125.929	79.4537
gypsophilum	bicolor	patens	0.0988843	2.55516	0.010614	0.0315798	519.399	117.302	96.191
gypsophilum	ramosum-1_5	bicolor	0.451898	12.3874	2.3e-16	0.113465	146.193	202.072	76.2834
gypsophilum	ramosum-3	bicolor	0.453541	11.9457	2.3e-16	0.11404	145.805	195.152	73.3676
gypsophilum	ramosum-4_10	bicolor	0.441047	12.6001	2.3e-16	0.108019	145.309	201.158	78.0252
gypsophilum	sapellonis	bicolor	0.420778	11.181	2.3e-16	0.103865	150.598	193.636	78.9414
gypsophilum	bicolor	scaposum	0.240848	7.12082	1.07283e-12	0.0917556	127.049	220.136	134.68
gypsophilum	scopulorum	bicolor	0.384559	10.001	2.3e-16	0.0910383	152.75	168.752	75.0109
gypsophilum	stachydeum	bicolor	0.252963	6.03339	1.60558e-09	0.0663469	131.08	169.628	101.135
gypsophilum	bicolor	trolliifolium	0.367004	10.16	2.3e-16	0.105124	226.882	206.899	95.8053
bicolor	viridescens	gypsophilum	0.173737	4.04475	5.23784e-05	0.0214222	237.058	118.919	83.7141
xantholeucum	bicolor	gypsophilum	0.00450985	0.115929	0.907709	0.000607132	292.491	112.335	111.327
bicolor	lineapetalum	hesperium	0.0439835	1.05528	0.291297	0.00534367	239.693	115.877	106.113
bicolor	multiplex	hesperium	0.164533	4.36102	1.29459e-05	0.0204209	197.325	141.51	101.523
hesperium	novomexicanum	bicolor	0.311236	6.87039	6.40283e-12	0.0629509	142.465	132.72	69.715
bicolor	hesperium	nudicaule	0.0866145	2.11997	0.0340088	0.0262607	271.661	136.453	114.7
nuttallianum-14	bicolor	hesperium	0.0455035	1.02105	0.307232	0.00514601	236.692	100.202	91.48
nuttallianum-7_9	bicolor	hesperium	0.142398	3.73169	0.000190198	0.01656	258.553	120.067	90.1348
hesperium	occidentale	bicolor	0.372631	9.00177	2.3e-16	0.0874075	138.84	159.71	72.9964
hesperium	parryi	bicolor	0.0399435	0.923563	0.355714	0.00813202	289.181	97.6325	90.1325
bicolor	hesperium	patens	0.0367115	0.820975	0.411661	0.0100091	463.354	84.375	78.3993
hesperium	ramosum-1_5	bicolor	0.315521	7.26023	3.86443e-13	0.062483	145.12	132.334	68.8546
hesperium	ramosum-3	bicolor	0.339808	7.24143	4.43978e-13	0.0687864	140.651	129.45	63.7865
hesperium	ramosum-4_10	bicolor	0.272857	6.24162	4.33071e-10	0.0532909	146.352	128.442	73.3751
hesperium	sapellonis	bicolor	0.2923	6.51312	7.36057e-11	0.0595418	155.261	132.327	72.4663
hesperium	bicolor	scaposum	0.0652318	1.66662	0.0955898	0.0213932	105.459	143.454	125.885
hesperium	scopulorum	bicolor	0.250972	5.51122	3.56356e-08	0.0512987	147.329	122.103	73.11
hesperium	stachydeum	bicolor	0.0957864	1.97208	0.0486004	0.0210364	133.093	112.075	92.4815
hesperium	bicolor	trolliifolium	0.22217	5.51832	3.42253e-08	0.057416	221.468	151.298	96.2914
bicolor	viridescens	hesperium	0.252341	5.52839	3.23176e-08	0.0290379	185.573	124.133	74.1082
xantholeucum	bicolor	hesperium	0.0151945	0.361962	0.71738	0.00177551	227.597	104.338	101.215
bicolor	lineapetalum	multiplex	0.325064	11.2735	2.3e-16	0.141016	180.2	273.44	139.28
lineapetalum	bicolor	novomexicanum	0.0138634	0.332756	0.739319	0.00417116	192.178	113.825	110.712
bicolor	lineapetalum	nudicaule	0.0101811	0.254945	0.798765	0.00209555	431.768	94.5699	92.6636
lineapetalum	nuttallianum-14	bicolor	0.0618445	1.76701	0.0772267	0.0193377	313.944	140.576	124.201
lineapetalum	nuttallianum-7_9	bicolor	0.0263263	0.82007	0.412176	0.00948182	222.948	161.862	153.558
lineapetalum	bicolor	occidentale	0.127077	3.29204	0.000994634	0.0441744	189.411	148.852	115.286
bicolor	lineapetalum	parryi	0.0482661	1.20459	0.22836	0.00571486	233.938	119.98	108.931
bicolor	lineapetalum	patens	0.0463105	1.07729	0.281349	0.00934986	649.912	69.1137	62.9957
lineapetalum	bicolor	ramosum-1_5	0.0676081	1.67848	0.0932538	0.0243808	192.839	128.221	111.981
lineapetalum	bicolor	ramosum-3	0.0309442	0.739983	0.45931	0.00821137	179.808	116.433	109.444
lineapetalum	bicolor	ramosum-4_10	0.0370567	0.905568	0.365164	0.0135542	197.305	116.243	107.935
bicolor	lineapetalum	sapellonis	0.00101854	0.024894	0.980139	0.000358017	194.268	119.438	119.195
lineapetalum	bicolor	scaposum	0.0138078	0.362118	0.717264	0.00391525	210.624	124.028	120.65
lineapetalum	bicolor	scopulorum	0.0431904	1.01906	0.308177	0.0117493	182.449	117.055	107.363
bicolor	lineapetalum	stachydeum	0.00997599	0.229792	0.818254	0.00165036	217.538	108.799	106.649
bicolor	lineapetalum	trolliifolium	0.0479032	1.24877	0.21175	0.011341	321.353	121.492	110.385
bicolor	lineapetalum	viridescens	0.147322	3.82943	0.00012844	0.0350163	146.088	180.987	134.508
xantholeucum	lineapetalum	bicolor	0.00584614	0.16183	0.87144	0.00170853	467.951	129.339	127.835
bicolor	multiplex	novomexicanum	0.0997055	2.54527	0.0109195	0.0308521	146.669	135.879	111.24
multiplex	bicolor	nudicaule	0.016214	0.430128	0.667102	0.00322174	417.568	98.6372	95.4897
bicolor	nuttallianum-14	multiplex	0.174567	5.16972	2.3445e-07	0.0633956	186.483	177.943	125.05
bicolor	nuttallianum-7_9	multiplex	0.0740836	2.34141	0.0192111	0.0261348	207.899	176.653	152.284
bicolor	multiplex	occidentale	0.0252583	0.683704	0.494162	0.00911197	143.416	144.493	137.374
bicolor	multiplex	parryi	0.105319	2.82308	0.00475642	0.011952	200.644	129.313	104.67
multiplex	bicolor	patens	0.0275043	0.667322	0.504567	0.00547909	662.652	70.8684	67.0744
bicolor	multiplex	ramosum-1_5	0.117579	3.10898	0.00187737	0.0438818	146.734	147.238	116.257
bicolor	multiplex	ramosum-3	0.0890796	2.26655	0.0234176	0.0249897	134.009	136.147	113.875
bicolor	multiplex	ramosum-4_10	0.128275	3.48722	0.000488077	0.0501992	146.36	142.03	109.735
bicolor	multiplex	sapellonis	0.135882	3.5733	0.00035251	0.0472956	147.744	146.348	111.334
bicolor	multiplex	scaposum	0.0696346	2.03748	0.0416024	0.0195541	175.94	142.66	124.086
bicolor	multiplex	scopulorum	0.14425	3.73298	0.00018923	0.0389145	138.765	134.584	100.652
bicolor	multiplex	stachydeum	0.136346	3.45567	0.000548929	0.0220601	182.944	129.652	98.5388
multiplex	bicolor	trolliifolium	0.0306731	0.846616	0.397209	0.0071577	302.024	126.624	119.087
multiplex	viridescens	bicolor	0.0843703	2.25341	0.0242331	0.0169439	488.484	104.502	88.2402
bicolor	xantholeucum	multiplex	0.192058	6.02735	1.66669e-09	0.0753753	170.504	209.449	141.959
novomexicanum	bicolor	nudicaule	0.0336072	0.750949	0.452684	0.00642706	343.53	89.5434	83.7205
nuttallianum-14	bicolor	novomexicanum	0.110583	2.49698	0.0125258	0.0303223	204.693	108.372	86.7904
nuttallianum-7_9	bicolor	novomexicanum	0.243119	6.36757	1.92043e-10	0.0711844	218.738	138.483	84.316
novomexicanum	occidentale	bicolor	0.195778	4.18281	2.87931e-05	0.0314863	174.611	97.9321	65.8644
parryi	novomexicanum	bicolor	0.256768	5.61167	2.00385e-08	0.0547588	139.322	128.975	76.2739
novomexicanum	bicolor	patens	0.0852603	1.70365	0.0884456	0.0161085	559.996	65.8759	55.5252
novomexicanum	ramosum-1_5	bicolor	0.0676771	1.36553	0.172086	0.00687191	294.093	57.3114	50.0458
novomexicanum	ramosum-3	bicolor	0.104166	1.7838	0.0744566	0.0104522	367.534	55.0339	44.6502
ramosum-4_10	novomexicanum	bicolor	0.00855249	0.172963	0.86268	0.00089295	246.464	56.9562	55.9902
novomexicanum	sapellonis	bicolor	0.00860865	0.163439	0.870173	0.000665751	486.7	41.6984	40.9865
bicolor	novomexicanum	scaposum	0.0548797	1.30504	0.19188	0.0138282	126.398	117.032	104.855
scopulorum	novomexicanum	bicolor	0.0128991	0.248625	0.803651	0.00140687	257.017	54.2582	52.8763
stachydeum	novomexicanum	bicolor	0.275551	5.39514	6.847e-08	0.0474745	141.635	110.6	62.8151
novomexicanum	bicolor	trolliifolium	0.161474	3.73578	0.000187133	0.0338365	245.813	118.284	85.395
bicolor	viridescens	novomexicanum	0.197959	4.31219	1.61643e-05	0.0580988	136.738	124.797	83.5527
xantholeucum	bicolor	novomexicanum	0.050538	1.19642	0.231535	0.015678	186.749	118.732	107.308
nuttallianum-14	bicolor	nudicaule	0.0554595	1.3207	0.186602	0.0103717	401.734	82.3694	73.7131
nuttallianum-7_9	bicolor	nudicaule	0.0211666	0.565821	0.571516	0.00423192	432.59	91.0862	87.3101
occidentale	bicolor	nudicaule	0.00640284	0.149374	0.881259	0.0012127	383.175	85.6853	84.5951
parryi	bicolor	nudicaule	0.0238996	0.581184	0.561116	0.00682346	298.347	123.542	117.774
bicolor	nudicaule	patens	0.404976	11.8059	2.3e-16	0.174837	345.737	198.237	83.9557
ramosum-1_5	bicolor	nudicaule	0.0663926	1.52189	0.128036	0.0126072	360.779	93.0951	81.503
ramosum-3	bicolor	nudicaule	0.0320617	0.681145	0.495779	0.00579762	348.234	81.9835	76.8898
ramosum-4_10	bicolor	nudicaule	0.0739408	1.70988	0.0872877	0.0136142	354.257	92.9457	80.147
sapellonis	bicolor	nudicaule	0.0157867	0.35609	0.721773	0.00304319	343.735	90.0373	87.2387
scaposum	bicolor	nudicaule	0.0234815	0.571529	0.567641	0.00497908	326.75	97.5783	93.1009
bicolor	scopulorum	nudicaule	0.0013792	0.0314585	0.974904	0.000276978	317.314	86.9757	86.7361
bicolor	stachydeum	nudicaule	0.0114887	0.252829	0.800401	0.00260869	287.088	97.0599	94.855
bicolor	trolliifolium	nudicaule	0.147483	3.9631	7.39831e-05	0.0480147	227.266	161.336	119.864
bicolor	viridescens	nudicaule	0.0273591	0.603885	0.54592	0.00502874	370.615	82.1427	77.7677
xantholeucum	bicolor	nudicaule	0.0425307	1.02575	0.305009	0.00885518	399.526	94.2834	86.5907
nuttallianum-7_9	nuttallianum-14	bicolor	0.0207846	0.649811	0.515814	0.00699705	242.847	144.055	138.189
nuttallianum-14	bicolor	occidentale	0.175837	4.27541	1.90786e-05	0.0545073	192.011	129.643	90.8689
nuttallianum-14	bicolor	parryi	0.0343496	0.809875	0.418012	0.00368894	243.481	100.009	93.3663
nuttallianum-14	bicolor	patens	0.0126049	0.272999	0.784854	0.00241801	592	58.4375	56.9826
nuttallianum-14	bicolor	ramosum-1_5	0.0837252	1.96109	0.049868	0.0277347	194.572	110.73	93.6211
nuttallianum-14	bicolor	ramosum-3	0.115187	2.56475	0.010325	0.0280461	184.839	108.766	86.2969
nuttallianum-14	bicolor	ramosum-4_10	0.0528071	1.25033	0.211179	0.0184533	208.387	104.897	94.374
nuttallianum-14	bicolor	sapellonis	0.0361243	0.829185	0.407	0.0119678	199.52	107.907	100.382
nuttallianum-14	bicolor	scaposum	0.0485022	1.22693	0.219848	0.0130635	217.41	113.361	102.873
nuttallianum-14	bicolor	scopulorum	0.0535787	1.24254	0.214038	0.0135264	201.428	102.332	91.924
nuttallianum-14	bicolor	stachydeum	0.0745739	1.63973	0.101062	0.0109141	220.878	95.6632	82.3854
bicolor	nuttallianum-14	trolliifolium	0.043318	1.08974	0.275829	0.00967453	320.194	107.128	98.2326
bicolor	nuttallianum-14	viridescens	0.148943	3.67846	0.000234644	0.0319616	149.339	147.811	109.488
xantholeucum	nuttallianum-14	bicolor	0.089944	2.63581	0.00839377	0.0249631	367.638	131.952	110.174
nuttallianum-7_9	bicolor	occidentale	0.2402	6.54072	6.12224e-11	0.0775435	212.779	155.896	95.5085
nuttallianum-7_9	bicolor	parryi	0.141759	3.85578	0.000115359	0.0156796	249.954	121.058	90.9975
bicolor	nuttallianum-7_9	patens	0.00296435	0.0726937	0.94205	0.000622958	664.415	66.9635	66.5677
nuttallianum-7_9	bicolor	ramosum-1_5	0.229191	5.9936	2.05244e-09	0.0734642	223.092	138.479	86.8381
nuttallianum-7_9	bicolor	ramosum-3	0.202871	5.12583	2.96227e-07	0.0528687	202.387	135.184	89.5846
nuttallianum-7_9	bicolor	ramosum-4_10	0.179083	4.73704	2.1686e-06	0.0646024	231.766	135.579	94.3945
nuttallianum-7_9	bicolor	sapellonis	0.179145	4.66816	3.03905e-06	0.0607506	220.701	140.863	98.0608
nuttallianum-7_9	bicolor	scaposum	0.127571	3.67639	0.000236556	0.0340709	228.321	132.858	102.795
nuttallianum-7_9	bicolor	scopulorum	0.16399	4.28117	1.85909e-05	0.0417445	222.511	125.576	90.1919
nuttallianum-7_9	bicolor	stachydeum	0.0953726	2.38907	0.0168909	0.0148897	236.548	109.817	90.6939
bicolor	nuttallianum-7_9	trolliifolium	0.0476284	1.36084	0.173564	0.0111426	334.16	118.304	107.547
nuttallianum-7_9	bicolor	viridescens	0.0504581	1.38105	0.167262	0.0106359	174.06	140.506	127.008
xantholeucum	nuttallianum-7_9	bicolor	0.0678538	2.05195	0.0401748	0.0247513	201.633	168.045	146.689
parryi	occidentale	bicolor	0.347779	8.45109	2.3e-16	0.0858366	132.578	161.014	77.918
occidentale	bicolor	patens	0.0873527	1.84595	0.0649	0.0162599	620.466	66.7127	55.9939
ramosum-1_5	occidentale	bicolor	0.151742	3.41018	0.000649199	0.0230527	192.665	89.9552	66.2521
ramosum-3	occidentale	bicolor	0.12386	2.44904	0.0143236	0.0193736	183.204	85.0022	66.2661
ramosum-4_10	occidentale	bicolor	0.220545	4.99103	6.0057e-07	0.0318265	188.368	93.5493	59.7417
sapellonis	occidentale	bicolor	0.170578	3.6793	0.000233871	0.0270079	191.068	94.5248	66.9762
bicolor	occidentale	scaposum	0.0832423	2.11303	0.0345983	0.0215064	147.259	120.665	102.12
scopulorum	occidentale	bicolor	0.241759	5.24241	1.58495e-07	0.0385229	177.239	95.1072	58.0743
stachydeum	occidentale	bicolor	0.352947	7.72723	1.09911e-14	0.0716098	145.836	136.75	65.4015
occidentale	bicolor	trolliifolium	0.150284	3.72302	0.000196852	0.0301847	283.159	115.25	85.135
bicolor	viridescens	occidentale	0.0922872	2.13513	0.0327506	0.0310352	132.352	125.508	104.3
xantholeucum	bicolor	occidentale	0.149202	3.75726	0.000171786	0.0512023	178.243	142.587	105.563
parryi	bicolor	patens	0.108451	2.42918	0.0151331	0.0297746	493.201	94.6484	76.1276
parryi	ramosum-1_5	bicolor	0.269371	6.09687	1.08168e-09	0.0567281	141.613	130.195	74.938
parryi	ramosum-3	bicolor	0.297444	6.33187	2.42204e-10	0.0640421	133.85	129.072	69.8915
parryi	ramosum-4_10	bicolor	0.246721	5.61331	1.98498e-08	0.0505665	142.951	127.045	76.7616
parryi	sapellonis	bicolor	0.264922	5.88397	4.00543e-09	0.0552488	145.427	128.241	74.5241
parryi	bicolor	scaposum	0.0979946	2.52387	0.0116071	0.0325725	121.131	150.018	123.24
parryi	scopulorum	bicolor	0.224423	4.89949	9.60842e-07	0.0468707	146.286	116.795	73.9804
parryi	stachydeum	bicolor	0.07894	1.64443	0.100088	0.018603	123.916	114.326	97.5966
parryi	bicolor	trolliifolium	0.289603	7.19518	6.23769e-13	0.0772542	229.13	161.661	89.0532
bicolor	viridescens	parryi	0.17857	3.97323	7.09039e-05	0.0186068	180.262	113.301	78.9673
bicolor	xantholeucum	parryi	0.0161557	0.405409	0.685177	0.001865	228.883	110.126	106.624
ramosum-1_5	bicolor	patens	0.125753	2.63077	0.00851915	0.0236091	558.819	70.5135	54.76
ramosum-3	bicolor	patens	0.0340729	0.67559	0.499301	0.00628635	546.724	61.1719	57.1406
ramosum-4_10	bicolor	patens	0.143768	3.08156	0.00205919	0.0271867	595.796	72.9819	54.6347
sapellonis	bicolor	patens	0.0713111	1.48446	0.137687	0.0138232	554.515	68.1645	59.0898
scaposum	bicolor	patens	0.0491321	1.11084	0.266637	0.00990988	534.158	67.9154	61.5543
scopulorum	bicolor	patens	0.139691	2.93162	0.00337202	0.0261802	525.267	67.5638	51.0013
bicolor	stachydeum	patens	0.00562827	0.111703	0.911059	0.00122543	497.168	65.7622	65.026
bicolor	trolliifolium	patens	0.166234	4.14641	3.37734e-05	0.0509027	411.645	112.603	80.5026
viridescens	bicolor	patens	0.0145212	0.287934	0.773397	0.00265898	557.128	57.3715	55.7292
xantholeucum	bicolor	patens	0.0892818	2.01888	0.0434992	0.0174087	604.553	68.1936	57.0148
ramosum-1_5	ramosum-3	bicolor	0.0487988	0.919678	0.357741	0.00530124	298.329	57.0143	51.7088
ramosum-4_10	ramosum-1_5	bicolor	0.104484	2.22424	0.0261321	0.0104695	270.318	60.5586	49.1009
sapellonis	ramosum-1_5	bicolor	0.0513362	1.07108	0.284135	0.00561	310.652	61.2961	55.31
bicolor	ramosum-1_5	scaposum	0.12636	3.13403	0.00172422	0.0317337	125.112	126.257	97.9285
scopulorum	ramosum-1_5	bicolor	0.108416	2.22089	0.0263582	0.0122391	243.568	62.6028	50.3562
stachydeum	ramosum-1_5	bicolor	0.289193	6.02684	1.67199e-09	0.0512071	140.64	115.94	63.9245
ramosum-1_5	bicolor	trolliifolium	0.171544	4.13531	3.54468e-05	0.0348749	257.452	119.301	84.3636
bicolor	viridescens	ramosum-1_5	0.172742	3.81788	0.000134604	0.0615038	138.603	126.869	89.4941
xantholeucum	bicolor	ramosum-1_5	0.0567396	1.38364	0.166467	0.0206455	176.964	121.754	108.679
ramosum-4_10	ramosum-3	bicolor	0.079176	1.47646	0.13982	0.00835145	255.645	57.4002	48.9776
sapellonis	ramosum-3	bicolor	0.0584126	1.03423	0.301029	0.00555376	383.782	50.112	44.5807
bicolor	ramosum-3	scaposum	0.110007	2.53829	0.0111396	0.0272833	119.676	117.396	94.1272
scopulorum	ramosum-3	bicolor	0.0934081	1.68571	0.0918517	0.0107735	250.02	58.7318	48.697
stachydeum	ramosum-3	bicolor	0.286849	5.40506	6.47862e-08	0.0490404	141.992	104.319	57.8116
ramosum-3	bicolor	trolliifolium	0.13484	2.98652	0.00282171	0.0274653	244.165	108.943	83.0538
bicolor	viridescens	ramosum-3	0.204977	4.36229	1.2871e-05	0.0554661	119.438	129.758	85.6117
xantholeucum	bicolor	ramosum-3	0.07418	1.71847	0.0857109	0.0201793	171.116	119.277	102.803
ramosum-4_10	sapellonis	bicolor	0.0407317	0.836296	0.402988	0.0042802	262.25	59.3748	54.7272
bicolor	ramosum-4_10	scaposum	0.0747437	1.87938	0.0601928	0.0187399	121.229	122.774	105.697
scopulorum	ramosum-4_10	bicolor	0.0403078	0.811563	0.417042	0.00429928	258.184	57.0803	52.657
stachydeum	ramosum-4_10	bicolor	0.261334	5.35682	8.46995e-08	0.0440604	145.005	109.832	64.3201
ramosum-4_10	bicolor	trolliifolium	0.162291	4.016	5.91951e-05	0.0332129	255.429	120.781	87.0514
bicolor	viridescens	ramosum-4_10	0.225946	5.11938	3.06536e-07	0.0869048	135.944	132.124	83.4223
xantholeucum	bicolor	ramosum-4_10	0.0428838	1.06731	0.285834	0.0165444	190.335	118.288	108.56
bicolor	sapellonis	scaposum	0.0902811	2.17882	0.0293447	0.0225432	126.18	122.893	102.541
scopulorum	sapellonis	bicolor	0.0284292	0.56015	0.575377	0.00299006	285.214	54.1684	51.1736
stachydeum	sapellonis	bicolor	0.269381	5.34177	9.20425e-08	0.0459294	148.481	108.422	62.4045
sapellonis	bicolor	trolliifolium	0.151024	3.55687	0.000375299	0.0317259	254.343	119.138	87.8741
bicolor	viridescens	sapellonis	0.244499	5.51372	3.5132e-08	0.0801726	133.06	131.779	79.9994
xantholeucum	bicolor	sapellonis	0.0153215	0.371958	0.709924	0.0054865	181.591	117.867	114.309
bicolor	scopulorum	scaposum	0.103375	2.512	0.0120049	0.0266665	115.309	121.8	98.9774
stachydeum	bicolor	scaposum	0.123141	2.83921	0.00452247	0.033437	104.204	128.324	100.185
scaposum	bicolor	trolliifolium	0.134822	3.49989	0.000465451	0.0314662	242.982	129.275	98.5583
bicolor	viridescens	scaposum	0.181318	4.51163	6.43313e-06	0.0483128	162.524	130.15	90.1973
xantholeucum	bicolor	scaposum	0.0361691	0.967873	0.333108	0.0103185	206.82	127.896	118.967
stachydeum	scopulorum	bicolor	0.235075	4.58928	4.44771e-06	0.0422312	138.676	104.692	64.8391
scopulorum	bicolor	trolliifolium	0.108213	2.58135	0.00984148	0.0231434	237.98	111.941	90.0794
bicolor	viridescens	scopulorum	0.262717	5.89707	3.70022e-09	0.067939	122.35	126.76	74.0135
xantholeucum	bicolor	scopulorum	0.00324535	0.0786411	0.937318	0.000920705	175.191	112.705	111.975
stachydeum	bicolor	trolliifolium	0.129215	2.94307	0.00324976	0.0308906	207.337	123.909	95.5518
bicolor	viridescens	stachydeum	0.204755	4.28471	1.8298e-05	0.029521	165.095	108.678	71.7373
xantholeucum	bicolor	stachydeum	0.0633519	1.44027	0.149791	0.00988183	205.383	105.211	92.6748
viridescens	bicolor	trolliifolium	0.057593	1.34012	0.180206	0.0119472	277.643	100.073	89.1739
bicolor	xantholeucum	trolliifolium	0.0717685	1.85101	0.0641683	0.0165493	303.397	118.471	102.605
bicolor	xantholeucum	viridescens	0.140418	3.72737	0.000193487	0.0331074	133.105	169.023	127.4
cardinale	californicum	brachycentrum	0.0599803	1.13665	0.255684	0.0146259	261.827	94.5582	83.8568
brachycentrum	carolinianum	californicum	0.267435	5.64904	1.61348e-08	0.0389845	126.726	151.05	87.3056
brachycentrum	californicum	distichum-1_5	0.0503879	1.2009	0.22979	0.0141376	142.433	169.678	153.399
brachycentrum	californicum	distichum-2_6	0.175089	4.34201	1.41183e-05	0.0542757	193.363	186.626	131.011
brachycentrum	exaltatum	californicum	0.350408	7.29761	2.92933e-13	0.0383658	144.292	125.266	60.2569
brachycentrum	geraniifolium	californicum	0.21261	4.66799	3.04154e-06	0.0246741	147.878	131.872	85.6293
brachycentrum	geyeri	californicum	0.215885	4.79439	1.63172e-06	0.0249438	173.903	138.71	89.4529
brachycentrum	glaucescens	californicum	0.194834	4.30251	1.68872e-05	0.0235965	216.099	142.439	95.9857
brachycentrum	glaucum-1_2	californicum	0.326916	7.00259	2.51267e-12	0.0360577	147.931	134.074	68.0095
brachycentrum	glaucum-3_4	californicum	0.318952	7.55934	4.05108e-14	0.0322132	224.437	135.592	70.0135
gypsophilum	californicum	brachycentrum	0.279577	6.86174	6.80292e-12	0.0860949	275.886	172.784	97.2801
hesperium	californicum	brachycentrum	0.0747724	1.48848	0.136625	0.0144822	484.141	84.2471	72.5249
brachycentrum	californicum	lineapetalum	0.137483	3.18179	0.00146368	0.0302396	161.767	160.568	121.753
brachycentrum	californicum	multiplex	0.0668695	1.67616	0.0937067	0.02058	153.738	163.736	143.211
brachycentrum	novomexicanum	californicum	0.362877	8.05031	8.25837e-16	0.0404248	155.079	148.655	69.4939
brachycentrum	californicum	nudicaule	0.392986	9.53639	2.3e-16	0.0969558	360.428	169.332	73.7891
brachycentrum	californicum	nuttallianum-14	0.146916	3.24961	0.00115563	0.0360821	160.978	145.039	107.881
brachycentrum	californicum	nuttallianum-7_9	0.17018	4.07675	4.56698e-05	0.0590134	181.042	153.137	108.595
brachycentrum	occidentale	californicum	0.293567	6.70875	1.96301e-11	0.0333358	248.44	142.813	77.992
parryi	californicum	brachycentrum	0.12485	2.63189	0.00849117	0.0326152	278.705	115.248	89.6649
brachycentrum	californicum	patens	0.397515	9.14423	2.3e-16	0.100699	578.387	127.106	54.7969
brachycentrum	ramosum-1_5	californicum	0.337085	7.75767	8.65042e-15	0.0356692	167.911	139.479	69.1523
brachycentrum	ramosum-3	californicum	0.314834	6.98288	2.89183e-12	0.0335623	143.817	131.107	68.3203
brachycentrum	ramosum-4_10	californicum	0.29777	6.87042	6.40142e-12	0.0347334	152.152	149.008	80.6287
brachycentrum	sapellonis	californicum	0.318345	7.21351	5.45264e-13	0.0348535	170.628	142.107	73.477
brachycentrum	californicum	scaposum	0.13584	3.12544	0.00177539	0.0402707	140.108	150.11	114.205
brachycentrum	scopulorum	californicum	0.234922	5.31256	1.08094e-07	0.0293435	142.202	141.306	87.5443
brachycentrum	californicum	stachydeum	0.145623	3.10514	0.00190188	0.030897	129.932	160.694	119.842
brachycentrum	californicum	trolliifolium	0.244101	5.57803	2.43262e-08	0.0579545	268.24	151.727	92.1875
californicum	brachycentrum	viridescens	0.0269582	0.583218	0.559747	0.00521056	107.047	137.134	129.934
brachycentrum	californicum	xantholeucum	0.177218	4.03004	5.5768e-05	0.0466263	156.868	158.983	111.116
brachycentrum	carolinianum	cardinale	0.320008	7.01381	2.31921e-12	0.0498949	117.468	160.424	82.6415
brachycentrum	cardinale	distichum-1_5	0.126753	3.06533	0.00217431	0.0329322	120.188	162.263	125.756
brachycentrum	cardinale	distichum-2_6	0.123443	2.99078	0.00278267	0.0340529	180.046	149.738	116.832
brachycentrum	exaltatum	cardinale	0.361344	7.62525	2.43555e-14	0.0404115	125.15	122.753	57.5877
brachycentrum	geraniifolium	cardinale	0.342146	7.86091	3.81357e-15	0.0404707	123.587	147.184	72.1424
brachycentrum	geyeri	cardinale	0.302562	6.86151	6.81349e-12	0.0350369	146.045	142.846	76.4846
brachycentrum	glaucescens	cardinale	0.304684	6.89089	5.54454e-12	0.0375842	189.969	152.486	81.2658
brachycentrum	glaucum-1_2	cardinale	0.397868	8.55083	2.3e-16	0.045726	138.988	145.217	62.5525
brachycentrum	glaucum-3_4	cardinale	0.412056	9.80806	2.3e-16	0.042413	209.377	144.127	60.0109
gypsophilum	cardinale	brachycentrum	0.301076	7.34304	2.08803e-13	0.0786339	418.504	137.565	73.8984
hesperium	cardinale	brachycentrum	0.0891875	1.80904	0.0704441	0.0210154	280.53	95.7057	80.0321
brachycentrum	cardinale	lineapetalum	0.246505	5.97085	2.36023e-09	0.0546894	152.694	176.296	106.569
brachycentrum	cardinale	multiplex	0.148493	3.73801	0.000185482	0.0442297	131.912	164.495	121.958
brachycentrum	novomexicanum	cardinale	0.35943	7.88981	3.02655e-15	0.0371438	134.747	130.62	61.5486
brachycentrum	cardinale	nudicaule	0.360864	8.58558	2.3e-16	0.0899157	348.952	167.93	78.8689
brachycentrum	cardinale	nuttallianum-14	0.173755	3.86021	0.000113289	0.0405835	137.96	133.375	93.8872
brachycentrum	cardinale	nuttallianum-7_9	0.258599	6.22387	4.85046e-10	0.0896102	172.694	158.447	93.3364
brachycentrum	occidentale	cardinale	0.368036	8.45487	2.3e-16	0.0393477	229.168	138.821	64.1285
parryi	cardinale	brachycentrum	0.036874	0.760931	0.446698	0.00848673	437.187	85.3834	79.3105
brachycentrum	cardinale	patens	0.351381	7.81196	5.63037e-15	0.080072	585.763	109.655	52.6311
brachycentrum	ramosum-1_5	cardinale	0.423594	9.75644	2.3e-16	0.0457086	145.417	145.061	58.7344
brachycentrum	ramosum-3	cardinale	0.402699	8.99249	2.3e-16	0.0431896	134.293	136.309	58.0434
brachycentrum	ramosum-4_10	cardinale	0.397139	9.14592	2.3e-16	0.0419126	126.779	140.418	60.5898
brachycentrum	sapellonis	cardinale	0.378611	8.5182	2.3e-16	0.0414476	136.553	143.187	64.5395
brachycentrum	cardinale	scaposum	0.157674	3.76232	0.000168343	0.0476669	140.592	149.61	108.856
brachycentrum	scopulorum	cardinale	0.35986	8.18443	2.73544e-16	0.0429529	116.23	144.676	68.1046
brachycentrum	cardinale	stachydeum	0.154805	3.29386	0.000988214	0.0290547	110.414	135.836	99.4175
brachycentrum	cardinale	trolliifolium	0.218888	4.99883	5.76792e-07	0.0495466	270.82	138.058	88.4731
brachycentrum	cardinale	viridescens	0.10328	2.33525	0.0195305	0.0199144	98.9812	139.455	113.346
brachycentrum	cardinale	xantholeucum	0.192551	4.49966	6.80615e-06	0.0491646	148.77	151.433	102.532
brachycentrum	carolinianum	distichum-1_5	0.246242	5.94625	2.74349e-09	0.059472	129.123	149.645	90.5088
brachycentrum	carolinianum	distichum-2_6	0.27011	6.37718	1.80377e-10	0.0680797	184.639	144.658	83.13
brachycentrum	exaltatum	carolinianum	0.40424	8.98604	2.3e-16	0.0469007	93.8429	149.213	63.3047
carolinianum	geraniifolium	brachycentrum	0.131381	2.44402	0.0145246	0.0343838	162.634	99.5625	76.4392
brachycentrum	carolinianum	geyeri	0.25144	6.17229	6.73093e-10	0.103913	77.6738	174.622	104.452
brachycentrum	carolinianum	glaucescens	0.0355523	0.895033	0.37077	0.0175561	83.3264	156.738	145.976
brachycentrum	glaucum-1_2	carolinianum	0.358672	7.75789	8.63545e-15	0.0392151	95.4601	137.156	64.7413
brachycentrum	glaucum-3_4	carolinianum	0.407819	9.97608	2.3e-16	0.0429541	155.218	151.714	63.8166
brachycentrum	carolinianum	gypsophilum	0.342703	8.01647	1.08832e-15	0.0579883	191.367	180.904	88.5584
brachycentrum	carolinianum	hesperium	0.34566	7.74626	9.46357e-15	0.0486362	130.355	150.013	72.9453
brachycentrum	carolinianum	lineapetalum	0.265442	6.04467	1.49712e-09	0.0508904	165.052	138.943	80.6528
brachycentrum	carolinianum	multiplex	0.263083	6.49775	8.15297e-11	0.0705946	133.725	153.034	89.2842
carolinianum	novomexicanum	brachycentrum	0.153087	2.89744	0.00376217	0.0370689	149.313	97.2717	71.4436
brachycentrum	carolinianum	nudicaule	0.341343	7.87774	3.3336e-15	0.0754194	365.046	130.103	63.8863
brachycentrum	carolinianum	nuttallianum-14	0.307959	6.80244	1.02865e-11	0.0675717	162.648	134.549	71.1901
brachycentrum	carolinianum	nuttallianum-7_9	0.337375	8.02549	1.01124e-15	0.104678	199.596	141.591	70.1536
carolinianum	brachycentrum	occidentale	0.0821725	2.22342	0.0261874	0.0457406	74.4184	176.474	149.674
brachycentrum	carolinianum	parryi	0.374413	8.65341	2.3e-16	0.053689	129.972	177.141	80.6285
brachycentrum	carolinianum	patens	0.358477	7.89992	2.79084e-15	0.0804898	559.306	102.056	48.1944
carolinianum	ramosum-1_5	brachycentrum	0.210952	4.185	2.8517e-05	0.050182	154.166	101.21	65.9475
carolinianum	ramosum-3	brachycentrum	0.176046	3.14841	0.00164162	0.042173	151.499	95.5078	66.9141
carolinianum	ramosum-4_10	brachycentrum	0.101123	2.00757	0.044689	0.0245248	170.214	94.6143	77.2362
carolinianum	sapellonis	brachycentrum	0.158502	3.07444	0.00210896	0.0381572	161.403	99.5417	72.3038
brachycentrum	carolinianum	scaposum	0.249506	5.8147	6.0742e-09	0.0638651	145.761	133.583	80.2345
carolinianum	scopulorum	brachycentrum	0.107961	2.10586	0.0352169	0.026063	184.651	92.0247	74.0907
brachycentrum	carolinianum	stachydeum	0.195356	4.10995	3.95749e-05	0.0358717	122.597	127.269	85.6701
brachycentrum	carolinianum	trolliifolium	0.35819	8.10708	5.18574e-16	0.0799796	292.628	150.497	71.1172
brachycentrum	carolinianum	viridescens	0.185418	4.09221	4.27286e-05	0.0324883	103.274	124.362	85.4578
brachycentrum	carolinianum	xantholeucum	0.276734	6.50684	7.67469e-11	0.0617137	157.965	137.69	78.0012
distichum-2_6	distichum-1_5	brachycentrum	0.257965	6.89966	5.21284e-12	0.0732943	339.233	175.287	103.397
brachycentrum	exaltatum	distichum-1_5	0.330287	7.61427	2.6518e-14	0.0632737	141.31	135.692	68.3121
brachycentrum	geraniifolium	distichum-1_5	0.263477	6.54261	6.0455e-11	0.0559264	161.34	161.229	93.9858
brachycentrum	geyeri	distichum-1_5	0.314127	8.06105	7.56448e-16	0.0672175	168.697	175.582	91.6401
brachycentrum	glaucescens	distichum-1_5	0.313885	8.01461	1.10491e-15	0.0669508	233.149	180.845	94.438
brachycentrum	glaucum-1_2	distichum-1_5	0.313126	7.72732	1.09831e-14	0.0622688	157.797	154.184	80.6511
brachycentrum	glaucum-3_4	distichum-1_5	0.347657	9.35163	2.3e-16	0.0624898	239.845	160.628	77.753
gypsophilum	brachycentrum	distichum-1_5	0.0991036	2.77734	0.00548059	0.0302696	131.018	212.671	174.319
brachycentrum	hesperium	distichum-1_5	0.10534	2.6734	0.00750878	0.0279951	128.322	169.306	137.036
lineapetalum	distichum-1_5	brachycentrum	0.226162	5.74204	9.3542e-09	0.0568407	310.333	146.896	92.7067
multiplex	distichum-1_5	brachycentrum	0.0959141	2.77994	0.00543683	0.0183726	733.251	102.885	84.8763
brachycentrum	novomexicanum	distichum-1_5	0.295023	7.42652	1.11495e-13	0.0547252	162.425	147.014	80.0305
brachycentrum	distichum-1_5	nudicaule	0.326032	8.36307	2.3e-16	0.0814006	422.503	181.538	92.2685
nuttallianum-14	distichum-1_5	brachycentrum	0.272432	6.63035	3.34887e-11	0.0737485	289.285	143.02	81.7776
nuttallianum-7_9	distichum-1_5	brachycentrum	0.347982	9.5726	2.3e-16	0.101038	292.231	179.293	86.7238
brachycentrum	occidentale	distichum-1_5	0.338911	8.72656	2.3e-16	0.0655281	264.122	166.116	82.02
brachycentrum	parryi	distichum-1_5	0.125131	3.2435	0.00118069	0.0366561	124.131	185.087	143.918
brachycentrum	distichum-1_5	patens	0.386034	9.52947	2.3e-16	0.0891376	660.381	127.644	56.5419
brachycentrum	ramosum-1_5	distichum-1_5	0.317767	8.07115	6.96383e-16	0.060376	168.771	159.623	82.6395
brachycentrum	ramosum-3	distichum-1_5	0.291367	7.03663	1.96948e-12	0.0569226	158.228	147.89	81.1539
brachycentrum	ramosum-4_10	distichum-1_5	0.368842	9.64248	2.3e-16	0.0737864	154.528	175.925	81.1168
brachycentrum	sapellonis	distichum-1_5	0.332652	8.48753	2.3e-16	0.0649163	170.474	162.547	81.3981
brachycentrum	distichum-1_5	scaposum	0.372497	11.6669	2.3e-16	0.123906	142.708	229.259	104.817
brachycentrum	scopulorum	distichum-1_5	0.293701	7.37495	1.64407e-13	0.0627178	141.713	156.267	85.3142
brachycentrum	stachydeum	distichum-1_5	0.102234	2.46255	0.0137955	0.0266178	117.769	164.438	133.934
brachycentrum	distichum-1_5	trolliifolium	0.379282	10.0953	2.3e-16	0.0937223	303.904	195.898	88.1598
distichum-1_5	viridescens	brachycentrum	0.0360727	0.813142	0.416137	0.00715916	609.171	88.135	81.9979
xantholeucum	distichum-1_5	brachycentrum	0.231222	5.93807	2.884e-09	0.0604919	301.216	140.641	87.8168
brachycentrum	exaltatum	distichum-2_6	0.421932	9.62709	2.3e-16	0.0833158	202.081	137.631	55.952
brachycentrum	geraniifolium	distichum-2_6	0.190215	4.64896	3.33611e-06	0.0419352	222.642	141.857	96.5152
brachycentrum	geyeri	distichum-2_6	0.376262	9.87841	2.3e-16	0.0830792	232.088	177.942	80.6455
brachycentrum	glaucescens	distichum-2_6	0.377936	9.8466	2.3e-16	0.0849669	281.631	178.183	80.4401
brachycentrum	glaucum-1_2	distichum-2_6	0.303984	7.23632	4.61019e-13	0.0620187	218.417	135.169	72.1478
brachycentrum	glaucum-3_4	distichum-2_6	0.309435	8.15439	3.50956e-16	0.0573534	312.265	143.654	75.7597
gypsophilum	brachycentrum	distichum-2_6	0.0555744	1.53638	0.124444	0.0186924	188.19	200.211	179.129
brachycentrum	hesperium	distichum-2_6	0.0541009	1.36599	0.171943	0.0158126	181.684	163.432	146.656
distichum-2_6	lineapetalum	brachycentrum	0.0214476	0.552422	0.580659	0.00582945	336.134	130.143	124.677
distichum-2_6	multiplex	brachycentrum	0.207779	5.75603	8.61164e-09	0.0580227	324.744	170.731	111.988
brachycentrum	novomexicanum	distichum-2_6	0.295166	7.18739	6.60436e-13	0.0602	235.291	150.058	81.6621
brachycentrum	distichum-2_6	nudicaule	0.313185	8.36369	2.3e-16	0.0842947	363.403	192.357	100.606
distichum-2_6	nuttallianum-14	brachycentrum	0.0543425	1.30808	0.190846	0.0135407	361.4	110.836	99.4108
nuttallianum-7_9	distichum-2_6	brachycentrum	0.134527	3.67637	0.00023658	0.0337168	455.924	131.077	99.9918
brachycentrum	occidentale	distichum-2_6	0.452236	12.0464	2.3e-16	0.0997089	329.189	183.581	69.2444
brachycentrum	parryi	distichum-2_6	0.0646148	1.65318	0.098295	0.0192484	180.02	159.643	140.265
brachycentrum	distichum-2_6	patens	0.400228	10.4568	2.3e-16	0.106148	579.053	143.013	61.2582
brachycentrum	ramosum-1_5	distichum-2_6	0.261013	6.57184	4.96981e-11	0.0520943	249.034	145.39	85.2021
brachycentrum	ramosum-3	distichum-2_6	0.358897	8.71602	2.3e-16	0.0747058	225.615	149.78	70.6634
brachycentrum	ramosum-4_10	distichum-2_6	0.377296	9.77043	2.3e-16	0.0816098	229.104	173.988	78.6634
brachycentrum	sapellonis	distichum-2_6	0.292039	7.3739	1.65702e-13	0.0598204	237.022	150.93	82.7005
brachycentrum	distichum-2_6	scaposum	0.0736647	2.05359	0.040015	0.0250332	132.713	180.923	156.096
brachycentrum	scopulorum	distichum-2_6	0.29036	7.327	2.3536e-13	0.0643992	202.022	152.909	84.0931
brachycentrum	stachydeum	distichum-2_6	0.153716	3.6998	0.000215773	0.0427802	170.743	170.567	125.116
brachycentrum	distichum-2_6	trolliifolium	0.409075	11.7317	2.3e-16	0.119228	244.943	233.706	98.0093
distichum-2_6	viridescens	brachycentrum	0.261389	6.27275	3.54737e-10	0.0731407	238.769	156.111	91.4112
distichum-2_6	xantholeucum	brachycentrum	0.0166332	0.412157	0.680224	0.00447344	336.905	120.756	116.804
brachycentrum	exaltatum	geraniifolium	0.385433	8.81079	2.3e-16	0.0968327	86.9262	145.464	64.5269
brachycentrum	exaltatum	geyeri	0.34656	8.34436	2.3e-16	0.113629	79.6152	161.171	78.2107
brachycentrum	exaltatum	glaucescens	0.101904	2.53467	0.0112554	0.0424003	94.6437	148.118	120.722
exaltatum	glaucum-1_2	brachycentrum	0.0747016	1.26611	0.205473	0.0150044	171.159	69.0231	59.4277
exaltatum	glaucum-3_4	brachycentrum	0.329288	9.42671	2.3e-16	0.0821325	182.433	114.903	57.9761
brachycentrum	exaltatum	gypsophilum	0.393645	8.9654	2.3e-16	0.0459437	205.055	134.647	58.583
brachycentrum	exaltatum	hesperium	0.343125	7.53584	4.85215e-14	0.0373064	143.678	124.836	61.0527
brachycentrum	exaltatum	lineapetalum	0.370184	8.16332	3.25911e-16	0.0575262	180.394	128.76	59.1858
brachycentrum	exaltatum	multiplex	0.320935	7.67995	1.59148e-14	0.0660107	157.114	128.132	65.8697
brachycentrum	exaltatum	novomexicanum	0.338981	7.54944	4.3712e-14	0.1065	83.5282	143.339	70.7626
brachycentrum	exaltatum	nudicaule	0.437842	9.55229	2.3e-16	0.0749768	392.067	111.725	43.6814
brachycentrum	exaltatum	nuttallianum-14	0.394103	8.83069	2.3e-16	0.068227	177.235	117.352	51.0026
brachycentrum	exaltatum	nuttallianum-7_9	0.395994	8.78017	2.3e-16	0.0952088	212.034	119.303	51.6189
brachycentrum	exaltatum	occidentale	0.0384944	1.01197	0.311552	0.0195762	82.1155	158.471	146.723
brachycentrum	exaltatum	parryi	0.304834	6.6146	3.72556e-11	0.0291562	142.887	114.833	61.1788
brachycentrum	exaltatum	patens	0.470467	10.1015	2.3e-16	0.0870017	593.929	94.526	34.0399
brachycentrum	exaltatum	ramosum-1_5	0.352238	8.1015	5.4286e-16	0.138756	76.6464	152.73	73.162
brachycentrum	exaltatum	ramosum-3	0.361589	8.1001	5.49148e-16	0.100928	69.7708	142.977	67.0382
brachycentrum	exaltatum	ramosum-4_10	0.413769	9.78789	2.3e-16	0.176336	76.8093	166.989	69.2433
brachycentrum	exaltatum	sapellonis	0.386991	9.03669	2.3e-16	0.140307	81.0326	147.197	65.0569
brachycentrum	exaltatum	scaposum	0.31261	7.06936	1.55646e-12	0.0651127	170.181	118.625	62.122
brachycentrum	exaltatum	scopulorum	0.410075	9.54691	2.3e-16	0.116896	81.7205	150.483	62.9566
brachycentrum	exaltatum	stachydeum	0.340369	7.19517	6.23832e-13	0.0469816	137.936	115.73	56.9537
brachycentrum	exaltatum	trolliifolium	0.434187	9.57599	2.3e-16	0.0749144	315.606	128.08	50.5301
brachycentrum	exaltatum	viridescens	0.31373	6.84909	7.4323e-12	0.0426398	120.662	113.181	59.1238
brachycentrum	exaltatum	xantholeucum	0.38372	8.66544	2.3e-16	0.06746	180.03	126.457	56.3212
brachycentrum	geraniifolium	geyeri	0.261384	6.543	6.02985e-11	0.0894221	86.5323	183.937	107.706
brachycentrum	geraniifolium	glaucescens	0.0480303	1.27584	0.202011	0.0234016	96.755	190.264	172.824
brachycentrum	glaucum-1_2	geraniifolium	0.384383	8.98888	2.3e-16	0.100746	103.989	176.105	78.3116
brachycentrum	glaucum-3_4	geraniifolium	0.425591	11.4717	2.3e-16	0.102736	165.838	182.266	73.4401
brachycentrum	geraniifolium	gypsophilum	0.317766	7.60032	2.95394e-14	0.0414132	222.058	160.393	83.0386
brachycentrum	geraniifolium	hesperium	0.337764	7.76306	8.29068e-15	0.0406841	147.945	156.631	77.5373
brachycentrum	geraniifolium	lineapetalum	0.306754	7.24747	4.24617e-13	0.0519592	191.164	154.001	81.6992
brachycentrum	geraniifolium	multiplex	0.285028	7.33262	2.25689e-13	0.0696167	170.319	173.982	96.8013
geraniifolium	novomexicanum	brachycentrum	0.132139	2.63775	0.00834579	0.0236502	256.479	80.4271	61.6528
brachycentrum	geraniifolium	nudicaule	0.360073	8.28087	2.3e-16	0.0689456	438.747	138.813	65.3125
brachycentrum	geraniifolium	nuttallianum-14	0.254029	5.79157	6.97309e-09	0.0441114	181.885	116.935	69.5599
brachycentrum	geraniifolium	nuttallianum-7_9	0.35478	8.74824	2.3e-16	0.090664	217.374	138.787	66.0981
geraniifolium	brachycentrum	occidentale	0.0707439	2.00447	0.0450196	0.0377497	79.7187	201.885	175.208
brachycentrum	geraniifolium	parryi	0.309775	7.16781	7.62096e-13	0.034131	152.265	148.081	78.0356
brachycentrum	geraniifolium	patens	0.389077	8.62958	2.3e-16	0.0740748	702.904	100.607	44.2474
geraniifolium	ramosum-1_5	brachycentrum	0.221702	4.7089	2.49054e-06	0.0437154	240.273	99.4102	63.3303
geraniifolium	ramosum-3	brachycentrum	0.203817	3.85213	0.000117095	0.0383399	240.18	89.2669	59.0395
geraniifolium	ramosum-4_10	brachycentrum	0.0294679	0.606559	0.544143	0.00533325	251.438	74.1586	69.9131
geraniifolium	sapellonis	brachycentrum	0.205359	4.15367	3.2718e-05	0.0370637	268.074	89.0566	58.7112
brachycentrum	geraniifolium	scaposum	0.398177	9.64977	2.3e-16	0.0976494	172.705	173.021	74.4742
geraniifolium	scopulorum	brachycentrum	0.0221049	0.430744	0.666655	0.00234592	660.639	43.1081	41.2435
brachycentrum	geraniifolium	stachydeum	0.294916	6.9447	3.79278e-12	0.046021	141.312	141.801	77.2109
brachycentrum	geraniifolium	trolliifolium	0.318742	7.34327	2.08433e-13	0.0556991	322.342	128.02	66.135
brachycentrum	geraniifolium	viridescens	0.278092	6.42865	1.2874e-10	0.0423368	127.374	144.006	81.3394
brachycentrum	geraniifolium	xantholeucum	0.329606	7.65106	1.99337e-14	0.063183	187.522	140.28	70.73
geyeri	glaucescens	brachycentrum	0.210818	5.81145	6.19324e-09	0.0643102	253.384	148.83	97.0039
brachycentrum	glaucum-1_2	geyeri	0.277619	6.55799	5.4537e-11	0.0822674	98.7956	157.261	88.9171
brachycentrum	glaucum-3_4	geyeri	0.430565	12.6174	2.3e-16	0.124974	157.77	191.648	76.2853
brachycentrum	geyeri	gypsophilum	0.283747	6.98192	2.91183e-12	0.0350316	257.121	152.199	84.918
brachycentrum	geyeri	hesperium	0.320932	7.58954	3.21043e-14	0.0373749	169.252	154.79	79.5749
brachycentrum	geyeri	lineapetalum	0.376777	9.59079	2.3e-16	0.0618278	209.301	160.469	72.6391
brachycentrum	geyeri	multiplex	0.349142	9.37013	2.3e-16	0.0855043	183.034	185.519	89.4989
brachycentrum	novomexicanum	geyeri	0.300916	7.8041	5.9926e-15	0.0950194	97.1719	178.635	95.9948
brachycentrum	geyeri	nudicaule	0.437421	10.921	2.3e-16	0.0768438	479.669	140.219	54.8791
brachycentrum	geyeri	nuttallianum-14	0.394149	9.47413	2.3e-16	0.0779167	186.239	151.371	65.781
brachycentrum	geyeri	nuttallianum-7_9	0.456607	11.6826	2.3e-16	0.128801	234.704	168.813	62.9763
geyeri	occidentale	brachycentrum	0.392597	12.2864	2.3e-16	0.128005	227.073	180.984	78.9392
brachycentrum	geyeri	parryi	0.273957	6.65539	2.82553e-11	0.0290006	171.728	144.431	82.3127
brachycentrum	geyeri	patens	0.408475	9.60225	2.3e-16	0.0740652	716.654	100.319	42.1315
brachycentrum	ramosum-1_5	geyeri	0.405441	10.8494	2.3e-16	0.129886	99.7732	203.431	86.0597
brachycentrum	ramosum-3	geyeri	0.447425	11.9622	2.3e-16	0.157292	82.8401	214.614	81.9321
brachycentrum	ramosum-4_10	geyeri	0.402762	10.9901	2.3e-16	0.138066	87.592	219.488	93.449
brachycentrum	sapellonis	geyeri	0.339417	8.87456	2.3e-16	0.108678	103.273	189.57	93.4933
brachycentrum	geyeri	scaposum	0.363384	8.98918	2.3e-16	0.0806184	193.164	152.688	71.296
brachycentrum	scopulorum	geyeri	0.317117	8.23026	2.3e-16	0.110247	82.3796	188.281	97.6174
brachycentrum	geyeri	stachydeum	0.301222	6.86513	6.64326e-12	0.0458678	166.066	141.856	76.179
brachycentrum	geyeri	trolliifolium	0.409736	10.2206	2.3e-16	0.0702938	342.953	139.953	58.5992
brachycentrum	geyeri	viridescens	0.359946	8.51693	2.3e-16	0.0556333	143.114	160.317	75.4529
brachycentrum	geyeri	xantholeucum	0.426255	10.758	2.3e-16	0.0822941	189.254	157.742	63.4553
brachycentrum	glaucum-1_2	glaucescens	0.0846138	2.18752	0.0287049	0.0388715	102.597	176.587	149.035
brachycentrum	glaucum-3_4	glaucescens	0.24415	8.28196	2.3e-16	0.107171	157.253	226.305	137.486
brachycentrum	glaucescens	gypsophilum	0.273733	6.75998	1.38008e-11	0.0357949	294.836	160.547	91.5421
brachycentrum	glaucescens	hesperium	0.29568	6.75549	1.42356e-11	0.0365128	222.577	162.086	88.1085
brachycentrum	glaucescens	lineapetalum	0.338189	8.69016	2.3e-16	0.0575161	261.467	163.192	80.7079
brachycentrum	glaucescens	multiplex	0.385985	10.3707	2.3e-16	0.101802	249.938	213.918	94.7695
brachycentrum	novomexicanum	glaucescens	0.0720477	1.90802	0.056389	0.0323216	104.608	178.35	154.377
brachycentrum	glaucescens	nudicaule	0.461731	11.2407	2.3e-16	0.0877101	523.671	153.911	56.6762
brachycentrum	glaucescens	nuttallianum-14	0.328688	7.97796	1.48763e-15	0.064856	248.712	149.516	75.5421
brachycentrum	glaucescens	nuttallianum-7_9	0.449306	12.1229	2.3e-16	0.114612	295.202	162.17	61.62
glaucescens	occidentale	brachycentrum	0.283424	8.63966	2.3e-16	0.0792953	463.748	138.376	77.2597
brachycentrum	glaucescens	parryi	0.243938	5.66032	1.5109e-08	0.0266601	225.28	146.338	88.9436
brachycentrum	glaucescens	patens	0.470666	10.9479	2.3e-16	0.0916059	778.356	114.24	41.1181
brachycentrum	ramosum-1_5	glaucescens	0.126578	3.46129	0.0005376	0.0570575	115.746	194.446	150.751
brachycentrum	ramosum-3	glaucescens	0.106355	2.82519	0.00472524	0.0487132	102.518	179.686	145.139
brachycentrum	ramosum-4_10	glaucescens	0.139009	3.80812	0.000140025	0.0642278	97.9939	202.722	153.24
brachycentrum	sapellonis	glaucescens	0.111242	2.96438	0.0030329	0.0499421	111.562	192.062	153.609
brachycentrum	glaucescens	scaposum	0.362802	9.14326	2.3e-16	0.0776119	244.933	149.731	70.0089
brachycentrum	scopulorum	glaucescens	0.0289596	0.754729	0.450411	0.0135587	94.8312	168.185	158.718
brachycentrum	glaucescens	stachydeum	0.343333	7.69399	1.42619e-14	0.0549685	218.503	157.615	77.0477
brachycentrum	glaucescens	trolliifolium	0.357626	8.4809	2.3e-16	0.0615098	398.935	135.784	64.2474
brachycentrum	glaucescens	viridescens	0.310416	7.23771	4.5634e-13	0.0472365	196.801	152.263	80.1259
brachycentrum	glaucescens	xantholeucum	0.39524	9.84044	2.3e-16	0.0825599	252.273	171.146	74.1825
glaucum-1_2	glaucum-3_4	brachycentrum	0.339443	9.81734	2.3e-16	0.0813312	225.85	124.419	61.3583
brachycentrum	glaucum-1_2	gypsophilum	0.330002	7.48746	7.02217e-14	0.0364525	217.346	132.226	66.61
brachycentrum	glaucum-1_2	hesperium	0.42286	9.72719	2.3e-16	0.0466788	146.556	147.063	59.6516
brachycentrum	glaucum-1_2	lineapetalum	0.421079	10.0548	2.3e-16	0.0647298	191.561	143.375	58.4084
brachycentrum	glaucum-1_2	multiplex	0.37718	9.23705	2.3e-16	0.0843887	169.133	160.567	72.6152
brachycentrum	glaucum-1_2	novomexicanum	0.353859	8.06981	7.04081e-16	0.110173	82.9223	155.54	74.2331
brachycentrum	glaucum-1_2	nudicaule	0.495567	11.258	2.3e-16	0.0882477	433.545	135.441	45.6823
brachycentrum	glaucum-1_2	nuttallianum-14	0.388217	9.04306	2.3e-16	0.0631145	178.393	115.561	50.9275
brachycentrum	glaucum-1_2	nuttallianum-7_9	0.435306	10.3196	2.3e-16	0.104356	230.266	132.988	52.3218
glaucum-1_2	brachycentrum	occidentale	0.0281742	0.775328	0.438146	0.0139293	95.0187	172.14	162.706
brachycentrum	glaucum-1_2	parryi	0.322983	7.05479	1.7286e-12	0.0313318	152.175	127.226	65.1059
brachycentrum	glaucum-1_2	patens	0.425842	9.38425	2.3e-16	0.0736594	673.115	91.8715	36.9948
brachycentrum	glaucum-1_2	ramosum-1_5	0.275455	6.57112	4.99395e-11	0.104881	87.1486	152.404	86.5757
brachycentrum	glaucum-1_2	ramosum-3	0.328341	7.67632	1.63723e-14	0.0887048	76.8177	149.2	75.441
brachycentrum	glaucum-1_2	ramosum-4_10	0.343242	8.14874	3.67761e-16	0.139114	91.0711	163.51	79.9457
brachycentrum	glaucum-1_2	sapellonis	0.314999	7.54807	4.41769e-14	0.121249	80.9705	167.311	87.1545
brachycentrum	glaucum-1_2	scaposum	0.409066	9.57477	2.3e-16	0.0840238	175.93	135.786	56.946
brachycentrum	glaucum-1_2	scopulorum	0.393871	8.92431	2.3e-16	0.110296	94.0192	157.868	68.6494
brachycentrum	glaucum-1_2	stachydeum	0.405758	9.06219	2.3e-16	0.0557232	144.836	129.832	54.8828
brachycentrum	glaucum-1_2	trolliifolium	0.447447	10.0273	2.3e-16	0.0718515	331.879	122.598	46.8009
brachycentrum	glaucum-1_2	viridescens	0.321399	7.12587	1.03422e-12	0.0450289	132.215	130.712	67.1267
brachycentrum	glaucum-1_2	xantholeucum	0.419121	9.69536	2.3e-16	0.0725138	184.119	129.959	53.1953
brachycentrum	glaucum-3_4	gypsophilum	0.354898	9.12185	2.3e-16	0.039997	313.798	153.275	72.9783
brachycentrum	glaucum-3_4	hesperium	0.379286	9.47722	2.3e-16	0.0404571	233.25	154.859	69.6905
brachycentrum	glaucum-3_4	lineapetalum	0.376988	10.0979	2.3e-16	0.0534207	280.128	145.181	65.6866
brachycentrum	glaucum-3_4	multiplex	0.399949	11.2212	2.3e-16	0.0833087	266.59	173.533	74.3805
brachycentrum	glaucum-3_4	novomexicanum	0.33659	8.76622	2.3e-16	0.0987274	144.171	160.507	79.6671
brachycentrum	glaucum-3_4	nudicaule	0.455815	11.5744	2.3e-16	0.0728364	549.422	135.698	50.724
brachycentrum	glaucum-3_4	nuttallianum-14	0.352418	8.61629	2.3e-16	0.0536688	260.258	118.774	56.8728
brachycentrum	glaucum-3_4	nuttallianum-7_9	0.437683	11.7302	2.3e-16	0.0966808	306.522	138.966	54.3536
brachycentrum	glaucum-3_4	occidentale	0.191509	7.15543	8.34125e-13	0.100878	141.242	237.477	161.138
brachycentrum	glaucum-3_4	parryi	0.35529	8.99074	2.3e-16	0.0350049	236.803	147.289	70.0652
brachycentrum	glaucum-3_4	patens	0.45624	11.0193	2.3e-16	0.0742819	855.562	95.0898	35.5065
brachycentrum	glaucum-3_4	ramosum-1_5	0.301742	8.16796	3.1366e-16	0.105993	150.861	165.707	88.8855
brachycentrum	glaucum-3_4	ramosum-3	0.391204	10.136	2.3e-16	0.100621	132.159	169.312	74.0916
brachycentrum	glaucum-3_4	ramosum-4_10	0.443309	12.4712	2.3e-16	0.158284	167.44	179.417	69.2018
brachycentrum	glaucum-3_4	sapellonis	0.332932	9.0185	2.3e-16	0.113597	147.892	176.218	88.1888
brachycentrum	glaucum-3_4	scaposum	0.455953	12.2691	2.3e-16	0.0884446	259.444	150.705	56.3139
brachycentrum	glaucum-3_4	scopulorum	0.393782	10.5067	2.3e-16	0.0994413	157.372	161.427	70.2118
brachycentrum	glaucum-3_4	stachydeum	0.40648	10.0166	2.3e-16	0.0523965	216.506	136.487	57.5959
brachycentrum	glaucum-3_4	trolliifolium	0.417197	10.3165	2.3e-16	0.061793	413.06	124.664	51.2664
brachycentrum	glaucum-3_4	viridescens	0.36568	8.90525	2.3e-16	0.0499696	197.239	147.002	68.2785
brachycentrum	glaucum-3_4	xantholeucum	0.414767	10.73	2.3e-16	0.0674462	261.218	137.976	57.0754
gypsophilum	hesperium	brachycentrum	0.170434	4.34094	1.41873e-05	0.0496615	310.439	146.003	103.482
gypsophilum	brachycentrum	lineapetalum	0.0216887	0.602855	0.546605	0.00569312	166.81	184.952	177.1
gypsophilum	brachycentrum	multiplex	0.119293	3.43726	0.000587628	0.0425007	143.821	224.193	176.405
brachycentrum	novomexicanum	gypsophilum	0.287247	6.77141	1.27533e-11	0.031791	233.955	133.238	73.7741
brachycentrum	gypsophilum	nudicaule	0.127988	3.42641	0.000611612	0.0377316	369.305	179.348	138.648
gypsophilum	brachycentrum	nuttallianum-14	0.0789948	2.06913	0.0385341	0.0228886	151.691	165.747	141.477
gypsophilum	brachycentrum	nuttallianum-7_9	0.0314982	0.885876	0.375684	0.0133033	182.001	173.859	163.241
brachycentrum	occidentale	gypsophilum	0.330168	8.07462	6.76867e-16	0.0411621	333.489	159.007	80.0708
gypsophilum	parryi	brachycentrum	0.191552	4.92253	8.54326e-07	0.0465695	576.293	119.497	81.0764
brachycentrum	gypsophilum	patens	0.18665	4.75347	1.99952e-06	0.0549283	576.696	132.748	90.9878
brachycentrum	ramosum-1_5	gypsophilum	0.361363	8.94624	2.3e-16	0.0417946	262.573	151.415	71.0312
brachycentrum	ramosum-3	gypsophilum	0.353064	8.27243	2.3e-16	0.0425093	238.602	150.257	71.8416
brachycentrum	ramosum-4_10	gypsophilum	0.346979	8.47632	2.3e-16	0.0419843	231.045	156.73	75.9835
brachycentrum	sapellonis	gypsophilum	0.324712	7.80267	6.06123e-15	0.0383054	244.51	148.451	75.6745
gypsophilum	brachycentrum	scaposum	0.067616	1.87029	0.0614429	0.0241738	150.6	186.334	162.732
brachycentrum	scopulorum	gypsophilum	0.356033	8.53502	2.3e-16	0.0470888	209.911	162.589	77.2118
gypsophilum	brachycentrum	stachydeum	0.10275	2.55698	0.0105587	0.0235574	116.922	175.696	142.955
brachycentrum	gypsophilum	trolliifolium	0.0400926	1.08031	0.280004	0.0113363	275.752	161.396	148.953
gypsophilum	brachycentrum	viridescens	0.0947731	2.53349	0.0112932	0.021	113.297	183.912	152.07
gypsophilum	brachycentrum	xantholeucum	0.0513841	1.39472	0.163101	0.0157306	159.769	175.75	158.571
brachycentrum	hesperium	lineapetalum	0.149	3.60788	0.000308707	0.0323491	158.029	164.985	122.195
brachycentrum	hesperium	multiplex	0.138912	3.67178	0.000240871	0.0443837	144.301	186.434	140.955
brachycentrum	novomexicanum	hesperium	0.357586	8.23941	2.3e-16	0.0393393	156.889	145.965	69.0712
brachycentrum	hesperium	nudicaule	0.354733	8.94972	2.3e-16	0.100723	334.199	192.28	91.5842
brachycentrum	hesperium	nuttallianum-14	0.118313	2.71558	0.00661594	0.0285868	150.471	135.522	106.846
brachycentrum	hesperium	nuttallianum-7_9	0.120743	3.04507	0.00232626	0.0403269	182.944	142.107	111.487
brachycentrum	occidentale	hesperium	0.330425	7.84781	4.2337e-15	0.0359703	253.033	144.066	72.5056
hesperium	parryi	brachycentrum	0.0159747	0.361056	0.718058	0.00426727	304.453	106.882	103.521
brachycentrum	hesperium	patens	0.406447	9.31508	2.3e-16	0.105625	546.028	128.778	54.3472
brachycentrum	ramosum-1_5	hesperium	0.429304	10.2299	2.3e-16	0.0479565	160.76	160.364	64.0305
brachycentrum	ramosum-3	hesperium	0.361803	8.3451	2.3e-16	0.038529	146.699	137.923	64.6363
brachycentrum	ramosum-4_10	hesperium	0.426258	10.3934	2.3e-16	0.049052	154.407	166.808	67.102
brachycentrum	sapellonis	hesperium	0.381221	9.00752	2.3e-16	0.0433328	159.821	155.937	69.8589
brachycentrum	hesperium	scaposum	0.125265	3.07001	0.00214049	0.0373216	133.188	148.237	115.233
brachycentrum	scopulorum	hesperium	0.316922	7.3207	2.46683e-13	0.0394551	142.312	152.063	78.8741
brachycentrum	hesperium	stachydeum	0.106001	2.35162	0.0186918	0.0211321	108.881	145.341	117.481
brachycentrum	hesperium	trolliifolium	0.179668	4.18569	2.84299e-05	0.0421485	272.153	144.408	100.42
brachycentrum	hesperium	viridescens	0.0581817	1.35071	0.176788	0.010862	104.354	137.054	121.983
brachycentrum	hesperium	xantholeucum	0.108726	2.58481	0.0097434	0.0278678	152.199	148.102	119.055
lineapetalum	multiplex	brachycentrum	0.178519	4.82458	1.40297e-06	0.0445577	380.573	142.723	99.4843
brachycentrum	novomexicanum	lineapetalum	0.414514	10.2123	2.3e-16	0.0647663	190.161	156.396	64.7344
brachycentrum	lineapetalum	nudicaule	0.360148	9.42131	2.3e-16	0.0954385	346.424	188.055	88.4661
nuttallianum-14	lineapetalum	brachycentrum	0.0681601	1.61221	0.106916	0.0144046	456.823	93.1302	81.2448
nuttallianum-7_9	lineapetalum	brachycentrum	0.205357	5.46365	4.66439e-08	0.0486719	366.942	128.713	84.8553
brachycentrum	occidentale	lineapetalum	0.407834	10.1159	2.3e-16	0.0639559	294.45	158.051	66.4796
brachycentrum	parryi	lineapetalum	0.179915	4.59255	4.37859e-06	0.0419494	156.113	173.569	120.637
brachycentrum	lineapetalum	patens	0.390175	9.60581	2.3e-16	0.0983292	608.135	133.24	58.4479
brachycentrum	ramosum-1_5	lineapetalum	0.406043	9.92808	2.3e-16	0.0591622	215.558	147.388	62.2613
brachycentrum	ramosum-3	lineapetalum	0.365793	8.56876	2.3e-16	0.0572059	194.37	144.882	67.276
brachycentrum	ramosum-4_10	lineapetalum	0.428972	10.5377	2.3e-16	0.067316	190.143	163.682	65.4085
brachycentrum	sapellonis	lineapetalum	0.383126	9.5615	2.3e-16	0.0595158	202.492	152.768	68.1345
brachycentrum	lineapetalum	scaposum	0.179611	4.80735	1.52948e-06	0.0580907	116.93	183.083	127.329
brachycentrum	scopulorum	lineapetalum	0.345354	8.52742	2.3e-16	0.0600357	184.197	154.576	75.2161
brachycentrum	stachydeum	lineapetalum	0.11809	2.7837	0.0053743	0.0236621	144.811	145.399	114.686
brachycentrum	lineapetalum	trolliifolium	0.383802	10.3434	2.3e-16	0.104125	257.302	205.786	91.6354
lineapetalum	viridescens	brachycentrum	0.263639	5.92461	3.13041e-09	0.0642824	264.531	136.203	79.3698
lineapetalum	xantholeucum	brachycentrum	0.0535879	1.30151	0.193083	0.0109281	601.911	94.2257	84.6406
brachycentrum	novomexicanum	multiplex	0.343079	8.93701	2.3e-16	0.0724032	181.91	155.817	76.2124
brachycentrum	multiplex	nudicaule	0.32681	8.89262	2.3e-16	0.0810474	407.522	186.734	94.7444
nuttallianum-14	multiplex	brachycentrum	0.22501	5.81238	6.15914e-09	0.061268	287.885	142.552	90.1841
nuttallianum-7_9	multiplex	brachycentrum	0.303835	8.83906	2.3e-16	0.0840089	285.721	171.995	91.8346
brachycentrum	occidentale	multiplex	0.426047	11.6623	2.3e-16	0.0989591	279.105	186.384	75.0154
brachycentrum	parryi	multiplex	0.112878	2.96807	0.00299671	0.0369644	137.77	183.035	145.905
brachycentrum	multiplex	patens	0.380347	9.74166	2.3e-16	0.0876376	694.516	128.808	57.8234
brachycentrum	ramosum-1_5	multiplex	0.369148	9.83637	2.3e-16	0.0776459	190.291	162.28	74.7727
brachycentrum	ramosum-3	multiplex	0.335949	8.47981	2.3e-16	0.0740368	172.731	155.855	77.4698
brachycentrum	ramosum-4_10	multiplex	0.38359	10.3689	2.3e-16	0.0876547	166.256	182.439	81.2792
brachycentrum	sapellonis	multiplex	0.332772	8.87169	2.3e-16	0.0714639	181.173	160.372	80.2873
brachycentrum	multiplex	scaposum	0.27903	8.17412	2.98047e-16	0.0822778	140.661	199.302	112.344
brachycentrum	scopulorum	multiplex	0.273901	7.11021	1.15868e-12	0.0654105	158.745	155.49	88.6262
brachycentrum	stachydeum	multiplex	0.139776	3.50414	0.000458084	0.0423227	127.649	177.542	133.996
brachycentrum	multiplex	trolliifolium	0.358493	9.8955	2.3e-16	0.0871684	301.743	196.494	92.7885
multiplex	viridescens	brachycentrum	0.122666	3.05323	0.00226395	0.0224131	607.318	90.1152	70.4227
xantholeucum	multiplex	brachycentrum	0.172657	4.61266	3.9754e-06	0.0459546	319.091	140.424	99.0734
brachycentrum	novomexicanum	nudicaule	0.400292	9.38232	2.3e-16	0.0649894	450.695	122.227	52.3464
brachycentrum	novomexicanum	nuttallianum-14	0.318492	7.28026	3.33177e-13	0.0524676	192.91	115.796	59.8529
brachycentrum	novomexicanum	nuttallianum-7_9	0.413819	10.1874	2.3e-16	0.0989857	231.65	137.589	57.0455
novomexicanum	brachycentrum	occidentale	0.0147962	0.410997	0.681075	0.00762534	82.3421	181.167	175.884
brachycentrum	novomexicanum	parryi	0.298374	6.76611	1.3229e-11	0.0286791	167.174	129.793	70.1389
brachycentrum	novomexicanum	patens	0.47574	10.5734	2.3e-16	0.0840874	696.603	101.186	35.9466
novomexicanum	ramosum-1_5	brachycentrum	0.110777	2.28405	0.0223685	0.0160895	286.567	66.5081	53.2425
novomexicanum	ramosum-3	brachycentrum	0.0585728	1.04618	0.295478	0.00831275	362.663	59.3483	52.7806
ramosum-4_10	novomexicanum	brachycentrum	0.017797	0.368492	0.712506	0.00292151	229.535	68.2795	65.8916
novomexicanum	sapellonis	brachycentrum	0.0341912	0.675383	0.499432	0.0038625	499.476	48.4167	45.2153
brachycentrum	novomexicanum	scaposum	0.341099	8.07405	6.80012e-16	0.0692357	176.883	134.333	65.9998
scopulorum	novomexicanum	brachycentrum	0.116365	2.2799	0.0226139	0.019327	248.279	71.4193	56.5304
brachycentrum	novomexicanum	stachydeum	0.388863	8.98602	2.3e-16	0.0545888	148.467	137.764	60.6198
brachycentrum	novomexicanum	trolliifolium	0.408296	10.0021	2.3e-16	0.0668413	334.207	128.797	54.115
brachycentrum	novomexicanum	viridescens	0.318974	7.42984	1.08728e-13	0.0424523	134.13	130.696	67.4822
brachycentrum	novomexicanum	xantholeucum	0.419749	9.91168	2.3e-16	0.079873	183.133	154.086	62.9748
brachycentrum	nuttallianum-14	nudicaule	0.286554	7.00175	2.52785e-12	0.0746512	303.443	151.073	83.776
brachycentrum	nuttallianum-7_9	nudicaule	0.276806	7.28329	3.25775e-13	0.0789159	306.132	178.163	100.913
brachycentrum	occidentale	nudicaule	0.446609	10.9031	2.3e-16	0.0799402	564.099	140.088	53.5898
brachycentrum	parryi	nudicaule	0.327143	8.23388	2.3e-16	0.0903894	356.059	184.974	93.7812
brachycentrum	nudicaule	patens	0.537423	17.1648	2.3e-16	0.245692	373.19	272.544	82.0026
brachycentrum	ramosum-1_5	nudicaule	0.40715	9.70997	2.3e-16	0.0696446	492.952	132.424	55.7919
brachycentrum	ramosum-3	nudicaule	0.437287	10.0903	2.3e-16	0.0745613	457.721	127.504	49.9193
brachycentrum	ramosum-4_10	nudicaule	0.480865	11.5553	2.3e-16	0.0872198	464.735	149.944	52.5647
brachycentrum	sapellonis	nudicaule	0.471181	11.3146	2.3e-16	0.0802609	470.642	138.225	49.6853
brachycentrum	scaposum	nudicaule	0.400993	10.0611	2.3e-16	0.0917731	338.542	163.566	69.934
brachycentrum	scopulorum	nudicaule	0.422063	10.1828	2.3e-16	0.0846359	410.896	145.328	59.0625
brachycentrum	stachydeum	nudicaule	0.371164	8.61541	2.3e-16	0.0826958	347.355	150.485	69.0148
brachycentrum	trolliifolium	nudicaule	0.38345	10.6037	2.3e-16	0.1457	203.718	256.327	114.235
brachycentrum	viridescens	nudicaule	0.349726	8.40566	2.3e-16	0.0762071	364.345	148.114	71.3585
brachycentrum	xantholeucum	nudicaule	0.302692	7.72672	1.10356e-14	0.0805403	324.696	165.872	88.7882
nuttallianum-7_9	nuttallianum-14	brachycentrum	0.194931	5.05012	4.41534e-07	0.0415531	407.191	106.956	72.0603
brachycentrum	occidentale	nuttallianum-14	0.403855	9.68726	2.3e-16	0.073015	270.778	141.167	59.9462
brachycentrum	parryi	nuttallianum-14	0.133373	3.24258	0.00118453	0.0346226	145.066	146.387	111.934
brachycentrum	nuttallianum-14	patens	0.372801	9.00662	2.3e-16	0.0941495	484.992	118.086	53.9505
brachycentrum	ramosum-1_5	nuttallianum-14	0.384227	9.09284	2.3e-16	0.0609153	201.271	119.134	52.9965
brachycentrum	ramosum-3	nuttallianum-14	0.327998	7.38521	1.52208e-13	0.0581518	186.016	121.278	61.3698
brachycentrum	ramosum-4_10	nuttallianum-14	0.374491	9.04484	2.3e-16	0.0623418	181.624	125.927	57.3075
brachycentrum	sapellonis	nuttallianum-14	0.363524	8.63803	2.3e-16	0.0628975	190.061	126.52	59.0577
brachycentrum	nuttallianum-14	scaposum	0.160965	4.30655	1.65824e-05	0.0553908	105.498	173.151	125.137
brachycentrum	scopulorum	nuttallianum-14	0.297275	7.0737	1.50857e-12	0.0541788	175.938	122.905	66.5768
brachycentrum	stachydeum	nuttallianum-14	0.137417	3.00756	0.00263351	0.0318112	136.235	131.105	99.4262
brachycentrum	nuttallianum-14	trolliifolium	0.382407	10.262	2.3e-16	0.106184	230.932	196.212	87.658
nuttallianum-14	viridescens	brachycentrum	0.301813	6.59342	4.2981e-11	0.0770562	231.588	126.187	67.6762
nuttallianum-14	xantholeucum	brachycentrum	0.102795	2.3938	0.0166747	0.0196885	509.705	86.5608	70.4236
brachycentrum	occidentale	nuttallianum-7_9	0.464723	12.3047	2.3e-16	0.115267	318.966	153.692	56.1661
brachycentrum	parryi	nuttallianum-7_9	0.197598	5.12398	2.99149e-07	0.0703718	177.373	159.78	107.054
brachycentrum	nuttallianum-7_9	patens	0.351184	9.00519	2.3e-16	0.0974277	501.778	136.086	65.3459
brachycentrum	ramosum-1_5	nuttallianum-7_9	0.428793	11.1816	2.3e-16	0.0997097	245.209	139.183	55.643
brachycentrum	ramosum-3	nuttallianum-7_9	0.44949	11.2866	2.3e-16	0.111725	231.33	139.087	52.8244
brachycentrum	ramosum-4_10	nuttallianum-7_9	0.43646	11.2872	2.3e-16	0.107835	223.819	150.554	59.0641
brachycentrum	sapellonis	nuttallianum-7_9	0.40116	10.3656	2.3e-16	0.0983022	243.781	138.965	59.3921
brachycentrum	nuttallianum-7_9	scaposum	0.0604199	1.72723	0.0841261	0.0217226	103.636	174.457	154.577
brachycentrum	scopulorum	nuttallianum-7_9	0.354712	9.06183	2.3e-16	0.0907516	208.642	133.377	63.531
brachycentrum	stachydeum	nuttallianum-7_9	0.22437	5.34727	8.9291e-08	0.0725474	169.248	145.092	91.9145
brachycentrum	nuttallianum-7_9	trolliifolium	0.377732	10.8089	2.3e-16	0.114975	223.98	225.881	102.022
nuttallianum-7_9	viridescens	brachycentrum	0.416243	10.616	2.3e-16	0.109457	212.113	157.895	65.0822
nuttallianum-7_9	xantholeucum	brachycentrum	0.208998	5.43628	5.44055e-08	0.049476	352.496	125.507	82.1141
brachycentrum	occidentale	parryi	0.297523	7.0178	2.25384e-12	0.0292252	239.432	134.213	72.6628
brachycentrum	occidentale	patens	0.513599	12.4086	2.3e-16	0.0916566	846.898	106.472	34.2153
brachycentrum	ramosum-1_5	occidentale	0.00856182	0.245062	0.806409	0.00447931	86.1513	186.82	183.648
ramosum-3	brachycentrum	occidentale	0.0100373	0.278181	0.780874	0.00531571	82.357	179.506	175.939
brachycentrum	ramosum-4_10	occidentale	0.0157039	0.457993	0.646957	0.00836464	73.489	193.743	187.752
brachycentrum	sapellonis	occidentale	0.0286525	0.807019	0.419656	0.0151214	95.4948	194.401	183.571
brachycentrum	occidentale	scaposum	0.406346	10.2075	2.3e-16	0.0827504	273.43	143.305	60.4928
scopulorum	brachycentrum	occidentale	0.0528801	1.47982	0.138921	0.0285247	74.1283	187.061	168.271
brachycentrum	occidentale	stachydeum	0.444211	10.6476	2.3e-16	0.0625785	250.879	147.858	56.9016
brachycentrum	occidentale	trolliifolium	0.414109	10.0309	2.3e-16	0.0656899	441.088	128.729	53.3346
brachycentrum	occidentale	viridescens	0.355955	8.43917	2.3e-16	0.0475109	222.052	137.821	65.4615
brachycentrum	occidentale	xantholeucum	0.45432	11.5573	2.3e-16	0.0877112	278.695	161.133	60.4592
brachycentrum	parryi	patens	0.237513	5.51195	3.54889e-08	0.0650256	580.59	118.76	73.1736
brachycentrum	ramosum-1_5	parryi	0.333056	7.85966	3.85174e-15	0.0322774	171.404	137.85	68.9679
brachycentrum	ramosum-3	parryi	0.309844	6.90451	5.03767e-12	0.0310295	159.883	132.228	69.671
brachycentrum	ramosum-4_10	parryi	0.333007	7.89425	2.92062e-15	0.0344936	155.112	149.116	74.6127
brachycentrum	sapellonis	parryi	0.354458	8.41562	2.3e-16	0.0371112	161.842	150.45	71.7053
brachycentrum	parryi	scaposum	0.0981326	2.50128	0.0123744	0.0308196	142.895	153.672	126.207
brachycentrum	scopulorum	parryi	0.326646	7.70188	1.34077e-14	0.0364579	140.622	149.014	75.6337
brachycentrum	parryi	stachydeum	0.0802474	1.79159	0.0731982	0.0162586	110.885	138.436	117.868
brachycentrum	parryi	trolliifolium	0.196186	4.77829	1.76789e-06	0.0504255	273.403	159.644	107.278
brachycentrum	parryi	viridescens	0.0575343	1.36008	0.173804	0.0117093	106.53	144.67	128.929
brachycentrum	parryi	xantholeucum	0.128048	3.22889	0.0012427	0.034431	153.936	153.349	118.535
brachycentrum	ramosum-1_5	patens	0.449971	10.2646	2.3e-16	0.0854865	759.53	110.78	42.023
brachycentrum	ramosum-3	patens	0.487675	11.0791	2.3e-16	0.0878001	706.922	101.95	35.1094
brachycentrum	ramosum-4_10	patens	0.388815	8.95701	2.3e-16	0.0696382	717.005	98.2711	43.2468
brachycentrum	sapellonis	patens	0.434671	9.82078	2.3e-16	0.0789325	723.48	101.439	39.9718
brachycentrum	scaposum	patens	0.433485	10.9514	2.3e-16	0.0942498	558.884	115.207	45.5299
brachycentrum	scopulorum	patens	0.386862	8.51607	2.3e-16	0.0723884	662.299	94.3464	41.7109
brachycentrum	stachydeum	patens	0.396685	8.76708	2.3e-16	0.0853239	562.273	107.821	46.5747
brachycentrum	trolliifolium	patens	0.387541	10.3478	2.3e-16	0.135195	394.145	175.836	77.6137
brachycentrum	viridescens	patens	0.470619	10.9852	2.3e-16	0.0976478	582.422	111.144	40.0087
brachycentrum	xantholeucum	patens	0.334949	7.96304	1.67867e-15	0.0866733	529.687	125.513	62.5286
ramosum-3	ramosum-1_5	brachycentrum	0.0654142	1.28535	0.19867	0.011121	291.497	71.9069	63.077
ramosum-4_10	ramosum-1_5	brachycentrum	0.0721674	1.57657	0.114894	0.0112207	260.236	69.1248	59.8193
ramosum-1_5	sapellonis	brachycentrum	0.0456199	0.957233	0.33845	0.00762744	322.978	71.9243	65.6482
brachycentrum	ramosum-1_5	scaposum	0.412737	10.2751	2.3e-16	0.0855099	183.959	149.375	62.0942
scopulorum	ramosum-1_5	brachycentrum	0.265768	5.6243	1.8626e-08	0.0496246	240.603	93.8685	54.4501
brachycentrum	ramosum-1_5	stachydeum	0.390482	9.18998	2.3e-16	0.0547759	168.067	143.257	62.7964
brachycentrum	ramosum-1_5	trolliifolium	0.413616	10.2775	2.3e-16	0.0662659	365.623	130.433	54.1052
brachycentrum	ramosum-1_5	viridescens	0.327567	7.666	1.77439e-14	0.0440621	144.833	136.163	68.9687
brachycentrum	ramosum-1_5	xantholeucum	0.459202	11.4251	2.3e-16	0.0812121	198.638	150.311	55.7073
ramosum-4_10	ramosum-3	brachycentrum	0.113711	2.21283	0.0269091	0.0172191	247.875	66.2571	52.7273
ramosum-3	sapellonis	brachycentrum	0.0617882	1.13763	0.255276	0.00925554	393.497	63.5313	56.1372
brachycentrum	ramosum-3	scaposum	0.389801	9.21914	2.3e-16	0.0802022	176.864	138.253	60.7005
scopulorum	ramosum-3	brachycentrum	0.158133	2.96661	0.00301105	0.0273781	240.986	75.4631	54.8555
brachycentrum	ramosum-3	stachydeum	0.438862	9.94545	2.3e-16	0.0639985	147.301	142.862	55.7144
brachycentrum	ramosum-3	trolliifolium	0.476264	11.3036	2.3e-16	0.0763003	337.455	128.575	45.6146
brachycentrum	ramosum-3	viridescens	0.39513	9.11758	2.3e-16	0.0559811	126.179	144.576	62.6823
brachycentrum	ramosum-3	xantholeucum	0.416018	9.55769	2.3e-16	0.077001	188.179	140.998	58.1493
ramosum-4_10	sapellonis	brachycentrum	0.0465666	1.00287	0.315924	0.0071874	253.647	66.7176	60.7805
brachycentrum	ramosum-4_10	scaposum	0.3701	9.10973	2.3e-16	0.0775626	180.141	147.57	67.8451
scopulorum	ramosum-4_10	brachycentrum	0.0825026	1.72129	0.0851982	0.0139313	252.204	70.5951	59.8343
brachycentrum	ramosum-4_10	stachydeum	0.400045	9.71722	2.3e-16	0.0564219	147.253	145.422	62.3171
brachycentrum	ramosum-4_10	trolliifolium	0.465612	11.4625	2.3e-16	0.0817914	349.016	151.424	55.212
brachycentrum	ramosum-4_10	viridescens	0.34236	8.08744	6.09322e-16	0.049235	123.879	147.096	72.0641
brachycentrum	ramosum-4_10	xantholeucum	0.381299	9.45241	2.3e-16	0.0648541	187.41	136.5	61.1398
brachycentrum	sapellonis	scaposum	0.395159	9.67586	2.3e-16	0.0817927	188.322	148.645	64.4418
scopulorum	sapellonis	brachycentrum	0.177916	3.69294	0.000221673	0.030024	281.563	78.9533	55.1026
brachycentrum	sapellonis	stachydeum	0.41044	9.73969	2.3e-16	0.0614298	156.217	151.945	63.5126
brachycentrum	sapellonis	trolliifolium	0.429352	10.935	2.3e-16	0.0724777	350.821	137.536	54.9093
brachycentrum	sapellonis	viridescens	0.309456	7.2846	3.22626e-13	0.0429718	142.123	137.505	72.5135
brachycentrum	sapellonis	xantholeucum	0.414775	10.4152	2.3e-16	0.0793544	196.787	157.626	65.2023
brachycentrum	scopulorum	scaposum	0.380775	9.19635	2.3e-16	0.088333	169.27	156.651	70.2522
brachycentrum	stachydeum	scaposum	0.138325	3.2375	0.00120581	0.035817	132.602	136.605	103.406
brachycentrum	scaposum	trolliifolium	0.284135	7.35749	1.87407e-13	0.065246	248.624	157.506	87.8048
brachycentrum	viridescens	scaposum	0.35898	9.59762	2.3e-16	0.101374	129.399	174.305	82.2183
brachycentrum	xantholeucum	scaposum	0.150571	4.08058	4.49238e-05	0.0498928	117.101	178.631	131.877
brachycentrum	scopulorum	stachydeum	0.360375	8.21582	2.3e-16	0.0556857	133.23	140.86	66.23
brachycentrum	scopulorum	trolliifolium	0.396266	9.64939	2.3e-16	0.0718451	317.916	137.055	59.2613
brachycentrum	scopulorum	viridescens	0.33784	7.7294	1.08052e-14	0.0523445	116.997	143.965	71.2552
brachycentrum	scopulorum	xantholeucum	0.383561	9.66631	2.3e-16	0.0753772	181.46	149.258	66.5013
brachycentrum	stachydeum	trolliifolium	0.324827	7.43573	1.03992e-13	0.0691152	261.561	147.823	75.3351
brachycentrum	stachydeum	viridescens	0.0761854	1.66362	0.0961891	0.0142357	93.4745	139.751	119.964
brachycentrum	stachydeum	xantholeucum	0.12143	2.72393	0.00645092	0.0275885	144.689	133.63	104.69
brachycentrum	viridescens	trolliifolium	0.402535	9.47641	2.3e-16	0.0877822	277.864	159.317	67.8675
brachycentrum	xantholeucum	trolliifolium	0.393335	10.9299	2.3e-16	0.111618	246.311	211.238	91.974
xantholeucum	viridescens	brachycentrum	0.298166	6.77294	1.26195e-11	0.072485	250.78	127.652	69.013
californicum	cardinale	carolinianum	0.0137331	0.251393	0.801511	0.00158477	171.87	91.5023	89.0231
californicum	cardinale	distichum-1_5	0.0677409	1.41195	0.157965	0.0135347	225.131	102.678	89.6498
cardinale	californicum	distichum-2_6	0.0792931	1.72698	0.0841704	0.0183739	265.106	103.551	88.3356
californicum	cardinale	exaltatum	0.0352139	0.590862	0.554613	0.0060183	152.208	75.9444	70.7778
californicum	cardinale	geraniifolium	0.0711253	1.3229	0.185869	0.0153032	172.086	90.8027	78.7436
californicum	cardinale	geyeri	0.0624871	1.18092	0.237636	0.0145461	193.599	89.0313	78.559
californicum	cardinale	glaucescens	0.091383	1.74498	0.0809889	0.0241186	200.141	96.2072	80.0961
californicum	cardinale	glaucum-1_2	0.0979034	1.74672	0.0806865	0.0222718	176.195	93.9575	77.2005
californicum	cardinale	glaucum-3_4	0.0486322	0.929057	0.35286	0.0158992	187.031	91.4161	82.9369
gypsophilum	cardinale	californicum	0.161048	3.87902	0.00010488	0.0281671	237.498	158.13	114.262
californicum	hesperium	cardinale	0.0561917	1.26311	0.206548	0.00933702	294.679	130.464	116.582
californicum	cardinale	lineapetalum	0.109385	2.16915	0.0300711	0.0190427	237.424	106.139	85.2083
californicum	cardinale	multiplex	0.0890744	1.95296	0.050824	0.0205601	231.409	106.111	88.7531
californicum	cardinale	novomexicanum	0.0205454	0.376125	0.706824	0.00581251	179.486	86.9271	83.4271
cardinale	californicum	nudicaule	0.079624	1.63606	0.101826	0.0183598	387.035	99.2917	84.6458
californicum	cardinale	nuttallianum-14	0.0922501	1.71565	0.0862269	0.0166045	217.108	84.0729	69.8715
cardinale	californicum	nuttallianum-7_9	0.00244493	0.0488716	0.961022	0.000637133	248.797	79.0122	78.6267
californicum	cardinale	occidentale	0.0763065	1.47316	0.140708	0.0214258	189.274	97.4375	83.6215
cardinale	parryi	californicum	0.0421506	0.91387	0.360785	0.00670869	260.215	120.875	111.097
cardinale	californicum	patens	0.103415	1.89828	0.0576589	0.0198456	600.938	62.9444	51.1458
californicum	cardinale	ramosum-1_5	0.0627681	1.16922	0.242316	0.0212196	175.968	92.3304	81.4242
californicum	cardinale	ramosum-3	0.00170908	0.0316291	0.974768	0.000447913	173.26	91.5799	91.2674
californicum	cardinale	ramosum-4_10	0.0203497	0.38866	0.697528	0.00704797	173.685	88.4778	84.9486
californicum	cardinale	sapellonis	0.030587	0.564405	0.572478	0.0102487	179.851	94.7049	89.0833
californicum	cardinale	scaposum	0.00961695	0.194875	0.845491	0.00229341	223.866	89.8553	88.1435
californicum	cardinale	scopulorum	0.0721555	1.34143	0.17978	0.0178166	175.638	88.7668	76.8189
cardinale	californicum	stachydeum	0.0182447	0.323021	0.746679	0.00255303	195.48	79.4525	76.6053
californicum	cardinale	trolliifolium	0.0221637	0.43222	0.665581	0.00414893	332.083	80.8681	77.3611
californicum	cardinale	viridescens	0.104146	1.91104	0.0559996	0.0149019	189.157	93.5394	75.8935
californicum	cardinale	xantholeucum	0.130262	2.56755	0.010242	0.0251976	228.87	96.9965	74.6389
californicum	carolinianum	distichum-1_5	0.201227	4.11864	3.81111e-05	0.0490777	116.521	126.666	84.2283
californicum	carolinianum	distichum-2_6	0.0486988	1.01242	0.311336	0.0134634	151.351	110.962	100.656
carolinianum	exaltatum	californicum	0.0113325	0.181482	0.855989	0.00108634	139.462	69.1007	67.5521
carolinianum	geraniifolium	californicum	0.0826893	1.40632	0.159631	0.00826296	138.948	80.8681	68.5156
geyeri	carolinianum	californicum	0.0594909	1.09977	0.271434	0.00557666	158.184	77.4983	68.7951
glaucescens	carolinianum	californicum	0.117999	2.12738	0.0333881	0.0118589	144.792	87.3611	68.9201
carolinianum	glaucum-1_2	californicum	0.020775	0.345053	0.730054	0.0020766	125.229	73.0625	70.0885
carolinianum	glaucum-3_4	californicum	0.0200173	0.369799	0.711533	0.0020473	143.667	82.0972	78.875
gypsophilum	californicum	carolinianum	0.141231	3.23298	0.00122505	0.0188682	173.958	132.264	99.5278
californicum	hesperium	carolinianum	0.0272569	0.531569	0.595025	0.00286588	332.198	89.2471	84.511
californicum	carolinianum	lineapetalum	0.102412	1.99577	0.0459594	0.0216543	139.413	114.747	93.4271
californicum	carolinianum	multiplex	0.17132	3.69515	0.000219758	0.0458572	118.666	121.106	85.6795
carolinianum	novomexicanum	californicum	0.0370565	0.638851	0.52292	0.00358521	133.253	76.9123	71.4158
carolinianum	californicum	nudicaule	0.122509	2.43115	0.0150512	0.0293789	281.925	98.276	76.8247
californicum	carolinianum	nuttallianum-14	0.159702	3.01564	0.00256436	0.0351451	134.733	103.681	75.125
californicum	carolinianum	nuttallianum-7_9	0.0704571	1.424	0.154447	0.0237357	156.717	101.524	88.1597
occidentale	carolinianum	californicum	0.0921566	1.69268	0.0905166	0.00942675	139.634	84.974	70.6337
californicum	parryi	carolinianum	0.00985925	0.200235	0.841297	0.00118818	176.747	97.4485	95.5457
carolinianum	californicum	patens	0.16865	3.08742	0.002019	0.0366146	450.844	70.5937	50.2188
carolinianum	ramosum-1_5	californicum	0.0442207	0.788239	0.430557	0.00391234	141.263	71.395	65.3481
carolinianum	ramosum-3	californicum	0.0581648	0.957939	0.338094	0.00568304	132.161	76.9392	68.4809
ramosum-4_10	carolinianum	californicum	0.0321725	0.584441	0.558924	0.00301175	145.526	75.2267	70.5372
carolinianum	sapellonis	californicum	0.0333135	0.579846	0.562018	0.00304019	147.077	73.7752	69.0182
californicum	carolinianum	scaposum	0.101317	2.04984	0.04038	0.0278312	126.413	106.718	87.0828
carolinianum	scopulorum	californicum	0.023141	0.415413	0.67784	0.00217087	148.118	72.691	69.4028
californicum	carolinianum	stachydeum	0.067562	1.21694	0.223629	0.0131619	105.574	105.616	92.2477
californicum	carolinianum	trolliifolium	0.0807061	1.57263	0.115805	0.0174264	234.229	96.2917	81.9097
californicum	carolinianum	viridescens	0.194945	3.55954	0.000371506	0.0344559	96.7593	115.676	77.9329
californicum	carolinianum	xantholeucum	0.185451	3.71621	0.000202232	0.0449538	136.424	119.655	82.2176
distichum-2_6	distichum-1_5	californicum	0.136404	3.48681	0.000488826	0.0181287	259.42	146.045	110.985
californicum	exaltatum	distichum-1_5	0.303551	5.82815	5.60437e-09	0.0649903	112.35	130.508	69.7264
californicum	geraniifolium	distichum-1_5	0.284688	6.15041	7.72844e-10	0.0610444	117.803	145.448	80.9851
californicum	geyeri	distichum-1_5	0.259208	6.07969	1.20418e-09	0.0614625	122.7	161.942	95.2707
californicum	glaucescens	distichum-1_5	0.281378	6.59677	4.20205e-11	0.0666715	118.316	166.539	93.3984
californicum	glaucum-1_2	distichum-1_5	0.270706	5.7809	7.43017e-09	0.0590275	115.271	142.195	81.6095
californicum	glaucum-3_4	distichum-1_5	0.272339	6.27738	3.44331e-10	0.0579045	124.445	152.608	87.2779
gypsophilum	californicum	distichum-1_5	0.151756	3.89595	9.78148e-05	0.0379798	241.506	163.161	120.165
californicum	hesperium	distichum-1_5	0.021373	0.483527	0.628722	0.0039577	419.393	97.4013	93.3249
lineapetalum	distichum-1_5	californicum	0.127936	3.03226	0.00242731	0.0146703	268.202	121.908	94.2535
multiplex	distichum-1_5	californicum	0.0661875	1.79353	0.0728887	0.00578343	609.236	92.5158	81.0293
californicum	novomexicanum	distichum-1_5	0.247268	5.29128	1.21461e-07	0.0516801	123.573	136.479	82.3654
distichum-1_5	californicum	nudicaule	0.0639394	1.50166	0.133184	0.0166758	321.597	123.66	108.797
nuttallianum-14	distichum-1_5	californicum	0.180652	4.10245	4.08797e-05	0.0216059	238.528	118.163	82.0026
nuttallianum-7_9	distichum-1_5	californicum	0.219734	5.59126	2.25429e-08	0.0280074	221.296	139.803	89.4324
californicum	occidentale	distichum-1_5	0.239306	5.41686	6.06536e-08	0.056309	121.726	158.575	97.3344
parryi	californicum	distichum-1_5	0.00732275	0.171684	0.863686	0.00166408	236.192	113.583	111.932
californicum	distichum-1_5	patens	0.00374838	0.0828054	0.934006	0.000915809	535.101	78.475	77.8889
californicum	ramosum-1_5	distichum-1_5	0.301918	6.79584	1.0768e-11	0.0652294	128.547	152.114	81.5627
californicum	ramosum-3	distichum-1_5	0.242775	4.95137	7.36945e-07	0.0482565	132.335	125.795	76.647
californicum	ramosum-4_10	distichum-1_5	0.304246	6.94854	3.69073e-12	0.0651314	121.068	153.129	81.6868
californicum	sapellonis	distichum-1_5	0.306222	6.79613	1.07466e-11	0.0666557	128.041	153.149	81.3423
californicum	distichum-1_5	scaposum	0.244191	6.84835	7.47079e-12	0.0815679	122.104	176.313	107.105
californicum	scopulorum	distichum-1_5	0.259217	5.60179	2.12154e-08	0.0573474	118.013	136.382	80.2318
californicum	stachydeum	distichum-1_5	0.0715761	1.53069	0.125845	0.0171812	125.591	127.712	110.651
californicum	distichum-1_5	trolliifolium	0.145374	3.42452	0.000615882	0.0353707	230.75	132.857	99.1316
distichum-1_5	viridescens	californicum	0.0272161	0.574141	0.565873	0.00219418	548.505	74.3458	70.4062
xantholeucum	distichum-1_5	californicum	0.154454	3.69855	0.000216833	0.01745	255.532	115.297	84.4459
californicum	exaltatum	distichum-2_6	0.123566	2.43539	0.0148756	0.0288119	151.809	106.747	83.2674
californicum	geraniifolium	distichum-2_6	0.0857551	1.84685	0.0647682	0.0209772	172.04	121.49	102.299
californicum	geyeri	distichum-2_6	0.210655	4.97791	6.42732e-07	0.0557013	166.78	154.025	100.424
californicum	glaucescens	distichum-2_6	0.205044	4.84314	1.27805e-06	0.0554196	165.238	158.184	104.353
californicum	glaucum-1_2	distichum-2_6	0.137229	2.82315	0.00475547	0.033195	155.518	118.86	90.1746
californicum	glaucum-3_4	distichum-2_6	0.121176	2.76933	0.00561715	0.0296814	176.257	133.646	104.757
gypsophilum	californicum	distichum-2_6	0.259882	7.1181	1.09423e-12	0.0778966	280.184	188.479	110.722
hesperium	californicum	distichum-2_6	0.0802862	1.84732	0.0647004	0.0165061	468.163	103.556	88.1632
lineapetalum	distichum-2_6	californicum	0.0709594	1.75918	0.0785463	0.00927558	278.707	133.187	115.537
distichum-2_6	multiplex	californicum	0.102106	2.77013	0.00560342	0.0135427	248.135	145.514	118.551
californicum	novomexicanum	distichum-2_6	0.0952253	2.08065	0.0374659	0.0223736	185.028	120.415	99.4761
distichum-2_6	californicum	nudicaule	0.0658971	1.61749	0.105772	0.0184446	309.146	132.097	115.764
nuttallianum-14	distichum-2_6	californicum	0.0526606	1.24946	0.211497	0.00639431	283.405	107.826	97.0373
nuttallianum-7_9	distichum-2_6	californicum	0.129207	3.53627	0.000405823	0.0153323	347.777	121.944	94.0373
californicum	occidentale	distichum-2_6	0.182349	4.24394	2.1963e-05	0.051162	165.112	154.079	106.553
parryi	californicum	distichum-2_6	0.138453	3.25448	0.00113602	0.0343369	277.045	125.767	95.1765
californicum	distichum-2_6	patens	0.0608457	1.38398	0.166365	0.016174	532.99	89.0972	78.8767
californicum	ramosum-1_5	distichum-2_6	0.155114	3.49137	0.000480551	0.0376503	187.529	135.246	98.9232
californicum	ramosum-3	distichum-2_6	0.117488	2.47305	0.0133965	0.0274634	180.819	114.485	90.4123
californicum	ramosum-4_10	distichum-2_6	0.122324	2.80673	0.00500476	0.0294936	171.338	128.412	100.421
californicum	sapellonis	distichum-2_6	0.145329	3.19929	0.00137765	0.0354748	178.36	133.244	99.4297
distichum-2_6	californicum	scaposum	0.0343462	0.845263	0.397964	0.0111918	132.814	145.897	136.208
californicum	scopulorum	distichum-2_6	0.119942	2.61097	0.00902849	0.0291394	163.45	119.651	94.0226
stachydeum	californicum	distichum-2_6	0.0293417	0.643332	0.520008	0.00783274	166.546	122.48	115.497
californicum	distichum-2_6	trolliifolium	0.21217	5.19243	2.07564e-07	0.0598612	218.464	162.846	105.839
distichum-2_6	viridescens	californicum	0.133248	3.04723	0.0023096	0.0167215	212.714	126.864	97.0304
xantholeucum	distichum-2_6	californicum	0.061459	1.51997	0.128517	0.00818813	256.975	125.47	110.94
geraniifolium	exaltatum	californicum	0.00912041	0.139492	0.889062	0.000666678	135.887	56.9549	55.9253
geyeri	exaltatum	californicum	0.109415	1.90351	0.0569737	0.00717239	164.896	59.3142	47.6146
glaucescens	exaltatum	californicum	0.0988755	1.67755	0.093435	0.00772236	142.269	69.5573	57.0399
exaltatum	glaucum-1_2	californicum	0.0253296	0.344856	0.730203	0.0014856	165.88	45.2934	43.0556
glaucum-3_4	exaltatum	californicum	0.0548091	0.881145	0.378239	0.00304925	192.675	48.1128	43.1128
gypsophilum	californicum	exaltatum	0.17372	3.9682	7.24177e-05	0.0379421	161.797	124.36	87.5475
hesperium	californicum	exaltatum	0.0598325	1.07617	0.28185	0.00962197	331.512	79.5255	70.5463
californicum	exaltatum	lineapetalum	0.248708	4.43022	9.41356e-06	0.0422647	136.243	111.556	67.1181
californicum	exaltatum	multiplex	0.261526	5.26986	1.36527e-07	0.0628243	116.822	124.067	72.6266
exaltatum	novomexicanum	californicum	0.0282344	0.436935	0.662159	0.00206953	129.684	59.6215	56.3472
exaltatum	californicum	nudicaule	0.0741884	1.33811	0.180862	0.0158402	290.069	85.8194	73.9653
californicum	exaltatum	nuttallianum-14	0.261827	4.63356	3.59433e-06	0.0524476	129.132	108.819	63.6597
californicum	exaltatum	nuttallianum-7_9	0.184737	3.44239	0.000576592	0.0501953	148.03	96.5972	66.4722
occidentale	exaltatum	californicum	0.135965	2.3006	0.0214141	0.0100509	139.858	66.1568	50.32
parryi	californicum	exaltatum	0.0817097	1.5173	0.12919	0.0143963	180.262	87.1991	74.0255
exaltatum	californicum	patens	0.0963763	1.59796	0.110053	0.0185242	463.451	59.25	48.8333
exaltatum	ramosum-1_5	californicum	0.0799713	1.26589	0.205554	0.00517735	142.962	56.1632	47.8455
exaltatum	ramosum-3	californicum	0.0950479	1.38812	0.1651	0.00677025	132.687	59.9653	49.5556
ramosum-4_10	exaltatum	californicum	0.00974248	0.16284	0.870644	0.000677043	151.903	56.7878	55.692
exaltatum	sapellonis	californicum	0.0381048	0.606096	0.544451	0.00277373	148.766	61.2031	56.7101
californicum	exaltatum	scaposum	0.187729	3.42981	0.000604001	0.0443602	124.715	104.59	71.5278
exaltatum	scopulorum	californicum	0.014214	0.233444	0.815417	0.00104444	139.347	58.2222	56.5903
californicum	exaltatum	stachydeum	0.144821	2.44079	0.0146551	0.0231114	93.8889	100.351	74.9618
californicum	exaltatum	trolliifolium	0.140728	2.63231	0.0084806	0.0282342	232.039	98.706	74.3519
californicum	exaltatum	viridescens	0.358409	6.27725	3.4462e-10	0.0535541	92.6181	116.243	54.9028
californicum	exaltatum	xantholeucum	0.260536	4.89568	9.79652e-07	0.0542419	134.964	116.941	68.6007
geyeri	geraniifolium	californicum	0.0902637	1.71582	0.0861957	0.00713729	164.166	78.0499	65.1263
glaucescens	geraniifolium	californicum	0.0581926	1.10529	0.269034	0.00495507	166.89	81.7821	72.7873
geraniifolium	glaucum-1_2	californicum	0.0338401	0.580418	0.561633	0.00279655	145.272	72.6641	67.9071
glaucum-3_4	geraniifolium	californicum	0.0025201	0.0464002	0.962991	0.000188121	154.854	68.7187	68.3733
gypsophilum	californicum	geraniifolium	0.211362	5.1189	3.07321e-07	0.060004	195.504	158.245	103.023
hesperium	californicum	geraniifolium	0.0147391	0.29261	0.76982	0.00309648	366.903	87.9711	85.4155
californicum	geraniifolium	lineapetalum	0.210767	4.26879	1.9654e-05	0.0367166	147.247	127.333	83.0017
californicum	geraniifolium	multiplex	0.166222	3.74587	0.000179767	0.0389827	128.471	126.948	90.7598
geraniifolium	novomexicanum	californicum	0.0291862	0.504253	0.614084	0.00172502	220.215	54.5777	51.4822
geraniifolium	californicum	nudicaule	0.0912385	1.82841	0.0674873	0.0198106	333.793	101.424	84.4635
californicum	geraniifolium	nuttallianum-14	0.164383	3.10542	0.00190006	0.0290503	138.068	97.7587	70.1563
californicum	geraniifolium	nuttallianum-7_9	0.165524	3.38182	0.000720066	0.0448962	161.727	108.732	77.8485
occidentale	geraniifolium	californicum	0.0144707	0.274577	0.783641	0.00115809	162.629	72.2352	70.1745
parryi	californicum	geraniifolium	0.0427486	0.867222	0.38582	0.0105137	195.763	104.049	95.5182
geraniifolium	californicum	patens	0.135459	2.4599	0.0138976	0.0268823	552.299	71.3003	54.2882
geraniifolium	ramosum-1_5	californicum	0.111892	1.96349	0.0495897	0.00662548	220.605	59.7525	47.7264
geraniifolium	ramosum-3	californicum	0.15321	2.47124	0.0134647	0.0103014	204.755	68.3507	50.1892
ramosum-4_10	geraniifolium	californicum	0.100976	1.8072	0.0707313	0.00635976	213.536	62.9311	51.3877
geraniifolium	sapellonis	californicum	0.0861518	1.5071	0.131785	0.00543627	242.488	62.457	52.549
californicum	geraniifolium	scaposum	0.205272	4.22956	2.34149e-05	0.0503216	132.624	121.418	80.0599
scopulorum	geraniifolium	californicum	0.0303348	0.512776	0.608108	0.00118912	549.048	34.9384	32.8811
californicum	geraniifolium	stachydeum	0.169021	3.16519	0.00154979	0.02813	105.687	119.302	84.8038
californicum	geraniifolium	trolliifolium	0.0495398	0.975887	0.32912	0.00954463	247.181	92.559	83.8212
californicum	geraniifolium	viridescens	0.276883	5.31586	1.06153e-07	0.0443027	99.0503	134.526	76.184
californicum	geraniifolium	xantholeucum	0.198415	3.87218	0.000107868	0.0387257	142.787	109.641	73.3359
glaucescens	geyeri	californicum	0.0340433	0.68538	0.493104	0.00252232	243.128	72.4818	67.7092
geyeri	glaucum-1_2	californicum	0.0950905	1.71503	0.0863395	0.0074144	158.92	75.1458	62.0955
geyeri	glaucum-3_4	californicum	0.116613	2.34703	0.018924	0.00817114	192.973	75.6306	59.8338
gypsophilum	californicum	geyeri	0.215583	5.25731	1.4618e-07	0.0671515	208.933	158.331	102.171
hesperium	californicum	geyeri	0.00204107	0.0417591	0.966691	0.000460554	403.163	87.7894	87.4317
californicum	geyeri	lineapetalum	0.2386	5.28146	1.28157e-07	0.0455648	145.618	144.094	88.5781
californicum	geyeri	multiplex	0.259046	6.426	1.31004e-10	0.0680714	123.589	159.85	94.0724
geyeri	novomexicanum	californicum	0.104407	1.98393	0.0472636	0.00809356	168.457	80.372	65.1758
geyeri	californicum	nudicaule	0.0970288	2.0912	0.0365101	0.0217577	327.997	110.03	90.566
californicum	geyeri	nuttallianum-14	0.30403	6.30904	2.80766e-10	0.065249	125.439	136.259	72.7222
californicum	geyeri	nuttallianum-7_9	0.229403	5.16268	2.43434e-07	0.0716792	155.194	133.899	83.9288
geyeri	occidentale	californicum	0.0206958	0.414036	0.678848	0.00148464	225.65	67.5994	64.8581
parryi	californicum	geyeri	0.00269055	0.0562512	0.955142	0.000691005	212.158	94.4618	93.9549
geyeri	californicum	patens	0.0991839	2.01116	0.0443089	0.0201943	547.687	71.7847	58.8299
geyeri	ramosum-1_5	californicum	0.19029	3.75371	0.000174236	0.0123106	185.26	73.1285	49.7465
geyeri	ramosum-3	californicum	0.142216	2.58349	0.00978075	0.00956912	192.547	69.7812	52.4045
geyeri	ramosum-4_10	californicum	0.136289	2.75059	0.00594882	0.009921	190.027	77.8976	59.2111
geyeri	sapellonis	californicum	0.158799	3.11601	0.00183316	0.0120005	189.084	83.8741	60.8863
californicum	geyeri	scaposum	0.20459	4.48565	7.26912e-06	0.0537648	128.05	132.696	87.6211
geyeri	scopulorum	californicum	0.111182	2.18283	0.0290486	0.00810023	175.02	72.0508	57.6324
californicum	geyeri	stachydeum	0.131428	2.60032	0.00931365	0.0230308	107.66	122.906	94.3524
californicum	geyeri	trolliifolium	0.186508	4.02194	5.77203e-05	0.0381249	238.63	115.786	79.3854
californicum	geyeri	viridescens	0.332615	7.04617	1.8391e-12	0.0553425	96.9497	149.293	74.7674
californicum	geyeri	xantholeucum	0.32561	7.19908	6.06205e-13	0.0743454	131.938	150.181	76.4028
glaucescens	glaucum-1_2	californicum	0.0177331	0.318163	0.750361	0.00147737	161.238	73.8819	71.3073
glaucescens	glaucum-3_4	californicum	0.0723102	1.42015	0.155563	0.00544652	223.24	77.7509	67.2648
gypsophilum	californicum	glaucescens	0.171164	4.23593	2.27607e-05	0.0560928	213.024	152.444	107.885
hesperium	californicum	glaucescens	0.0306036	0.615238	0.538398	0.00719049	405.677	89.1007	83.809
californicum	glaucescens	lineapetalum	0.253833	5.65528	1.55593e-08	0.0493694	142.155	149.714	89.0964
californicum	glaucescens	multiplex	0.264526	6.64551	3.02167e-11	0.0726641	125.63	169.423	98.5397
glaucescens	novomexicanum	californicum	0.112017	2.11414	0.034503	0.00943027	167.567	87.2248	69.6519
glaucescens	californicum	nudicaule	0.0511152	1.08033	0.279997	0.0111807	325.056	101.497	91.6259
californicum	glaucescens	nuttallianum-14	0.19411	3.95381	7.69179e-05	0.0408095	138.66	123.333	83.2361
californicum	glaucescens	nuttallianum-7_9	0.262492	5.88904	3.88456e-09	0.0764156	155.65	132.645	77.4871
glaucescens	occidentale	californicum	0.0977293	1.9205	0.0547947	0.00599025	446.984	63.1625	51.9159
parryi	californicum	glaucescens	0.0315478	0.661131	0.508528	0.00920357	218.979	102.976	96.6771
glaucescens	californicum	patens	0.0579163	1.13981	0.254366	0.0121328	536.941	70.4965	62.7778
glaucescens	ramosum-1_5	californicum	0.197978	3.92338	8.73142e-05	0.0154101	189.283	88.2708	59.0955
glaucescens	ramosum-3	californicum	0.180042	3.20755	0.0013387	0.0151104	169.264	89.6771	62.3125
glaucescens	ramosum-4_10	californicum	0.0911473	1.82546	0.0679321	0.00754092	171.716	84.6509	70.5085
glaucescens	sapellonis	californicum	0.104454	2.00764	0.0446813	0.00880509	183.974	88.3333	71.625
californicum	glaucescens	scaposum	0.151065	3.30056	0.000964905	0.0383553	130.953	125.526	92.5781
glaucescens	scopulorum	californicum	0.113023	2.16143	0.0306618	0.00955177	154.369	82.3381	65.6159
californicum	glaucescens	stachydeum	0.160646	3.15645	0.001597	0.0290529	105.594	131.201	94.8819
californicum	glaucescens	trolliifolium	0.062521	1.31669	0.187943	0.0122977	243.12	98.8698	87.2344
californicum	glaucescens	viridescens	0.327923	6.78693	1.14546e-11	0.056587	93.7205	155.259	78.5781
californicum	glaucescens	xantholeucum	0.225028	4.85343	1.21342e-06	0.0492659	132.589	130.994	82.8688
glaucum-1_2	glaucum-3_4	californicum	0.0200197	0.341583	0.732665	0.00132715	219.821	60.283	57.9167
gypsophilum	californicum	glaucum-1_2	0.216449	5.14294	2.70469e-07	0.0573819	187.511	137.808	88.7662
hesperium	californicum	glaucum-1_2	0.0128656	0.250115	0.802498	0.00281652	368.971	86.9277	84.7193
californicum	glaucum-1_2	lineapetalum	0.278384	5.44613	5.14764e-08	0.0502625	139.481	132.036	74.5313
californicum	glaucum-1_2	multiplex	0.25078	5.50819	3.62552e-08	0.0627637	129.02	141.359	84.6741
novomexicanum	glaucum-1_2	californicum	0.0033782	0.05513	0.956035	0.00025726	137.35	65.7457	65.303
glaucum-1_2	californicum	nudicaule	0.0750233	1.48007	0.138854	0.0169275	307.549	99.2969	85.4375
californicum	glaucum-1_2	nuttallianum-14	0.291562	5.23879	1.61635e-07	0.0546276	130.002	109.811	60.2326
californicum	glaucum-1_2	nuttallianum-7_9	0.200849	3.95178	7.75719e-05	0.0559478	157.918	109.312	72.7457
occidentale	glaucum-1_2	californicum	0.0583606	1.06073	0.288813	0.00467182	163.19	72.9644	64.9175
parryi	californicum	glaucum-1_2	0.0149106	0.292253	0.770093	0.00350004	191.922	92.2917	89.5799
glaucum-1_2	californicum	patens	0.113206	2.03474	0.0418771	0.0210251	508.556	63.3628	50.4757
glaucum-1_2	ramosum-1_5	californicum	0.0142585	0.249223	0.803188	0.00108763	149.233	67.4288	65.533
glaucum-1_2	ramosum-3	californicum	0.0849122	1.32812	0.184138	0.00619048	137.502	66.7569	56.3073
glaucum-1_2	ramosum-4_10	californicum	0.0444735	0.798216	0.424745	0.00329229	144.231	67.4673	61.7218
glaucum-1_2	sapellonis	californicum	0.0927639	1.57077	0.116235	0.00705962	161.173	73.2266	60.7943
californicum	glaucum-1_2	scaposum	0.172124	3.41527	0.000637197	0.0434511	124.083	113.863	80.4219
scopulorum	glaucum-1_2	californicum	0.0420384	0.713156	0.47575	0.00338027	137.136	67.9297	62.4488
californicum	glaucum-1_2	stachydeum	0.177434	3.22615	0.00125469	0.0292359	97.2682	112.897	78.8707
californicum	glaucum-1_2	trolliifolium	0.160286	3.04828	0.00230159	0.031051	231.856	98.5226	71.3021
californicum	glaucum-1_2	viridescens	0.331351	6.25621	3.94447e-10	0.0498212	91.7283	126.534	63.5495
californicum	glaucum-1_2	xantholeucum	0.267748	5.11624	3.11679e-07	0.0556474	134.899	119.033	68.7535
gypsophilum	californicum	glaucum-3_4	0.204908	5.14957	2.61089e-07	0.0837141	208.077	159.369	105.164
hesperium	californicum	glaucum-3_4	0.00678532	0.137827	0.890377	0.00206625	409.841	90.4172	89.1985
californicum	glaucum-3_4	lineapetalum	0.221157	4.7768	1.78107e-06	0.0385903	149.769	133.738	85.2969
californicum	glaucum-3_4	multiplex	0.21867	5.37546	7.63875e-08	0.0517388	135.755	143.106	91.7502
glaucum-3_4	novomexicanum	californicum	0.076146	1.40481	0.160077	0.00542442	162.42	72.8715	62.559
glaucum-3_4	californicum	nudicaule	0.112604	2.45971	0.0139051	0.0235964	347.445	106.921	85.2786
californicum	glaucum-3_4	nuttallianum-14	0.204702	4.03505	5.45895e-05	0.0374717	142.691	109.774	72.4688
californicum	glaucum-3_4	nuttallianum-7_9	0.200897	4.45262	8.48292e-06	0.0547893	168.522	118.749	79.0182
occidentale	glaucum-3_4	californicum	0.0590333	1.17075	0.2417	0.0040916	241.047	68.9553	61.2678
parryi	californicum	glaucum-3_4	0.0753323	1.6107	0.107244	0.027598	209.977	113.081	97.2373
glaucum-3_4	californicum	patens	0.0956477	1.86239	0.0625475	0.0190112	573.585	70.9774	58.5851
glaucum-3_4	ramosum-1_5	californicum	0.0772741	1.51005	0.13103	0.00527081	169.226	70.806	60.648
glaucum-3_4	ramosum-3	californicum	0.101247	1.77918	0.0752106	0.00736547	155.241	73.4566	59.9497
ramosum-4_10	glaucum-3_4	californicum	0.0193381	0.384362	0.70071	0.00140918	165.799	70.8309	68.1434
glaucum-3_4	sapellonis	californicum	0.0936875	1.7747	0.0759479	0.00680087	174.749	76.3863	63.2995
californicum	glaucum-3_4	scaposum	0.188433	4.1369	3.52031e-05	0.0467334	135.274	127.431	87.0208
glaucum-3_4	scopulorum	californicum	0.00716218	0.136327	0.891563	0.000544169	150.842	67.8698	66.9045
californicum	glaucum-3_4	stachydeum	0.181324	3.59821	0.000320416	0.0302259	110.097	127.031	88.0347
californicum	glaucum-3_4	trolliifolium	0.0765746	1.5853	0.112899	0.0142593	251.044	96.3394	82.6345
californicum	glaucum-3_4	viridescens	0.330137	6.79383	1.09194e-11	0.0500703	99.1858	138.953	69.9774
californicum	glaucum-3_4	xantholeucum	0.219961	4.5492	5.38498e-06	0.0459456	147.352	126.1	80.628
californicum	hesperium	gypsophilum	0.0768828	1.89663	0.0578763	0.0138704	350.125	142.014	121.736
gypsophilum	californicum	lineapetalum	0.151277	3.83314	0.000126517	0.0336963	261.579	158.127	116.572
gypsophilum	californicum	multiplex	0.222094	5.95786	2.55566e-09	0.0639472	256.515	181.708	115.664
gypsophilum	californicum	novomexicanum	0.281782	6.8657	6.61674e-12	0.0947962	194.609	161.113	90.2758
gypsophilum	californicum	nudicaule	0.206126	5.30903	1.10208e-07	0.0553239	407.904	144.619	95.1887
gypsophilum	californicum	nuttallianum-14	0.14113	3.32898	0.00087166	0.0334728	232.917	129.511	97.4763
gypsophilum	californicum	nuttallianum-7_9	0.2169	5.67839	1.35966e-08	0.0715624	266.826	145.666	93.7393
gypsophilum	californicum	occidentale	0.219587	5.43396	5.51168e-08	0.0708691	209.566	156.177	99.9378
gypsophilum	parryi	californicum	0.131004	3.42862	0.00060666	0.0232312	355.712	156.15	119.976
gypsophilum	californicum	patens	0.118956	2.79718	0.00515507	0.031368	618.597	94.6528	74.5278
gypsophilum	californicum	ramosum-1_5	0.245025	6.00745	1.88469e-09	0.100237	193.406	163.666	99.2462
gypsophilum	californicum	ramosum-3	0.291872	6.95772	3.45833e-12	0.0886549	184.338	164.352	90.088
gypsophilum	californicum	ramosum-4_10	0.231794	5.71887	1.07237e-08	0.0961387	204.879	158.152	98.631
gypsophilum	californicum	sapellonis	0.233415	5.65094	1.59575e-08	0.0898689	194.994	162.334	100.893
gypsophilum	californicum	scaposum	0.237071	5.9436	2.78829e-09	0.0716671	239.809	163.583	100.885
gypsophilum	californicum	scopulorum	0.170802	4.0969	4.18722e-05	0.0531483	190.614	142.986	101.267
gypsophilum	californicum	stachydeum	0.231535	5.40105	6.62502e-08	0.0452315	204.264	151.278	94.3958
gypsophilum	californicum	trolliifolium	0.2085	5.21131	1.87513e-07	0.048463	343.727	135.928	89.0255
gypsophilum	californicum	viridescens	0.108642	2.58972	0.00960546	0.0195548	214.837	136.344	109.622
gypsophilum	californicum	xantholeucum	0.185543	4.57226	4.82481e-06	0.0452769	245.673	144.321	99.147
californicum	hesperium	lineapetalum	0.0152801	0.323508	0.74631	0.00229352	429.935	88.8235	86.1499
californicum	hesperium	multiplex	0.0359907	0.842811	0.399334	0.0075902	451.657	98.2967	91.467
hesperium	californicum	novomexicanum	0.0738133	1.4797	0.138952	0.0187874	386.521	92.0596	79.4034
hesperium	californicum	nudicaule	0.0515788	1.11946	0.262943	0.010386	596.928	85.3032	76.9352
hesperium	californicum	nuttallianum-14	0.00471422	0.0959513	0.923559	0.000749204	404.664	72.5214	71.8409
hesperium	californicum	nuttallianum-7_9	0.0520289	1.15012	0.250093	0.011716	452.557	80.4942	72.5324
hesperium	californicum	occidentale	0.00454276	0.093181	0.92576	0.00107324	395.827	83.6918	82.9349
californicum	hesperium	parryi	0.0450147	1.07947	0.280377	0.00649897	311.996	125.183	114.399
hesperium	californicum	patens	0.030815	0.595027	0.551825	0.005633	770.198	55.2882	51.9826
hesperium	californicum	ramosum-1_5	0.0461109	0.929882	0.352432	0.0139129	391.545	87.9115	80.1615
hesperium	californicum	ramosum-3	0.0786998	1.54467	0.122426	0.0177106	373.688	92.7569	79.2222
hesperium	californicum	ramosum-4_10	0.0274181	0.561627	0.57437	0.00899028	385.486	90.2326	85.4167
hesperium	californicum	sapellonis	0.0436829	0.871977	0.383221	0.0132662	391.053	95.3617	87.3791
hesperium	californicum	scaposum	0.0256579	0.538415	0.590291	0.0054129	405.448	86.4722	82.1458
hesperium	californicum	scopulorum	0.0214763	0.427254	0.669194	0.00488236	370.663	83.8958	80.3681
hesperium	californicum	stachydeum	0.10701	2.01687	0.0437093	0.0148031	368.613	92.9606	74.9884
hesperium	californicum	trolliifolium	0.108399	2.18161	0.0291385	0.0170596	518.794	80.8426	65.0301
californicum	hesperium	viridescens	0.0367682	0.72503	0.468434	0.00469971	378.49	83.809	77.8646
hesperium	californicum	xantholeucum	0.0576844	1.19904	0.230513	0.00959784	424.422	84.3889	75.184
lineapetalum	multiplex	californicum	0.10267	2.5892	0.00961996	0.0118727	306.251	123.298	100.337
californicum	novomexicanum	lineapetalum	0.207507	4.30402	1.67728e-05	0.0354268	151.121	123.242	80.8845
lineapetalum	californicum	nudicaule	0.0525086	1.22501	0.22057	0.0149373	284.783	124.304	111.901
nuttallianum-14	lineapetalum	californicum	0.0837707	1.83001	0.0672486	0.00817687	368.858	87.125	73.6563
nuttallianum-7_9	lineapetalum	californicum	0.0960535	2.39723	0.0165196	0.0109122	288.055	108.898	89.8116
californicum	occidentale	lineapetalum	0.30548	6.79408	1.09003e-11	0.057697	142.22	150.946	80.3038
californicum	parryi	lineapetalum	0.0871656	1.91203	0.0558718	0.0157357	244.821	109.134	91.6337
californicum	lineapetalum	patens	0.0479717	1.03243	0.30187	0.0126412	513.868	85.4861	77.6597
californicum	ramosum-1_5	lineapetalum	0.254895	5.35785	8.42201e-08	0.0422942	154.123	126.644	75.1957
californicum	ramosum-3	lineapetalum	0.233148	4.51414	6.35754e-06	0.0385237	156.733	120.309	74.816
californicum	ramosum-4_10	lineapetalum	0.185819	3.89104	9.98171e-05	0.031124	143.869	120.514	82.7448
californicum	sapellonis	lineapetalum	0.244992	5.08949	3.59029e-07	0.043727	155.6	134.923	81.822
californicum	lineapetalum	scaposum	0.0683234	1.63099	0.102892	0.0224255	103.468	142.437	124.218
californicum	scopulorum	lineapetalum	0.185181	3.77614	0.00015928	0.0327192	148.033	117.88	81.0434
californicum	stachydeum	lineapetalum	0.0439694	0.876742	0.380627	0.00840656	144.021	112.944	103.431
californicum	lineapetalum	trolliifolium	0.254807	6.08154	1.19037e-09	0.072326	216.273	164.391	97.6267
lineapetalum	viridescens	californicum	0.161451	3.39223	0.000693252	0.0169709	233.948	107.983	77.9618
xantholeucum	lineapetalum	californicum	0.00457687	0.104253	0.916968	0.00044314	505.52	84.7856	84.013
californicum	novomexicanum	multiplex	0.199987	4.64411	3.41554e-06	0.0468271	132.387	130.863	87.2441
multiplex	californicum	nudicaule	0.0756926	1.88685	0.0591801	0.0198052	334.323	129.834	111.562
nuttallianum-14	multiplex	californicum	0.162441	3.97178	7.13387e-05	0.0196622	223.697	121.48	87.5284
nuttallianum-7_9	multiplex	californicum	0.183976	4.9993	5.75395e-07	0.022725	211.348	136.963	94.3982
californicum	occidentale	multiplex	0.282209	6.94136	3.88349e-12	0.0753909	130.163	162.459	90.9462
parryi	californicum	multiplex	0.0500222	1.19628	0.231587	0.012697	255.06	117.938	106.701
multiplex	californicum	patens	0.0107374	0.247179	0.80477	0.00264412	540.166	81.8566	80.1174
californicum	ramosum-1_5	multiplex	0.284213	6.77574	1.23772e-11	0.0670817	137.02	145.704	81.2118
californicum	ramosum-3	multiplex	0.210437	4.57415	4.78166e-06	0.0492197	139.589	128.225	83.6405
californicum	ramosum-4_10	multiplex	0.258785	6.30247	2.92932e-10	0.0619835	132.056	146.745	86.4085
californicum	sapellonis	multiplex	0.242212	5.65989	1.51472e-08	0.0582789	140.551	143.008	87.2396
californicum	multiplex	scaposum	0.148518	3.94412	8.00919e-05	0.0443209	124.692	151.903	112.617
californicum	scopulorum	multiplex	0.172477	3.86167	0.000112614	0.0408944	128.765	122.621	86.5444
californicum	stachydeum	multiplex	0.0486845	1.10403	0.269578	0.0133338	133.249	125.251	113.621
californicum	multiplex	trolliifolium	0.170387	4.23896	2.24562e-05	0.0428504	239.002	146.351	103.739
multiplex	viridescens	californicum	0.0565627	1.32443	0.185361	0.00450263	524.009	76.818	68.5931
xantholeucum	multiplex	californicum	0.130392	3.32061	0.000898224	0.0149446	253.114	118.375	91.0652
novomexicanum	californicum	nudicaule	0.145359	2.94789	0.00319947	0.0296621	343.384	103.2	77.0052
californicum	novomexicanum	nuttallianum-14	0.178107	3.40326	0.000665876	0.0326969	143.122	101.608	70.8854
californicum	novomexicanum	nuttallianum-7_9	0.172575	3.5361	0.000406079	0.0459935	167.245	107.74	76.0265
occidentale	novomexicanum	californicum	0.033235	0.629717	0.52888	0.00267981	154.715	75.2391	70.3989
parryi	californicum	novomexicanum	0.071238	1.43972	0.149946	0.0214255	200.953	103.852	90.0399
novomexicanum	californicum	patens	0.115854	2.15805	0.030924	0.0220626	546.359	66.8524	52.9705
novomexicanum	ramosum-1_5	californicum	0.00683822	0.122198	0.902742	0.000339766	249.27	46.6506	46.0169
novomexicanum	ramosum-3	californicum	0.111103	1.71195	0.0869053	0.00568581	311.931	51.375	41.1007
ramosum-4_10	novomexicanum	californicum	0.063065	1.15594	0.247707	0.00387037	212.496	60.5025	53.324
novomexicanum	sapellonis	californicum	0.0846985	1.43976	0.149937	0.00360681	435.04	44.1115	37.2227
californicum	novomexicanum	scaposum	0.139688	2.82827	0.00468003	0.032564	133.525	112.24	84.7266
novomexicanum	scopulorum	californicum	0.00160505	0.0275712	0.978004	9.24426e-05	219.813	49.8359	49.6762
californicum	novomexicanum	stachydeum	0.179178	3.2961	0.000980356	0.0278267	108.651	112.141	78.0608
californicum	novomexicanum	trolliifolium	0.115701	2.32023	0.0203284	0.0211073	249.312	93.684	74.2535
californicum	novomexicanum	viridescens	0.307564	5.94659	2.73788e-09	0.0463036	103.931	130.375	69.0417
californicum	novomexicanum	xantholeucum	0.225305	4.48452	7.30776e-06	0.0431446	142.472	112.597	71.1892
nuttallianum-14	californicum	nudicaule	0.0932091	2.08195	0.0373468	0.0258319	245.325	114.7	95.1406
nuttallianum-7_9	californicum	nudicaule	0.101518	2.45641	0.0140333	0.0298533	252.127	133.804	109.141
occidentale	californicum	nudicaule	0.0776404	1.6591	0.0970949	0.0185843	330.79	112.148	95.9878
parryi	californicum	nudicaule	0.102906	2.23874	0.0251728	0.0248807	399.3	108.405	88.1753
californicum	nudicaule	patens	0.385538	10.727	2.3e-16	0.170275	354.905	192.648	85.4358
ramosum-1_5	californicum	nudicaule	0.181079	3.72065	0.000198712	0.0385242	355.766	112.563	78.0477
ramosum-3	californicum	nudicaule	0.121068	2.32459	0.0200937	0.0246101	344.608	95.9097	75.1944
ramosum-4_10	californicum	nudicaule	0.105944	2.24902	0.0245109	0.0222011	342.591	103.483	83.6569
sapellonis	californicum	nudicaule	0.115918	2.36238	0.0181579	0.0238219	339.698	101.649	80.5312
scaposum	californicum	nudicaule	0.0565758	1.31036	0.190076	0.0139783	274.29	107.675	96.1441
scopulorum	californicum	nudicaule	0.11251	2.28832	0.0221191	0.0253253	307.71	102.314	81.6198
stachydeum	californicum	nudicaule	0.0700495	1.4125	0.157803	0.0172355	307.74	106.611	92.6528
californicum	trolliifolium	nudicaule	0.0939323	2.37358	0.0176168	0.0373337	180.424	171.212	141.809
viridescens	californicum	nudicaule	0.000993083	0.0207817	0.98342	0.000249854	274.844	101.497	101.295
xantholeucum	californicum	nudicaule	0.0902155	2.00382	0.0450892	0.0256919	262.971	122.178	101.957
nuttallianum-7_9	nuttallianum-14	californicum	0.0858615	2.12249	0.0337968	0.0084199	319.418	87.7253	73.852
californicum	occidentale	nuttallianum-14	0.266654	5.50719	3.64615e-08	0.0557899	130.126	126.845	73.4384
californicum	parryi	nuttallianum-14	0.0336593	0.699759	0.484078	0.00683774	225.556	92.1285	86.1285
californicum	nuttallianum-14	patens	0.00833969	0.170582	0.864552	0.00224313	423.118	75.7778	74.5243
californicum	ramosum-1_5	nuttallianum-14	0.258036	5.1698	2.34345e-07	0.0477116	149.628	111.983	66.0451
californicum	ramosum-3	nuttallianum-14	0.203474	3.58631	0.000335394	0.0362224	143.405	97.3247	64.4149
californicum	ramosum-4_10	nuttallianum-14	0.268792	5.47631	4.34277e-08	0.0518662	135.065	118.695	68.4045
californicum	sapellonis	nuttallianum-14	0.253353	5.04033	4.64733e-07	0.0501258	134.459	118.605	70.6554
californicum	nuttallianum-14	scaposum	0.0547686	1.30173	0.193008	0.0187941	99.579	132.704	118.923
californicum	scopulorum	nuttallianum-14	0.173719	3.45137	0.000557744	0.0335604	131.482	103.61	72.9401
californicum	stachydeum	nuttallianum-14	0.00056623	0.0107682	0.991408	0.000119348	123.09	92.0347	91.9306
californicum	nuttallianum-14	trolliifolium	0.267563	6.26126	3.81882e-10	0.0755078	190.304	155.373	89.7795
nuttallianum-14	viridescens	californicum	0.207068	4.19577	2.71949e-05	0.0214238	199.172	97.5503	64.0816
nuttallianum-14	xantholeucum	californicum	0.0495173	1.09238	0.274666	0.00434995	421.72	76.6293	69.3984
californicum	occidentale	nuttallianum-7_9	0.229549	5.20922	1.8964e-07	0.0714616	157.257	132.231	82.8575
parryi	californicum	nuttallianum-7_9	0.0260513	0.588485	0.556206	0.00709017	265.399	92.1736	87.4931
californicum	nuttallianum-7_9	patens	0.0292891	0.674262	0.500144	0.00823779	452.483	85.6597	80.7847
californicum	ramosum-1_5	nuttallianum-7_9	0.203308	4.39953	1.08486e-05	0.0538945	167.919	112.629	74.5697
californicum	ramosum-3	nuttallianum-7_9	0.189583	3.80631	0.000141053	0.0534171	172.727	107.575	73.2865
californicum	ramosum-4_10	nuttallianum-7_9	0.172763	3.81953	0.000133707	0.0480715	163.838	116.075	81.8764
californicum	sapellonis	nuttallianum-7_9	0.221243	4.75033	2.0309e-06	0.0627432	167.434	121.132	77.2426
nuttallianum-7_9	californicum	scaposum	0.0301988	0.76604	0.443652	0.0107041	101.228	143.829	135.397
californicum	scopulorum	nuttallianum-7_9	0.151925	3.20847	0.00133443	0.0438364	160.288	110.462	81.3247
californicum	stachydeum	nuttallianum-7_9	0.0332665	0.684167	0.49387	0.0108634	155.002	105.044	98.2801
californicum	nuttallianum-7_9	trolliifolium	0.199905	5.09305	3.5234e-07	0.060416	193.625	162.08	108.075
nuttallianum-7_9	viridescens	californicum	0.252113	5.74868	8.99454e-09	0.0286759	181.328	118.592	70.8351
nuttallianum-7_9	xantholeucum	californicum	0.115101	2.85038	0.0043667	0.0126402	272.644	105.307	83.5673
parryi	californicum	occidentale	0.0282236	0.595932	0.551221	0.00817551	201.187	99.4271	93.9688
occidentale	californicum	patens	0.0680591	1.31908	0.187143	0.0137074	549.646	68.0035	59.3368
occidentale	ramosum-1_5	californicum	0.0922521	1.79921	0.0719858	0.00646454	179.937	70.3711	58.4839
occidentale	ramosum-3	californicum	0.0991744	1.77402	0.0760595	0.00762899	163.17	74.8889	61.375
occidentale	ramosum-4_10	californicum	0.0290266	0.582157	0.560461	0.00223517	168.103	72.2932	68.2148
occidentale	sapellonis	californicum	0.071582	1.3816	0.167096	0.00566697	175.776	77.9427	67.5295
californicum	occidentale	scaposum	0.195775	4.31408	1.60272e-05	0.0520973	127.826	134.973	90.7769
occidentale	scopulorum	californicum	0.0916394	1.73988	0.0818806	0.00708848	157.234	72.0738	59.9731
californicum	occidentale	stachydeum	0.193257	3.76628	0.000165699	0.03308	102.642	126.951	85.8299
californicum	occidentale	trolliifolium	0.119811	2.54534	0.0109172	0.0239759	247.491	104.807	82.3802
californicum	occidentale	viridescens	0.324548	6.75053	1.47308e-11	0.0531752	101.241	146.675	74.7969
californicum	occidentale	xantholeucum	0.259417	5.62067	1.90217e-08	0.056178	137.319	131.543	77.3521
parryi	californicum	patens	0.0915417	1.84542	0.0649765	0.0216321	608.698	76.8021	63.9201
parryi	californicum	ramosum-1_5	0.0357255	0.74056	0.458961	0.0126371	193.741	98.6004	91.7983
parryi	californicum	ramosum-3	0.0605231	1.20143	0.229585	0.0148247	187.351	94.184	83.434
parryi	californicum	ramosum-4_10	0.0373901	0.797028	0.425435	0.0139152	207.649	103.042	95.6142
californicum	parryi	sapellonis	0.00321299	0.0664001	0.947059	0.00109517	203.155	98.658	98.026
parryi	californicum	scaposum	0.0444168	0.98997	0.322189	0.010862	237.352	101.078	92.4803
parryi	californicum	scopulorum	0.0179277	0.364931	0.715163	0.00472186	194.514	92.8582	89.5874
parryi	californicum	stachydeum	0.0671418	1.29916	0.193888	0.0101558	209.111	91.5	79.9861
parryi	californicum	trolliifolium	0.0781594	1.68199	0.0925716	0.0148249	348.413	90.1424	77.0729
californicum	parryi	viridescens	0.0505746	1.03607	0.300171	0.00776967	205.95	99.4641	89.8877
californicum	parryi	xantholeucum	0.0138044	0.301538	0.763004	0.00291102	239.995	95.7535	93.1458
ramosum-1_5	californicum	patens	0.0933335	1.75729	0.0788692	0.0185784	563.952	70.2856	58.2856
ramosum-3	californicum	patens	0.055427	0.989476	0.322431	0.0105035	553.483	61.7535	55.2674
ramosum-4_10	californicum	patens	0.13336	2.62854	0.0085751	0.0255319	563.578	70.8354	54.1653
sapellonis	californicum	patens	0.0767631	1.48628	0.137206	0.0152297	563.955	68.2969	58.559
scaposum	californicum	patens	0.0228602	0.481096	0.630448	0.00525648	452.095	69.8351	66.7135
scopulorum	californicum	patens	0.135585	2.50393	0.0122823	0.0266876	512.547	67.4253	51.3247
stachydeum	californicum	patens	0.0256808	0.466441	0.6409	0.00589741	485.344	68.8542	65.4062
californicum	trolliifolium	patens	0.15215	3.55723	0.000374783	0.0554732	357.687	123	90.5139
californicum	viridescens	patens	0.037009	0.695559	0.486705	0.00862008	450.587	71.316	66.2257
xantholeucum	californicum	patens	0.0510502	1.05868	0.289746	0.0131006	451.01	80.2274	72.434
ramosum-1_5	ramosum-3	californicum	0.0280384	0.46418	0.642519	0.00147969	248.557	48.7917	46.1302
ramosum-4_10	ramosum-1_5	californicum	0.108962	2.11029	0.0348337	0.00582791	233.771	55.9003	44.9153
sapellonis	ramosum-1_5	californicum	0.00725021	0.133019	0.894178	0.000390863	273.571	51.2535	50.5156
californicum	ramosum-1_5	scaposum	0.236727	5.06625	4.05727e-07	0.0578408	132.398	128.026	79.0142
scopulorum	ramosum-1_5	californicum	0.148415	2.73783	0.00618452	0.00912273	208.418	62.3125	46.2066
californicum	ramosum-1_5	stachydeum	0.20609	3.97974	6.89911e-05	0.0338454	119.902	125.742	82.7697
californicum	ramosum-1_5	trolliifolium	0.124797	2.55863	0.0105086	0.0236172	262.524	99.941	77.7639
californicum	ramosum-1_5	viridescens	0.374352	7.32473	2.39383e-13	0.0559322	103.481	138.231	62.9271
californicum	ramosum-1_5	xantholeucum	0.262907	5.508	3.62938e-08	0.0488866	146.324	114.023	66.5495
ramosum-4_10	ramosum-3	californicum	0.146609	2.52492	0.0115724	0.00859237	218.84	60.0684	44.7073
sapellonis	ramosum-3	californicum	0.0195793	0.318487	0.750116	0.000972084	333.257	46.1979	44.4236
californicum	ramosum-3	scaposum	0.156751	3.13322	0.00172901	0.0388911	130.993	117.035	85.316
scopulorum	ramosum-3	californicum	0.0732315	1.19093	0.233679	0.00482345	206.432	59.0538	50.9948
californicum	ramosum-3	stachydeum	0.199986	3.66338	0.000248905	0.0330344	115.861	117.465	78.3125
californicum	ramosum-3	trolliifolium	0.131348	2.47526	0.0133141	0.024618	255.997	94.8368	72.816
californicum	ramosum-3	viridescens	0.338094	6.31244	2.74674e-10	0.0504982	101.701	129.479	64.0486
californicum	ramosum-3	xantholeucum	0.212317	4.02344	5.73537e-05	0.0419793	150.72	108.747	70.6563
ramosum-4_10	sapellonis	californicum	0.0954558	1.80653	0.0708361	0.00571859	234.44	62.0385	51.2266
californicum	ramosum-4_10	scaposum	0.196346	4.2206	2.43656e-05	0.047468	139.436	123.66	83.0698
ramosum-4_10	scopulorum	californicum	0.0464627	0.861791	0.388803	0.00289404	213.696	57.0417	51.9764
californicum	ramosum-4_10	stachydeum	0.185487	3.59302	0.00032687	0.0302838	110.671	123.02	84.5233
californicum	ramosum-4_10	trolliifolium	0.130802	2.75547	0.00586078	0.0242369	251.795	99.3622	76.3753
californicum	ramosum-4_10	viridescens	0.372915	7.51813	5.55637e-14	0.0566402	96.1009	140.121	64.0009
californicum	ramosum-4_10	xantholeucum	0.243139	5.11068	3.21007e-07	0.047716	144.051	120.116	73.1306
californicum	sapellonis	scaposum	0.197548	4.09464	4.22825e-05	0.0473054	137.078	124.314	83.3003
scopulorum	sapellonis	californicum	0.0401516	0.728314	0.466421	0.00237448	243.107	54.4197	50.2183
californicum	sapellonis	stachydeum	0.249038	4.90341	9.41883e-07	0.0412969	105.307	129.061	77.5955
californicum	sapellonis	trolliifolium	0.137109	2.84666	0.00441809	0.0255723	255.503	99.4063	75.434
californicum	sapellonis	viridescens	0.328265	6.4962	8.23723e-11	0.0493502	105.184	134.667	68.1042
californicum	sapellonis	xantholeucum	0.259404	5.41774	6.03577e-08	0.0521973	147.201	123.634	72.7031
californicum	scopulorum	scaposum	0.19478	4.05348	5.04607e-05	0.0464939	136.322	113.287	76.3498
stachydeum	californicum	scaposum	0.0357318	0.721647	0.470512	0.00909131	131.559	102.76	95.6701
californicum	scaposum	trolliifolium	0.101388	2.31515	0.0206048	0.0236689	212.095	115.477	94.217
californicum	viridescens	scaposum	0.225131	5.03341	4.81823e-07	0.066389	104.44	143.208	90.5758
californicum	xantholeucum	scaposum	0.0557465	1.31683	0.187896	0.0188456	107.988	141.15	126.244
californicum	scopulorum	stachydeum	0.203369	3.70122	0.000214569	0.0334639	99.6719	115.96	76.7656
californicum	scopulorum	trolliifolium	0.113076	2.36291	0.018132	0.0228717	246.087	100.965	80.4514
californicum	scopulorum	viridescens	0.334839	6.37077	1.88077e-10	0.0509199	96.2604	124.17	61.875
californicum	scopulorum	xantholeucum	0.229154	4.82207	1.42073e-06	0.0482911	143.439	119.22	74.7674
californicum	stachydeum	trolliifolium	0.136758	2.71865	0.00655484	0.030158	231.689	110.425	83.8553
californicum	stachydeum	viridescens	0.122019	2.31211	0.0207716	0.0211741	101.94	122.287	95.6898
californicum	stachydeum	xantholeucum	0.0370089	0.715487	0.474308	0.00780336	139.192	97.9745	90.9815
californicum	viridescens	trolliifolium	0.215088	4.40974	1.03493e-05	0.0495911	210.772	123.244	79.6123
californicum	xantholeucum	trolliifolium	0.293891	7.08149	1.42611e-12	0.0852267	198.722	172.027	93.8796
xantholeucum	viridescens	californicum	0.242844	5.04704	4.48712e-07	0.0255694	214.216	107.586	65.5428
cardinale	carolinianum	distichum-1_5	0.123528	2.57433	0.0100433	0.031249	125.528	118.406	92.3695
cardinale	carolinianum	distichum-2_6	0.164749	3.37453	0.000739425	0.044341	169.253	114.149	81.8571
carolinianum	exaltatum	cardinale	0.062885	1.02886	0.303546	0.00684821	128.152	76.8808	67.7836
carolinianum	geraniifolium	cardinale	0.0823694	1.48821	0.136695	0.00905959	123.512	84.3976	71.5521
geyeri	carolinianum	cardinale	0.021564	0.418055	0.675907	0.00221605	141.969	77.599	74.3229
glaucescens	carolinianum	cardinale	0.0446356	0.848807	0.395989	0.00546969	129.648	92.8426	84.9086
carolinianum	glaucum-1_2	cardinale	0.0868686	1.48549	0.137414	0.0098517	118.595	86.2891	72.4957
carolinianum	glaucum-3_4	cardinale	0.013391	0.247123	0.804813	0.00142989	124.851	79.75	77.6424
gypsophilum	cardinale	carolinianum	0.213413	4.91807	8.74024e-07	0.0283019	272.745	140.683	91.1968
hesperium	cardinale	carolinianum	0.00796277	0.15942	0.873338	0.00100557	185.385	101.531	99.9271
carolinianum	cardinale	lineapetalum	6.52997e-05	0.00131685	0.998949	1.42276e-05	149.75	106.354	106.34
cardinale	carolinianum	multiplex	0.097305	2.07181	0.0382828	0.028132	127.968	115.255	94.8144
carolinianum	novomexicanum	cardinale	0.0839031	1.52193	0.128027	0.00917442	119.44	86.2804	72.9227
carolinianum	cardinale	nudicaule	0.058101	1.13475	0.256479	0.0141302	307.622	92.1319	82.0139
cardinale	carolinianum	nuttallianum-14	0.103294	1.94296	0.052021	0.0232002	143.531	96.5382	78.4618
cardinale	carolinianum	nuttallianum-7_9	0.0440234	0.887631	0.374739	0.0147539	174.83	92.761	84.9381
occidentale	carolinianum	cardinale	0.00734472	0.139235	0.889264	0.000892054	127.323	88.1013	86.8166
parryi	cardinale	carolinianum	0.0189609	0.391299	0.695576	0.00213838	296.814	91.6192	88.2095
carolinianum	cardinale	patens	0.0300752	0.527505	0.597843	0.00639545	505.243	59.9375	56.4375
carolinianum	ramosum-1_5	cardinale	0.107935	2.01454	0.0439526	0.0109159	125.938	81.3793	65.5234
carolinianum	ramosum-3	cardinale	0.121434	2.0438	0.0409737	0.0125105	115.97	82.2483	64.4358
carolinianum	ramosum-4_10	cardinale	0.0719628	1.32965	0.183633	0.0070684	127.054	77.4389	67.0417
carolinianum	sapellonis	cardinale	0.1107	2.02312	0.0430605	0.0113726	126.657	84.7092	67.8238
cardinale	carolinianum	scaposum	0.0792532	1.5898	0.11188	0.0229158	143.03	105.278	89.816
carolinianum	scopulorum	cardinale	0.108062	2.04856	0.0405052	0.0120916	131.205	89.0278	71.6632
cardinale	carolinianum	stachydeum	0.0402777	0.713147	0.475755	0.00740172	104.389	94.7014	87.3681
cardinale	carolinianum	trolliifolium	0.137762	2.68125	0.00733474	0.0301243	251.15	100.053	75.8241
cardinale	carolinianum	viridescens	0.0308028	0.578993	0.562594	0.00597141	103.146	103.299	97.125
cardinale	carolinianum	xantholeucum	0.0792492	1.59631	0.110421	0.0195273	145.732	109.137	93.1088
distichum-2_6	distichum-1_5	cardinale	0.288374	7.26605	3.70146e-13	0.0374745	247.123	160.48	88.6401
cardinale	exaltatum	distichum-1_5	0.254883	4.85772	1.18745e-06	0.0528393	106.665	114.646	68.0737
cardinale	geraniifolium	distichum-1_5	0.229451	4.81073	1.5038e-06	0.0454913	120.173	120.887	75.7653
cardinale	geyeri	distichum-1_5	0.233566	5.259	1.4484e-07	0.0547018	124.982	148.334	92.1622
cardinale	glaucescens	distichum-1_5	0.165892	3.72023	0.000199038	0.0386984	120.685	139.474	99.7832
cardinale	glaucum-1_2	distichum-1_5	0.19345	3.99249	6.53835e-05	0.0407108	130.544	123.931	83.7541
cardinale	glaucum-3_4	distichum-1_5	0.21436	4.79772	1.60484e-06	0.0423135	126.078	127.061	82.2032
gypsophilum	cardinale	distichum-1_5	0.256465	6.38962	1.66299e-10	0.0541852	370.409	144.03	85.2323
hesperium	cardinale	distichum-1_5	0.024055	0.537027	0.591249	0.00504767	246.952	105.601	100.64
lineapetalum	distichum-1_5	cardinale	0.111586	2.78785	0.00530585	0.0144459	252.762	133.636	106.806
multiplex	distichum-1_5	cardinale	0.0679	1.84944	0.0643939	0.00614976	560.55	94.4672	82.4542
cardinale	novomexicanum	distichum-1_5	0.215416	4.51815	6.23828e-06	0.0420531	127.745	121.155	78.2087
distichum-1_5	cardinale	nudicaule	0.0293066	0.678929	0.497183	0.00728886	330.392	112.403	106.002
nuttallianum-14	distichum-1_5	cardinale	0.123013	2.81217	0.00492091	0.0147021	226.781	110.781	86.5112
nuttallianum-7_9	distichum-1_5	cardinale	0.24849	6.58777	4.46467e-11	0.0330376	206.784	143.333	86.2772
cardinale	occidentale	distichum-1_5	0.202552	4.5167	6.28104e-06	0.0441075	122.859	134.209	88.9981
parryi	cardinale	distichum-1_5	0.0798731	1.80382	0.0712602	0.0156683	379.929	102.695	87.503
cardinale	distichum-1_5	patens	0.0944447	1.9901	0.0465795	0.0202954	563.081	76.6833	63.4486
cardinale	ramosum-1_5	distichum-1_5	0.276525	6.12054	9.32563e-10	0.0542564	124.471	127.906	72.491
cardinale	ramosum-3	distichum-1_5	0.191759	3.73562	0.000187255	0.038353	121.079	115.912	78.6102
cardinale	ramosum-4_10	distichum-1_5	0.248384	5.37247	7.76652e-08	0.0506003	125.453	131.659	79.268
cardinale	sapellonis	distichum-1_5	0.19675	4.22285	2.41227e-05	0.0409174	126.123	128.967	86.5614
cardinale	distichum-1_5	scaposum	0.212509	5.92345	3.15256e-09	0.0728884	128.636	169.691	110.21
cardinale	scopulorum	distichum-1_5	0.166464	3.44263	0.000576079	0.0333319	119.622	107.327	76.6943
stachydeum	cardinale	distichum-1_5	0.0216701	0.437977	0.661403	0.00514407	110.074	114.167	109.324
cardinale	distichum-1_5	trolliifolium	0.13353	3.17514	0.00149764	0.0324632	252.291	127.862	97.7374
distichum-1_5	viridescens	cardinale	0.0436042	0.952821	0.340681	0.00388791	507.661	80.701	73.9573
xantholeucum	distichum-1_5	cardinale	0.0683531	1.66008	0.0968976	0.00857166	237.102	114.638	99.9693
cardinale	exaltatum	distichum-2_6	0.225893	4.26021	2.04234e-05	0.0454752	155.939	94.8385	59.8872
cardinale	geraniifolium	distichum-2_6	0.145695	3.09199	0.00198822	0.031157	187.911	108.241	80.7118
cardinale	geyeri	distichum-2_6	0.288186	6.7092	1.95693e-11	0.0661003	174.398	135.128	74.6675
cardinale	glaucescens	distichum-2_6	0.235818	5.44475	5.18796e-08	0.0565654	176.796	133.138	82.3274
cardinale	glaucum-1_2	distichum-2_6	0.195539	4.0498	5.12613e-05	0.041234	181.201	107.373	72.25
cardinale	glaucum-3_4	distichum-2_6	0.198789	4.33292	1.47148e-05	0.0421068	190.243	119.028	79.5525
gypsophilum	cardinale	distichum-2_6	0.221047	5.68806	1.28493e-08	0.0532101	412.333	139.805	89.1872
hesperium	cardinale	distichum-2_6	0.0524603	1.16177	0.245329	0.0111417	297.74	97.8721	88.1152
distichum-2_6	lineapetalum	cardinale	0.125541	3.08939	0.0020057	0.0167607	263.556	139.837	108.643
distichum-2_6	multiplex	cardinale	0.254851	6.7253	1.75235e-11	0.0317964	236.346	152.724	90.6896
cardinale	novomexicanum	distichum-2_6	0.161936	3.38279	0.000717543	0.0344696	191.17	111.696	80.5625
cardinale	distichum-2_6	nudicaule	0.0184337	0.44184	0.658605	0.00517702	273.238	125.46	120.918
distichum-2_6	nuttallianum-14	cardinale	0.130648	3.01367	0.00258109	0.0144464	270.522	103.699	79.7341
nuttallianum-7_9	distichum-2_6	cardinale	0.0289749	0.770448	0.441034	0.00334378	340.027	102.808	97.0178
cardinale	occidentale	distichum-2_6	0.284794	6.57233	4.95349e-11	0.0678739	186.49	139.913	77.8856
parryi	cardinale	distichum-2_6	0.00593643	0.135739	0.892028	0.00126706	429.511	92.0804	90.9936
cardinale	distichum-2_6	patens	0.125189	2.86216	0.00420759	0.0311743	485.016	89.9184	69.9097
cardinale	ramosum-1_5	distichum-2_6	0.210596	4.68867	2.74983e-06	0.0448978	188	117.399	76.5534
cardinale	ramosum-3	distichum-2_6	0.251446	5.04289	4.58559e-07	0.0523945	185.348	112.536	67.3134
cardinale	ramosum-4_10	distichum-2_6	0.24253	5.42073	5.93556e-08	0.0501679	190.556	117.465	71.6091
cardinale	sapellonis	distichum-2_6	0.192782	4.1889	2.80316e-05	0.0420595	195.394	119.281	80.7235
distichum-2_6	cardinale	scaposum	0.0365156	0.921848	0.356608	0.0127954	110.177	150.453	139.853
cardinale	scopulorum	distichum-2_6	0.181544	3.83412	0.000126013	0.038751	176.118	105.359	72.9822
cardinale	stachydeum	distichum-2_6	0.0485602	1.02309	0.306263	0.0123274	155.583	109.052	98.9514
cardinale	distichum-2_6	trolliifolium	0.27834	6.97451	3.06949e-12	0.0792485	202.477	170.314	96.147
distichum-2_6	viridescens	cardinale	0.333656	7.73103	1.06677e-14	0.042486	190.617	148.913	74.4022
distichum-2_6	xantholeucum	cardinale	0.157146	3.7557	0.000172858	0.0208293	248.949	131.808	96.0077
exaltatum	geraniifolium	cardinale	0.0626634	0.991133	0.321621	0.00521568	124.434	65.9931	58.2101
geyeri	exaltatum	cardinale	0.0569677	0.952061	0.341066	0.00417117	145.759	58.8021	52.4635
glaucescens	exaltatum	cardinale	0.0766676	1.28523	0.198711	0.00637314	116.417	67.7297	58.0839
exaltatum	glaucum-1_2	cardinale	0.0767761	1.07215	0.283651	0.00526583	152.793	54.3099	46.5651
exaltatum	glaucum-3_4	cardinale	0.0346365	0.551314	0.581418	0.0020388	162.578	47.1406	43.9844
gypsophilum	cardinale	exaltatum	0.292298	6.47423	9.52981e-11	0.0572924	264.306	118.097	64.6736
hesperium	cardinale	exaltatum	0.0561401	1.01871	0.308339	0.0102246	173.304	83.4155	74.5475
cardinale	exaltatum	lineapetalum	0.144937	2.65707	0.0078823	0.0256886	131.191	102.941	76.8785
cardinale	exaltatum	multiplex	0.262466	5.2715	1.35314e-07	0.0613296	116.355	114.075	66.6427
exaltatum	novomexicanum	cardinale	0.0228433	0.356591	0.721398	0.00180309	117.741	60.1684	57.4809
exaltatum	cardinale	nudicaule	0.00320809	0.0566703	0.954808	0.000630568	291.226	71.6632	71.2049
cardinale	exaltatum	nuttallianum-14	0.222232	3.92612	8.63279e-05	0.0437611	125.722	98.3472	62.5833
cardinale	exaltatum	nuttallianum-7_9	0.170396	3.14673	0.00165107	0.0442301	152.047	85.7037	60.7488
occidentale	exaltatum	cardinale	0.0623153	1.04058	0.29807	0.00488633	124.115	62.6256	55.2784
parryi	cardinale	exaltatum	0.137785	2.61489	0.00892562	0.0225409	290.514	81.8889	62.0556
cardinale	exaltatum	patens	0.0258485	0.408616	0.682822	0.00426136	488.486	47.5417	45.1458
exaltatum	ramosum-1_5	cardinale	0.11919	1.9314	0.053433	0.00870957	123.208	61.9722	48.7726
exaltatum	ramosum-3	cardinale	0.108231	1.55439	0.12009	0.00794377	120.976	59.2326	47.6632
exaltatum	ramosum-4_10	cardinale	0.0782392	1.27571	0.202058	0.00565488	132.748	60.0444	51.3306
exaltatum	sapellonis	cardinale	0.0487943	0.752241	0.451906	0.00374772	126.832	61.3108	55.6059
cardinale	exaltatum	scaposum	0.140245	2.61451	0.00893568	0.0348314	127.45	98.7361	74.4479
exaltatum	scopulorum	cardinale	0.106843	1.74591	0.0808268	0.00913691	121.67	70.5382	56.9201
cardinale	exaltatum	stachydeum	0.185837	3.10522	0.00190137	0.0270518	94.9688	89.7778	61.6389
cardinale	exaltatum	trolliifolium	0.187209	3.46576	0.000528736	0.0332161	244.535	88.5625	60.6319
cardinale	exaltatum	viridescens	0.228319	4.03222	5.5252e-05	0.0349788	91.4097	100.965	63.4306
cardinale	exaltatum	xantholeucum	0.172928	3.27047	0.00107367	0.037232	132.656	107.994	76.1505
geyeri	geraniifolium	cardinale	0.0696875	1.32736	0.184388	0.0056506	144.722	76.3225	66.378
glaucescens	geraniifolium	cardinale	0.090174	1.71484	0.0863741	0.00782568	145.771	81.8886	68.3417
geraniifolium	glaucum-1_2	cardinale	0.0464281	0.795388	0.426388	0.00405451	129.821	76.342	69.5677
geraniifolium	glaucum-3_4	cardinale	0.0279378	0.526054	0.598851	0.0021743	134.705	71.7031	67.8056
gypsophilum	cardinale	geraniifolium	0.302857	7.32696	2.35439e-13	0.0716726	307.349	140.073	74.9514
hesperium	cardinale	geraniifolium	0.071511	1.44548	0.148323	0.0162702	192.571	98.8779	85.68
cardinale	geraniifolium	lineapetalum	0.095316	1.9412	0.0522339	0.017194	162.905	114.485	94.5599
cardinale	geraniifolium	multiplex	0.158829	3.51674	0.000436876	0.0354992	131.246	113.156	82.1373
geraniifolium	novomexicanum	cardinale	0.0220233	0.383624	0.701257	0.00142166	208.429	57.4844	55.0069
geraniifolium	cardinale	nudicaule	0.0525542	1.03452	0.300895	0.0100955	341.567	86.388	77.7613
cardinale	geraniifolium	nuttallianum-14	0.12161	2.23495	0.0254205	0.0212741	142.753	87.5625	68.5747
cardinale	geraniifolium	nuttallianum-7_9	0.120354	2.39611	0.0165702	0.0309213	177.538	94.3485	74.0777
occidentale	geraniifolium	cardinale	0.0485623	0.930167	0.352285	0.0039424	141.256	74.3915	67.5009
parryi	cardinale	geraniifolium	0.0764388	1.57493	0.115272	0.0155781	325.321	89.555	76.8362
geraniifolium	cardinale	patens	0.024142	0.425763	0.67028	0.00391258	599.378	52.401	49.9306
geraniifolium	ramosum-1_5	cardinale	0.0973682	1.77623	0.0756942	0.00596088	193.657	58.6897	48.2747
geraniifolium	ramosum-3	cardinale	0.0362074	0.580037	0.561889	0.00219271	188.483	52.4427	48.7778
geraniifolium	ramosum-4_10	cardinale	0.0683664	1.21264	0.225267	0.00400526	198.566	55.4571	48.3595
geraniifolium	sapellonis	cardinale	0.0445741	0.779835	0.435488	0.00266995	208.986	55.1892	50.4792
cardinale	geraniifolium	scaposum	0.167529	3.43559	0.000591276	0.0417101	144.713	115.02	82.0117
geraniifolium	scopulorum	cardinale	0.0788184	1.38385	0.166404	0.00321893	518.413	37.3433	31.8867
cardinale	geraniifolium	stachydeum	0.185941	3.4455	0.000569999	0.0278784	106.292	105.764	72.599
cardinale	geraniifolium	trolliifolium	0.128241	2.48612	0.0129144	0.0211863	273.969	84.8854	65.5885
cardinale	geraniifolium	viridescens	0.204463	3.96836	7.23691e-05	0.0304656	103.12	110.377	72.9028
cardinale	geraniifolium	xantholeucum	0.113527	2.26296	0.023638	0.0226709	156.206	101.831	81.0668
glaucescens	geyeri	cardinale	0.0272109	0.543868	0.586532	0.00214116	214.195	72.4524	68.6139
geyeri	glaucum-1_2	cardinale	0.137064	2.53473	0.0112533	0.0111817	133.091	79.61	60.4172
geyeri	glaucum-3_4	cardinale	0.132199	2.61389	0.00895176	0.00957676	158.152	75.451	57.8312
gypsophilum	cardinale	geyeri	0.32304	7.84197	4.43525e-15	0.0862888	317.166	145.386	74.3898
hesperium	cardinale	geyeri	0.0270727	0.561178	0.574676	0.0068044	221.21	97.0833	91.9653
cardinale	geyeri	lineapetalum	0.114098	2.50071	0.0123945	0.021594	153.409	124.454	98.9627
cardinale	geyeri	multiplex	0.232514	5.54369	2.96165e-08	0.061838	126.154	147.913	92.1056
geyeri	novomexicanum	cardinale	0.133279	2.49929	0.0124444	0.010851	152.678	82.4692	63.0716
geyeri	cardinale	nudicaule	0.0496033	1.05462	0.291599	0.010101	343.273	94.5035	85.5712
cardinale	geyeri	nuttallianum-14	0.297091	6.08319	1.17812e-09	0.0606101	127.382	119.795	64.9184
cardinale	geyeri	nuttallianum-7_9	0.228924	5.14059	2.73872e-07	0.0665471	162.733	115.115	72.2277
geyeri	occidentale	cardinale	0.0536629	1.04762	0.294815	0.00423409	199.312	74.125	66.5747
parryi	cardinale	geyeri	0.0668641	1.3949	0.163047	0.0157655	338.996	90.8866	79.4942
geyeri	cardinale	patens	0.0348687	0.6656	0.505667	0.00605185	568.45	58.276	54.349
geyeri	ramosum-1_5	cardinale	0.150504	2.97157	0.00296286	0.0107291	164.781	73.9219	54.5816
geyeri	ramosum-3	cardinale	0.177766	3.16888	0.00153026	0.0128994	168.08	73.7934	51.5174
geyeri	ramosum-4_10	cardinale	0.202683	4.02493	5.69913e-05	0.0144075	163.906	78.1047	51.7793
geyeri	sapellonis	cardinale	0.121848	2.34393	0.0190817	0.00944981	161.153	78.9223	61.7782
cardinale	geyeri	scaposum	0.184706	4.02764	5.63391e-05	0.0470313	142.782	119.511	82.2457
geyeri	scopulorum	cardinale	0.146434	2.83008	0.00465367	0.0116681	148.427	77.9844	58.0625
cardinale	geyeri	stachydeum	0.157338	3.01393	0.00257887	0.0241472	111.342	104.405	76.0174
cardinale	geyeri	trolliifolium	0.158535	3.34363	0.000826907	0.0293423	266.337	101.021	73.3733
cardinale	geyeri	viridescens	0.180459	3.80772	0.000140251	0.0310921	99.0903	129.017	89.5712
cardinale	geyeri	xantholeucum	0.24721	5.42562	5.77522e-08	0.0534063	142.598	130.013	78.4731
glaucescens	glaucum-1_2	cardinale	0.136827	2.47846	0.0131952	0.0121531	131.979	85.7033	65.0731
glaucescens	glaucum-3_4	cardinale	0.117469	2.28831	0.0221195	0.00942832	191.889	81.9494	64.7202
gypsophilum	cardinale	glaucescens	0.310519	7.66401	1.80212e-14	0.0910668	323.167	145.414	76.5041
hesperium	cardinale	glaucescens	0.0885091	1.80737	0.0707043	0.0245568	214.754	101.098	84.6568
cardinale	glaucescens	lineapetalum	0.13881	3.09507	0.0019677	0.0254716	156.035	124.4	94.0735
cardinale	glaucescens	multiplex	0.186395	4.48377	7.33346e-06	0.0492486	128.592	142.736	97.8851
glaucescens	novomexicanum	cardinale	0.0833695	1.56369	0.117891	0.00713504	151.52	80.9919	68.5266
glaucescens	cardinale	nudicaule	0.0435955	0.936883	0.348819	0.00907904	340.843	94.215	86.3435
cardinale	glaucescens	nuttallianum-14	0.165804	3.3475	0.000815448	0.0332551	139.815	108.044	77.3113
cardinale	glaucescens	nuttallianum-7_9	0.228808	5.12806	2.92741e-07	0.0653008	169.187	116.668	73.2202
glaucescens	occidentale	cardinale	0.127271	2.50145	0.0123685	0.00810347	403.056	64.9376	50.2745
parryi	cardinale	glaucescens	0.073326	1.5087	0.131376	0.0186533	345.769	89.8594	77.5816
cardinale	glaucescens	patens	0.0167611	0.323577	0.746259	0.00311086	589.86	60.662	58.662
glaucescens	ramosum-1_5	cardinale	0.186836	3.68252	0.000230939	0.0144406	155.81	81.1625	55.6087
glaucescens	ramosum-3	cardinale	0.099804	1.76851	0.0769764	0.00836703	144.947	78.2662	64.0613
glaucescens	ramosum-4_10	cardinale	0.147618	2.87932	0.00398538	0.0119557	153.443	83.2707	61.8484
glaucescens	sapellonis	cardinale	0.136703	2.54659	0.0108782	0.0116048	146.465	86.356	65.5852
cardinale	glaucescens	scaposum	0.100103	2.18417	0.0289499	0.0260076	140.362	114.228	93.4398
glaucescens	scopulorum	cardinale	0.15394	2.97549	0.00292523	0.0139024	130.467	86.9203	63.7293
cardinale	glaucescens	stachydeum	0.143089	2.78662	0.00532611	0.0230401	110.133	109.872	82.3652
cardinale	glaucescens	trolliifolium	0.0965847	2.00231	0.0452509	0.0178711	269.462	94.6528	77.9792
cardinale	glaucescens	viridescens	0.170621	3.52017	0.000431274	0.0292098	101.551	126.475	89.6065
cardinale	glaucescens	xantholeucum	0.12811	2.75443	0.00587948	0.0272569	139.943	113.649	87.837
glaucum-3_4	glaucum-1_2	cardinale	0.0729932	1.26841	0.204653	0.00538217	199.469	69.0972	59.6962
gypsophilum	cardinale	glaucum-1_2	0.318427	7.45446	9.02357e-14	0.0810185	299.36	145.289	75.1085
hesperium	cardinale	glaucum-1_2	0.0540799	1.06661	0.286148	0.0135841	181.018	101.516	91.0998
cardinale	glaucum-1_2	lineapetalum	0.139195	2.73189	0.00629728	0.0245796	153.249	111.36	84.1467
cardinale	glaucum-1_2	multiplex	0.199701	4.32725	1.5098e-05	0.0486646	137.34	125.058	83.4242
novomexicanum	glaucum-1_2	cardinale	0.0105485	0.179751	0.857348	0.000867047	127.243	69.7713	68.3147
glaucum-1_2	cardinale	nudicaule	0.0200646	0.38549	0.699874	0.00393657	338.248	83.0104	79.7448
cardinale	glaucum-1_2	nuttallianum-14	0.194304	3.43792	0.000586197	0.0342422	139.435	90.9661	61.3672
cardinale	glaucum-1_2	nuttallianum-7_9	0.159109	3.11926	0.00181306	0.041763	174.038	93.6615	67.9479
occidentale	glaucum-1_2	cardinale	0.110049	2.02101	0.0432786	0.00968005	128.389	82.6474	66.2603
parryi	cardinale	glaucum-1_2	0.108246	2.148	0.0317142	0.0238342	319.507	94.2416	75.8319
cardinale	glaucum-1_2	patens	0.0541455	0.947694	0.343285	0.00915059	541.806	55.4488	49.7526
glaucum-1_2	ramosum-1_5	cardinale	0.0370603	0.662545	0.507622	0.00310563	127.285	73.6984	68.431
glaucum-1_2	ramosum-3	cardinale	0.0602261	0.951864	0.341166	0.00462215	125.152	66.428	58.8811
ramosum-4_10	glaucum-1_2	cardinale	0.00479193	0.084028	0.933034	0.000366628	126.621	65.7811	65.1536
sapellonis	glaucum-1_2	cardinale	0.0155964	0.269077	0.787871	0.00132454	133.819	73.6528	71.3906
cardinale	glaucum-1_2	scaposum	0.187197	3.68513	0.000228586	0.042227	141.488	102.292	70.033
glaucum-1_2	scopulorum	cardinale	0.0119966	0.209509	0.834051	0.00107528	123.537	72.714	70.99
cardinale	glaucum-1_2	stachydeum	0.212855	3.80186	0.000143616	0.0319256	104.095	104.459	67.7943
cardinale	glaucum-1_2	trolliifolium	0.182026	3.47747	0.000506174	0.0320739	267.303	92.1918	63.7977
cardinale	glaucum-1_2	viridescens	0.22179	4.17764	2.94553e-05	0.0343437	107.796	115.459	73.5408
cardinale	glaucum-1_2	xantholeucum	0.122524	2.33435	0.0195776	0.0248256	147.699	100.126	78.2682
gypsophilum	cardinale	glaucum-3_4	0.317067	7.82401	5.11668e-15	0.111704	319.124	142.697	73.9919
hesperium	cardinale	glaucum-3_4	0.0261897	0.535032	0.592627	0.00899144	200.278	97.0729	92.1181
cardinale	glaucum-3_4	lineapetalum	0.0942953	2.04849	0.0405118	0.016478	163.536	115.526	95.6163
cardinale	glaucum-3_4	multiplex	0.161656	3.84437	0.000120865	0.0379448	138.353	125.235	90.3799
novomexicanum	glaucum-3_4	cardinale	0.0560532	1.03261	0.301787	0.0039835	137.989	67.6415	60.4609
glaucum-3_4	cardinale	nudicaule	0.0531592	1.09962	0.271496	0.010105	353.698	89.7361	80.6771
cardinale	glaucum-3_4	nuttallianum-14	0.151033	2.89391	0.00380472	0.0259696	142.405	92.895	68.5165
cardinale	glaucum-3_4	nuttallianum-7_9	0.147575	3.13357	0.00172691	0.0381606	179.478	100.072	74.3338
occidentale	glaucum-3_4	cardinale	0.0519817	0.998215	0.318175	0.00375081	221.996	69.1801	62.3433
parryi	cardinale	glaucum-3_4	0.0629214	1.31628	0.188079	0.0194302	334.812	89.274	78.7046
glaucum-3_4	cardinale	patens	0.00842943	0.160063	0.872831	0.00142806	601.977	55.8698	54.9358
glaucum-3_4	ramosum-1_5	cardinale	0.0400899	0.773787	0.439057	0.00286756	141.823	67.3147	62.1254
glaucum-3_4	ramosum-3	cardinale	0.0733087	1.2836	0.199282	0.00514361	136.328	65.5538	56.599
glaucum-3_4	ramosum-4_10	cardinale	0.0477623	0.894978	0.370799	0.00317657	139.795	64.1352	58.288
sapellonis	glaucum-3_4	cardinale	0.016313	0.299734	0.76438	0.00115006	146.026	65.5456	63.4414
cardinale	glaucum-3_4	scaposum	0.150774	3.23151	0.00123138	0.0354766	149.865	111.591	82.3498
glaucum-3_4	scopulorum	cardinale	0.0191112	0.363357	0.716338	0.00150387	127.299	68.6007	66.0278
cardinale	glaucum-3_4	stachydeum	0.19728	3.71528	0.000202981	0.0285009	113.054	107.197	71.8704
cardinale	glaucum-3_4	trolliifolium	0.102735	2.09781	0.0359219	0.0172311	272.725	86.8394	70.6589
cardinale	glaucum-3_4	viridescens	0.208421	4.32753	1.5079e-05	0.0310243	105.372	115.799	75.8542
cardinale	glaucum-3_4	xantholeucum	0.106536	2.21555	0.0267221	0.021036	155.482	104.352	84.2578
gypsophilum	cardinale	hesperium	0.163006	4.22252	2.41591e-05	0.0325782	242.288	181.267	130.455
gypsophilum	cardinale	lineapetalum	0.24142	6.10761	1.01132e-09	0.0492941	379.465	154.354	94.3194
gypsophilum	cardinale	multiplex	0.292014	7.77195	7.72863e-15	0.0735674	385.342	157.117	86.0954
gypsophilum	cardinale	novomexicanum	0.371617	9.02504	2.3e-16	0.108854	306.31	147.695	67.6641
gypsophilum	cardinale	nudicaule	0.161031	3.89035	0.000100098	0.0378984	548.115	127.101	91.8438
gypsophilum	cardinale	nuttallianum-14	0.254892	6.04186	1.52348e-09	0.0539566	339.536	124.807	74.1059
gypsophilum	cardinale	nuttallianum-7_9	0.254529	6.1426	8.11839e-10	0.0758715	388.274	130.109	77.3139
gypsophilum	cardinale	occidentale	0.306762	7.72412	1.12627e-14	0.0888034	319.337	139.399	73.9514
gypsophilum	parryi	cardinale	0.206015	5.98432	2.173e-09	0.0518488	250.209	221.091	145.556
gypsophilum	cardinale	patens	0.0727467	1.71687	0.0860021	0.0160452	813.708	76.7014	66.2986
gypsophilum	cardinale	ramosum-1_5	0.343326	8.47978	2.3e-16	0.117342	305.339	141.944	69.388
gypsophilum	cardinale	ramosum-3	0.335075	8.01984	1.05883e-15	0.0900429	294.524	144.601	72.0174
gypsophilum	cardinale	ramosum-4_10	0.33184	8.13521	4.11238e-16	0.116352	305.175	141.727	71.1017
gypsophilum	cardinale	sapellonis	0.332424	8.09237	5.85144e-16	0.113097	306.753	144.219	72.2569
gypsophilum	cardinale	scaposum	0.206412	5.17105	2.32783e-07	0.0533771	358.992	129.953	85.4838
gypsophilum	cardinale	scopulorum	0.308059	7.44441	9.738e-14	0.0840707	297.255	135.943	71.9115
gypsophilum	cardinale	stachydeum	0.276638	6.35791	2.04517e-10	0.0450576	308.716	127.869	72.4525
gypsophilum	cardinale	trolliifolium	0.214151	5.02438	5.05052e-07	0.0431385	477.927	116.483	75.3924
gypsophilum	cardinale	viridescens	0.253842	5.91649	3.28892e-09	0.0414698	327.713	132.782	79.0185
gypsophilum	cardinale	xantholeucum	0.240138	5.75231	8.80343e-09	0.0529006	353.172	134.442	82.3756
hesperium	cardinale	lineapetalum	0.0686419	1.46313	0.143431	0.0122895	264.465	107.951	94.0833
hesperium	cardinale	multiplex	0.0650965	1.49907	0.133855	0.0162935	265.286	112.964	99.1557
hesperium	cardinale	novomexicanum	0.0830857	1.65798	0.0973207	0.023614	196.755	99.3524	84.1094
cardinale	hesperium	nudicaule	0.00519781	0.110274	0.912192	0.00127904	395.833	96.6944	95.6944
hesperium	cardinale	nuttallianum-14	0.0449248	0.913542	0.360958	0.00828914	247.389	83.75	76.5486
hesperium	cardinale	nuttallianum-7_9	0.0711189	1.50193	0.133115	0.0192004	281.4	91.5162	79.3634
hesperium	cardinale	occidentale	0.0848847	1.73876	0.0820765	0.0234603	205.547	100.027	84.3738
cardinale	parryi	hesperium	0.0174575	0.418981	0.67523	0.00329456	266.373	138.824	134.06
cardinale	hesperium	patens	0.0670531	1.28552	0.19861	0.0131016	632.99	60.7257	53.0938
hesperium	cardinale	ramosum-1_5	0.0833528	1.70017	0.0890995	0.0283149	191.28	96.7118	81.8299
hesperium	cardinale	ramosum-3	0.100812	1.95729	0.0503137	0.0253919	180.837	102.142	83.434
hesperium	cardinale	ramosum-4_10	0.0395806	0.797927	0.424913	0.0142935	193.621	96.3138	88.9797
hesperium	cardinale	sapellonis	0.034413	0.694676	0.487259	0.0112332	199.882	95.8125	89.4375
cardinale	hesperium	scaposum	0.00491787	0.105662	0.915851	0.00113442	251.326	86.206	85.3623
hesperium	cardinale	scopulorum	0.103546	2.07551	0.0379388	0.0270151	188.201	101.08	82.1111
hesperium	cardinale	stachydeum	0.041657	0.788052	0.430666	0.00620016	206.468	88.1273	81.0787
hesperium	cardinale	trolliifolium	0.0670687	1.36987	0.170729	0.0123138	364.003	85.4062	74.6701
hesperium	cardinale	viridescens	0.0331335	0.659697	0.509449	0.00507954	204.009	93.7593	87.7454
hesperium	cardinale	xantholeucum	0.140635	2.93811	0.00330224	0.027423	262.931	101.227	76.2656
lineapetalum	multiplex	cardinale	0.0477916	1.24646	0.212595	0.00614838	287.648	127.128	115.531
cardinale	novomexicanum	lineapetalum	0.0908868	1.87918	0.0602193	0.0160031	159.171	112.025	93.3585
cardinale	lineapetalum	nudicaule	0.0311016	0.716568	0.47364	0.00847636	298.406	118.337	111.198
nuttallianum-14	lineapetalum	cardinale	0.0654243	1.5064	0.131964	0.00701233	353.819	92.1111	80.7986
nuttallianum-7_9	lineapetalum	cardinale	0.183558	4.73686	2.17057e-06	0.0231766	283.699	127.239	87.772
cardinale	occidentale	lineapetalum	0.136219	2.99515	0.00274312	0.0245131	155.815	120.874	91.8915
parryi	cardinale	lineapetalum	0.0441438	0.957048	0.338543	0.00788026	392.465	102.826	94.1314
cardinale	lineapetalum	patens	0.0750505	1.59024	0.111781	0.0182797	549.257	83.1111	71.5069
cardinale	ramosum-1_5	lineapetalum	0.125291	2.66534	0.00769108	0.0210828	158.22	111.099	86.3589
cardinale	ramosum-3	lineapetalum	0.137871	2.67168	0.00754715	0.0237817	154.208	111.389	84.3958
cardinale	ramosum-4_10	lineapetalum	0.124349	2.60658	0.00914503	0.0205092	162.681	111.023	86.4656
cardinale	sapellonis	lineapetalum	0.0906079	1.89455	0.0581525	0.0159909	165.968	114.013	95.0686
cardinale	lineapetalum	scaposum	0.0559661	1.35991	0.173858	0.0185278	125.4	137.808	123.201
cardinale	scopulorum	lineapetalum	0.0688689	1.40876	0.158908	0.0123733	156.895	104.628	91.145
cardinale	stachydeum	lineapetalum	0.00024368	0.00492909	0.996067	5.09931e-05	141.208	114.021	113.965
cardinale	lineapetalum	trolliifolium	0.249962	5.99434	2.04317e-09	0.06855	246.998	157.832	94.7066
lineapetalum	viridescens	cardinale	0.157309	3.46166	0.000536852	0.0200958	216.188	127.111	92.5556
lineapetalum	xantholeucum	cardinale	0.0193234	0.466901	0.640571	0.00209646	484.818	93.092	89.5625
cardinale	novomexicanum	multiplex	0.19345	4.28796	1.80324e-05	0.044214	137.156	119.387	80.6832
multiplex	cardinale	nudicaule	0.0243996	0.605738	0.544689	0.00583878	323.304	109.232	104.028
nuttallianum-14	multiplex	cardinale	0.139751	3.39602	0.000683741	0.0166116	202.551	114.123	86.1369
nuttallianum-7_9	multiplex	cardinale	0.237203	6.54714	5.86492e-11	0.0308845	202.621	143.327	88.3683
cardinale	occidentale	multiplex	0.206631	5.0487	4.44817e-07	0.0533216	133.351	136.881	90.0005
parryi	cardinale	multiplex	0.1078	2.53475	0.0112527	0.0239738	396.491	104.879	84.4673
cardinale	multiplex	patens	0.0785077	1.76763	0.0771231	0.0170008	573.642	77.3829	66.1171
cardinale	ramosum-1_5	multiplex	0.253133	5.9321	2.9908e-09	0.0571162	135.386	127.142	75.7766
cardinale	ramosum-3	multiplex	0.213181	4.51162	6.43358e-06	0.048035	131.402	117.736	76.3588
cardinale	ramosum-4_10	multiplex	0.242495	5.60851	2.04073e-08	0.055729	136.066	131.433	80.1299
cardinale	sapellonis	multiplex	0.178828	4.10154	4.10401e-05	0.0404927	140.845	121.656	84.7456
cardinale	multiplex	scaposum	0.127118	3.44208	0.00057725	0.0384716	130.37	144.491	111.899
cardinale	scopulorum	multiplex	0.175277	3.84648	0.000119826	0.0385432	134.1	106.591	74.7975
cardinale	stachydeum	multiplex	0.0246256	0.537218	0.591117	0.0066187	117.509	112.629	107.215
cardinale	multiplex	trolliifolium	0.165829	4.14156	3.44949e-05	0.0399176	250.186	134.215	96.0332
multiplex	viridescens	cardinale	0.14459	3.45377	0.000552817	0.012445	482.857	86.6169	64.7332
xantholeucum	multiplex	cardinale	0.0813569	2.08999	0.0366183	0.01024	236.355	119.992	101.936
novomexicanum	cardinale	nudicaule	0.084404	1.67502	0.0939299	0.0163091	345.016	90.849	76.7066
cardinale	novomexicanum	nuttallianum-14	0.139838	2.60777	0.00911334	0.0248384	144.149	91.191	68.816
cardinale	novomexicanum	nuttallianum-7_9	0.129583	2.62268	0.00872422	0.0340591	185.772	97.2496	74.9371
occidentale	novomexicanum	cardinale	0.0388619	0.727249	0.467073	0.00318931	141.544	74.1168	68.5716
parryi	cardinale	novomexicanum	0.124233	2.49804	0.0124884	0.0332509	320.453	95.9456	74.7407
cardinale	novomexicanum	patens	0.0168153	0.296486	0.766859	0.00282878	575.033	53.8559	52.0747
novomexicanum	ramosum-1_5	cardinale	0.107455	1.94141	0.0522091	0.00582597	239.445	53.3828	43.0234
novomexicanum	ramosum-3	cardinale	0.0770607	1.17376	0.24049	0.00369955	299.816	43.8958	37.6146
novomexicanum	ramosum-4_10	cardinale	0.0537059	0.953585	0.340294	0.00291819	200.477	50.603	45.4447
novomexicanum	sapellonis	cardinale	0.121942	2.08953	0.0366603	0.00499648	399.773	41.7543	32.678
cardinale	novomexicanum	scaposum	0.133716	2.68163	0.00732645	0.0319334	143.922	107.137	81.8646
novomexicanum	scopulorum	cardinale	0.0946452	1.65302	0.0983267	0.0058365	195.993	56.3229	46.5833
cardinale	novomexicanum	stachydeum	0.228249	4.06124	4.88121e-05	0.0328608	98.612	103.588	65.0877
cardinale	novomexicanum	trolliifolium	0.166065	3.3059	0.000946725	0.0289593	274.734	93.7205	67.026
cardinale	novomexicanum	viridescens	0.152944	3.01556	0.00256507	0.0234369	102.075	109.45	80.4115
cardinale	novomexicanum	xantholeucum	0.115993	2.31136	0.0208132	0.0219453	151.782	97.7318	77.4158
nuttallianum-14	cardinale	nudicaule	0.0854887	1.86247	0.0625367	0.0226778	248.189	107.179	90.2969
nuttallianum-7_9	cardinale	nudicaule	0.0170721	0.415124	0.678051	0.00482556	251.686	114.858	111.002
occidentale	cardinale	nudicaule	0.0164362	0.349476	0.726732	0.00340743	343.339	91.2587	88.3073
cardinale	parryi	nudicaule	0.0556419	1.18361	0.236569	0.0120502	559.013	94.7286	84.7425
cardinale	nudicaule	patens	0.435828	12.089	2.3e-16	0.189498	354.214	198.498	77.9948
ramosum-1_5	cardinale	nudicaule	0.0620126	1.2605	0.207488	0.0118217	355.248	87.3681	77.1649
ramosum-3	cardinale	nudicaule	0.0500128	0.937179	0.348666	0.00970652	352.354	85.3646	77.2326
ramosum-4_10	cardinale	nudicaule	0.0497076	1.03787	0.299329	0.00947547	350.152	87.0809	78.8337
sapellonis	cardinale	nudicaule	0.0735232	1.49368	0.135258	0.014519	351.845	92.7274	80.026
scaposum	cardinale	nudicaule	0.0341999	0.778204	0.436449	0.00821625	272.905	100.563	93.9123
scopulorum	cardinale	nudicaule	0.0206948	0.413151	0.679496	0.00411094	327.728	80.0616	76.8151
stachydeum	cardinale	nudicaule	0.0226798	0.433306	0.664793	0.00520771	284.872	91.75	87.6806
cardinale	trolliifolium	nudicaule	0.12134	3.0702	0.00213914	0.0478756	172.299	170.066	133.26
cardinale	viridescens	nudicaule	0.00465615	0.0949413	0.924361	0.00109702	295.344	94.3993	93.5243
xantholeucum	cardinale	nudicaule	0.0618908	1.3887	0.164925	0.0169074	279.169	112.164	99.0894
nuttallianum-7_9	nuttallianum-14	cardinale	0.182582	4.598	4.26566e-06	0.0178004	309.473	93.6014	64.6986
cardinale	occidentale	nuttallianum-14	0.218029	4.38284	1.17139e-05	0.0409667	141.383	104.942	67.3724
parryi	cardinale	nuttallianum-14	0.0906285	1.88652	0.0592246	0.0156848	345.164	82.3999	68.7054
cardinale	nuttallianum-14	patens	0.0525636	1.04976	0.29383	0.0126738	434.212	70.7118	63.6493
cardinale	ramosum-1_5	nuttallianum-14	0.210626	4.19106	2.77659e-05	0.0366608	140.808	94.5686	61.6623
cardinale	ramosum-3	nuttallianum-14	0.173558	3.08559	0.00203148	0.0302737	145.845	88.4427	62.283
cardinale	ramosum-4_10	nuttallianum-14	0.214298	4.34768	1.37584e-05	0.0381247	140.701	99.2625	64.2271
cardinale	sapellonis	nuttallianum-14	0.183841	3.56609	0.000362347	0.0331466	143.661	96.296	66.388
cardinale	nuttallianum-14	scaposum	0.0443855	1.06401	0.287325	0.0153355	101.129	124.308	113.742
cardinale	scopulorum	nuttallianum-14	0.154119	2.99054	0.00278486	0.027515	146.212	89.2118	65.3854
stachydeum	cardinale	nuttallianum-14	0.00945533	0.170156	0.864888	0.00198818	120.524	88.2257	86.5729
cardinale	nuttallianum-14	trolliifolium	0.299782	7.24755	4.24392e-13	0.0804573	199.16	148.951	80.2431
nuttallianum-14	viridescens	cardinale	0.207294	4.33204	1.47733e-05	0.0231084	184.755	101.214	66.4566
nuttallianum-14	xantholeucum	cardinale	0.103484	2.37023	0.0177771	0.00974819	405.655	84.2795	68.4722
cardinale	occidentale	nuttallianum-7_9	0.194789	4.37143	1.23434e-05	0.0561964	170.588	112.527	75.8359
parryi	cardinale	nuttallianum-7_9	0.0806075	1.77644	0.0756609	0.020476	404.969	86.8351	73.8802
cardinale	nuttallianum-7_9	patens	0.0676554	1.52628	0.126939	0.0177611	463.417	83.2326	72.684
cardinale	ramosum-1_5	nuttallianum-7_9	0.194423	4.19922	2.67834e-05	0.0503868	176.147	102.961	69.4418
cardinale	ramosum-3	nuttallianum-7_9	0.211129	4.11889	3.80696e-05	0.0572932	179.45	102.25	66.6007
cardinale	ramosum-4_10	nuttallianum-7_9	0.18933	4.01082	6.05074e-05	0.0508111	181.884	107.012	72.9414
cardinale	sapellonis	nuttallianum-7_9	0.148359	3.08747	0.00201868	0.0409929	184.378	105.093	77.9388
nuttallianum-7_9	cardinale	scaposum	0.0395848	1.05774	0.290174	0.014814	106.706	147.588	136.349
cardinale	scopulorum	nuttallianum-7_9	0.136452	2.81555	0.00486935	0.035471	172.928	91.7665	69.73
cardinale	stachydeum	nuttallianum-7_9	0.0422722	0.856482	0.391731	0.0136569	153.344	98.0683	90.1134
cardinale	nuttallianum-7_9	trolliifolium	0.222081	5.77381	7.74985e-09	0.0652526	196.902	157.596	100.318
nuttallianum-7_9	viridescens	cardinale	0.331724	7.95749	1.75565e-15	0.04194	165.957	133.285	66.8843
nuttallianum-7_9	xantholeucum	cardinale	0.181375	4.63372	3.59153e-06	0.0222517	258.232	120.403	83.4321
parryi	cardinale	occidentale	0.0836147	1.75488	0.07928	0.0222384	334.445	94.4523	79.8759
cardinale	occidentale	patens	0.0145881	0.272056	0.785579	0.00250263	598.333	55.6632	54.0625
occidentale	ramosum-1_5	cardinale	0.11628	2.22956	0.0257769	0.00895084	154.8	76.2743	60.3837
occidentale	ramosum-3	cardinale	0.0529565	0.935656	0.34945	0.00412303	141.102	69.592	62.592
occidentale	ramosum-4_10	cardinale	0.0798546	1.55431	0.120112	0.00607888	151.879	73.4595	62.595
occidentale	sapellonis	cardinale	0.0690202	1.27055	0.203888	0.00557374	150.112	76.6089	66.7166
cardinale	occidentale	scaposum	0.170467	3.76832	0.000164347	0.0457052	143.307	123.771	87.7187
occidentale	scopulorum	cardinale	0.0923652	1.77662	0.0756308	0.00787279	133.859	77.9405	64.76
cardinale	occidentale	stachydeum	0.19411	3.78137	0.000155971	0.0295924	108.911	109.033	73.5851
cardinale	occidentale	trolliifolium	0.106183	2.20508	0.0274483	0.0194782	273.556	93.434	75.4965
cardinale	occidentale	viridescens	0.212837	4.4932	7.01617e-06	0.0345918	104.582	124.693	80.9288
cardinale	occidentale	xantholeucum	0.133893	2.90075	0.00372269	0.0294288	142.758	114.157	87.1973
cardinale	parryi	patens	0.00792883	0.155806	0.876186	0.00163438	828.407	62.6782	61.6921
parryi	cardinale	ramosum-1_5	0.0902706	1.86852	0.0616902	0.0274689	321.623	87.2286	72.7841
parryi	cardinale	ramosum-3	0.159014	3.10338	0.00191322	0.0368313	306.491	97.3102	70.6088
parryi	cardinale	ramosum-4_10	0.0753826	1.57578	0.115075	0.0228813	331.185	86.9957	74.7992
parryi	cardinale	sapellonis	0.0589528	1.20424	0.228496	0.0174768	329.412	89.0964	79.1762
parryi	cardinale	scaposum	0.0650286	1.43502	0.151283	0.0149963	376.322	94.1157	82.6227
parryi	cardinale	scopulorum	0.109663	2.23341	0.0255222	0.0253683	311.441	87.7497	70.406
parryi	cardinale	stachydeum	0.0338827	0.639591	0.522438	0.00462538	332.837	78.191	73.066
parryi	cardinale	trolliifolium	0.0812911	1.66869	0.0951785	0.0145754	492.167	85.0278	72.2431
parryi	cardinale	viridescens	0.145381	2.97498	0.00293012	0.0222355	336.046	103.706	77.3796
parryi	cardinale	xantholeucum	0.145324	3.21768	0.00129233	0.0278054	365.02	97.5981	72.8307
cardinale	ramosum-1_5	patens	0.0285862	0.525805	0.599023	0.0046414	584.223	53.5981	50.6189
cardinale	ramosum-3	patens	0.0279488	0.471604	0.63721	0.00459906	570.937	52.7431	49.875
ramosum-4_10	cardinale	patens	0.0312424	0.594021	0.552498	0.00511807	599.09	54.6118	51.3028
cardinale	sapellonis	patens	0.00865836	0.160279	0.872662	0.00146386	587.267	54.7083	53.7691
cardinale	scaposum	patens	0.0623681	1.30199	0.192919	0.0136431	485.552	69.9097	61.7014
scopulorum	cardinale	patens	0.10237	1.83753	0.0661324	0.0166196	549.135	54.1042	44.0556
cardinale	stachydeum	patens	0.046586	0.805604	0.420471	0.00967977	511.847	64.1597	58.4479
cardinale	trolliifolium	patens	0.200864	4.69504	2.66554e-06	0.0691136	341.521	121.604	80.9236
cardinale	viridescens	patens	0.0965868	1.78535	0.074204	0.0199038	492.958	68.1597	56.1528
cardinale	xantholeucum	patens	0.00705935	0.147831	0.882476	0.00166291	485.286	70.2135	69.2292
ramosum-3	ramosum-1_5	cardinale	0.0151613	0.255344	0.798458	0.000791871	240.276	45.1615	43.8125
ramosum-4_10	ramosum-1_5	cardinale	0.0549903	1.04376	0.296596	0.00289234	206.742	49.4847	44.326
sapellonis	ramosum-1_5	cardinale	0.0191376	0.352401	0.724537	0.00104214	239.933	49.6936	47.8273
cardinale	ramosum-1_5	scaposum	0.223955	4.86046	1.17112e-06	0.0534652	146.936	117.354	74.4083
scopulorum	ramosum-1_5	cardinale	0.00342832	0.0633839	0.949461	0.000219333	182.775	54.1168	53.747
cardinale	ramosum-1_5	stachydeum	0.26316	4.97887	6.39577e-07	0.0369862	112.108	107.149	62.5035
cardinale	ramosum-1_5	trolliifolium	0.19861	4.08099	4.48434e-05	0.0337305	279.233	94.0347	62.8715
cardinale	ramosum-1_5	viridescens	0.261007	5.21815	1.8072e-07	0.0376762	104.858	114.236	66.9462
cardinale	ramosum-1_5	xantholeucum	0.194681	4.09288	4.26054e-05	0.0364367	149.056	104.85	70.678
ramosum-4_10	ramosum-3	cardinale	0.065167	1.09429	0.273829	0.00324742	199.404	45.2785	39.7382
sapellonis	ramosum-3	cardinale	0.00529949	0.0842038	0.932894	0.000239347	303.396	39.191	38.7778
cardinale	ramosum-3	scaposum	0.193733	3.71567	0.000202665	0.0457559	148.873	108.462	73.2569
ramosum-3	scopulorum	cardinale	0.0249905	0.413684	0.679106	0.0015636	186.47	51.6962	49.1753
cardinale	ramosum-3	stachydeum	0.267251	4.66296	3.11692e-06	0.0387234	103.333	105.472	60.9861
cardinale	ramosum-3	trolliifolium	0.184561	3.41691	0.000633367	0.0322881	279.674	92.7083	63.8194
cardinale	ramosum-3	viridescens	0.269085	4.88464	1.03619e-06	0.0402691	97.9097	116.139	66.8889
cardinale	ramosum-3	xantholeucum	0.166433	3.17316	0.00150788	0.0320745	147.182	99.4931	71.1007
ramosum-4_10	sapellonis	cardinale	0.00468229	0.0853426	0.931989	0.000245847	204.823	47.6824	47.2379
cardinale	ramosum-4_10	scaposum	0.172188	3.66025	0.000251968	0.040181	148.531	109.261	77.1615
ramosum-4_10	scopulorum	cardinale	0.0120765	0.219985	0.825883	0.000723812	184.084	51.7382	50.5035
cardinale	ramosum-4_10	stachydeum	0.234543	4.39136	1.12645e-05	0.0316503	106.709	101.272	62.7917
cardinale	ramosum-4_10	trolliifolium	0.131023	2.711	0.00670814	0.0222781	280.565	89.3348	68.6369
cardinale	ramosum-4_10	viridescens	0.265151	5.33783	9.40679e-08	0.040582	102.872	122.339	71.0593
cardinale	ramosum-4_10	xantholeucum	0.166164	3.48645	0.000489475	0.0322618	152.962	108.605	77.655
cardinale	sapellonis	scaposum	0.168819	3.54805	0.00038809	0.0400207	149.141	112.903	80.2888
sapellonis	scopulorum	cardinale	0.0496187	0.907554	0.364114	0.0029719	207.564	53.2882	48.25
cardinale	sapellonis	stachydeum	0.273885	5.07939	3.78649e-07	0.0397836	107.073	111.184	63.375
cardinale	sapellonis	trolliifolium	0.132071	2.68927	0.00716083	0.0230879	280.608	91.625	70.2465
cardinale	sapellonis	viridescens	0.171427	3.42294	0.00061947	0.0262678	105.559	114.934	81.2951
cardinale	sapellonis	xantholeucum	0.160447	3.29846	0.00097218	0.0315653	151.524	108.137	78.2344
cardinale	scopulorum	scaposum	0.158739	3.27564	0.00105424	0.0375776	148.957	103.874	75.4141
stachydeum	cardinale	scaposum	0.0478153	0.939377	0.347537	0.0130572	127.703	106.792	97.0451
cardinale	scaposum	trolliifolium	0.110349	2.5375	0.0111647	0.0265182	226.929	116.283	93.1701
cardinale	viridescens	scaposum	0.200697	4.63666	3.54092e-06	0.0598534	114.041	133.789	89.0631
cardinale	xantholeucum	scaposum	0.0464078	1.12391	0.261051	0.0154425	116.572	132.079	120.363
cardinale	scopulorum	stachydeum	0.194563	3.47337	0.000513964	0.0277607	103.757	95.5174	64.4028
cardinale	scopulorum	trolliifolium	0.182944	3.67763	0.000235409	0.0309922	273.356	88.5503	61.1615
cardinale	scopulorum	viridescens	0.179321	3.41718	0.000632739	0.0274183	104.845	104.22	72.526
cardinale	scopulorum	xantholeucum	0.167661	3.46748	0.000525363	0.033151	148.014	103.342	73.6649
cardinale	stachydeum	trolliifolium	0.124944	2.35706	0.0184202	0.0251043	232.316	95.2257	74.0729
stachydeum	cardinale	viridescens	0.0244941	0.458283	0.646749	0.00431029	89.0278	105.292	100.257
stachydeum	cardinale	xantholeucum	0.0380095	0.724613	0.468689	0.00831218	131.995	99.5174	92.2292
cardinale	viridescens	trolliifolium	0.234189	4.84264	1.28122e-06	0.0507661	241.029	115.008	71.3623
cardinale	xantholeucum	trolliifolium	0.251813	6.13913	8.29728e-10	0.071385	222.906	156.701	93.6574
xantholeucum	viridescens	cardinale	0.140309	3.01153	0.00259932	0.0176132	200.337	112.263	84.636
distichum-2_6	distichum-1_5	carolinianum	0.175541	4.33172	1.47946e-05	0.0211968	210.074	139.835	98.0721
carolinianum	exaltatum	distichum-1_5	0.0407696	0.735503	0.462033	0.00672355	142.261	72.8171	67.1123
carolinianum	geraniifolium	distichum-1_5	0.0913808	1.88207	0.0598271	0.0173406	140.102	91.6227	76.2797
carolinianum	geyeri	distichum-1_5	0.0993976	2.16898	0.0300838	0.0197347	160.905	102.028	83.5793
carolinianum	glaucescens	distichum-1_5	0.0968688	2.08881	0.0367249	0.0202802	145.16	106.509	87.6967
carolinianum	glaucum-1_2	distichum-1_5	0.0820924	1.60223	0.109104	0.0154506	138.512	87.4274	74.1622
carolinianum	glaucum-3_4	distichum-1_5	0.103177	2.21034	0.0270819	0.0186778	148.159	92.6648	75.3315
gypsophilum	carolinianum	distichum-1_5	0.301905	7.70985	1.25967e-14	0.0901948	134.049	188.621	101.141
hesperium	carolinianum	distichum-1_5	0.0935817	2.05303	0.0400694	0.0244616	129.25	119.537	99.0782
lineapetalum	distichum-1_5	carolinianum	0.158717	3.75839	0.000171008	0.0177018	217.822	125.475	91.1009
multiplex	distichum-1_5	carolinianum	0.0247364	0.659931	0.509298	0.00197563	488.214	81.8432	77.892
carolinianum	novomexicanum	distichum-1_5	0.0603209	1.25288	0.21025	0.0115513	139.335	91.72	81.2842
carolinianum	distichum-1_5	nudicaule	0.0405156	0.884306	0.376531	0.00926277	321.491	93.828	86.521
nuttallianum-14	distichum-1_5	carolinianum	0.189817	4.42901	9.46661e-06	0.021505	191.267	123.691	84.225
nuttallianum-7_9	distichum-1_5	carolinianum	0.280084	7.2665	3.68908e-13	0.0343908	187.391	151.287	85.0834
carolinianum	occidentale	distichum-1_5	0.0821891	1.78585	0.074123	0.0172293	150.374	104.989	89.0418
parryi	carolinianum	distichum-1_5	0.126317	2.90751	0.00364315	0.0340848	128.581	130.857	101.506
carolinianum	distichum-1_5	patens	0.0974527	1.99362	0.0461934	0.0200771	534.772	69.4179	57.0894
carolinianum	ramosum-1_5	distichum-1_5	0.113117	2.37834	0.0173906	0.0190521	142.28	86.618	69.0135
carolinianum	ramosum-3	distichum-1_5	0.10317	1.9237	0.0543925	0.0182495	140.634	86.5484	70.3602
carolinianum	ramosum-4_10	distichum-1_5	0.0765394	1.62783	0.103562	0.0133129	152.867	89.3099	76.6105
carolinianum	sapellonis	distichum-1_5	0.101216	2.10639	0.0351709	0.018358	150.696	93.0021	75.9059
carolinianum	distichum-1_5	scaposum	0.134311	3.48806	0.000486537	0.0417528	125.21	134.651	102.764
carolinianum	scopulorum	distichum-1_5	0.116456	2.43849	0.0147487	0.0207521	150.404	90.0573	71.2698
stachydeum	carolinianum	distichum-1_5	0.0804481	1.67546	0.0938446	0.0203142	111.836	117.147	99.7023
carolinianum	distichum-1_5	trolliifolium	0.0299612	0.690588	0.489824	0.00721898	259.755	109.312	102.953
distichum-1_5	viridescens	carolinianum	0.0842752	1.75452	0.0793415	0.00662039	455.898	79.3977	67.0554
xantholeucum	distichum-1_5	carolinianum	0.161889	3.94996	7.81639e-05	0.0182527	204.772	121.757	87.8277
carolinianum	exaltatum	distichum-2_6	0.0377957	0.718854	0.472231	0.00687885	197.991	72.7448	67.4462
carolinianum	geraniifolium	distichum-2_6	0.0140784	0.279104	0.780165	0.00276965	196.464	78.9714	76.7786
carolinianum	geyeri	distichum-2_6	0.128413	2.83164	0.00463104	0.0277574	209.743	104.358	80.6061
carolinianum	glaucescens	distichum-2_6	0.118214	2.53608	0.0112103	0.0257179	200.849	102.737	81.0152
carolinianum	glaucum-1_2	distichum-2_6	0.0724655	1.36536	0.172141	0.0142048	186.189	78.6233	67.9983
carolinianum	glaucum-3_4	distichum-2_6	0.0553561	1.16566	0.24375	0.0104413	197.54	83.4583	74.7031
gypsophilum	carolinianum	distichum-2_6	0.315854	8.16282	3.27321e-16	0.102636	184.367	189.38	98.4638
hesperium	carolinianum	distichum-2_6	0.174921	3.79969	0.00014488	0.0453674	174.09	124.67	87.5486
distichum-2_6	lineapetalum	carolinianum	0.0614773	1.45984	0.144335	0.00761419	231.706	127.098	112.376
distichum-2_6	multiplex	carolinianum	0.185158	4.63135	3.63283e-06	0.0223041	194.996	145.897	100.31
novomexicanum	carolinianum	distichum-2_6	0.0224575	0.450365	0.652447	0.00450664	197.083	83.9826	80.2934
carolinianum	distichum-2_6	nudicaule	0.0306137	0.717383	0.473138	0.00761759	288.252	100.703	94.7205
distichum-2_6	nuttallianum-14	carolinianum	0.00826117	0.190633	0.848813	0.000937416	249.753	105.309	103.583
nuttallianum-7_9	distichum-2_6	carolinianum	0.125326	3.25278	0.00114281	0.0139262	305.751	121.016	94.0616
carolinianum	occidentale	distichum-2_6	0.121657	2.68654	0.00721958	0.0281956	193.6	107.397	84.0998
parryi	carolinianum	distichum-2_6	0.181887	4.05661	4.97901e-05	0.05081	174.454	130.985	90.669
carolinianum	distichum-2_6	patens	0.145865	3.20833	0.0013351	0.0378106	464.719	88.8194	66.2066
carolinianum	ramosum-1_5	distichum-2_6	0.0635086	1.33132	0.183083	0.0116981	197.124	82.6102	72.7439
carolinianum	ramosum-3	distichum-2_6	0.0581837	1.08919	0.276069	0.0117224	193.396	83.7674	74.5556
carolinianum	ramosum-4_10	distichum-2_6	0.0350737	0.746209	0.455541	0.00648509	209.032	81.474	75.9524
carolinianum	sapellonis	distichum-2_6	0.0156337	0.318459	0.750137	0.00290634	209.322	80.4162	77.9405
distichum-2_6	carolinianum	scaposum	0.11984	2.98035	0.00287915	0.0394468	118.84	145.796	114.591
carolinianum	scopulorum	distichum-2_6	0.0481853	0.966688	0.3337	0.00865218	205.411	76.7405	69.6849
stachydeum	carolinianum	distichum-2_6	0.0119856	0.242364	0.808498	0.00302025	143.865	100.705	98.3194
carolinianum	distichum-2_6	trolliifolium	0.155105	3.72293	0.000196927	0.0432673	210.973	141.601	103.573
distichum-2_6	viridescens	carolinianum	0.302307	6.71621	1.8651e-11	0.0344169	172.083	138.847	74.3854
distichum-2_6	xantholeucum	carolinianum	0.068545	1.65661	0.097599	0.00876924	228.49	128.243	111.79
carolinianum	geraniifolium	exaltatum	0.0102029	0.180746	0.856567	0.00203745	72.7483	83.9705	82.2743
carolinianum	exaltatum	geyeri	0.0787954	1.5355	0.124662	0.0255925	80.7778	97.6441	83.3802
carolinianum	exaltatum	glaucescens	0.0860288	1.57487	0.115287	0.0254405	95.441	86.6806	72.9479
glaucum-1_2	exaltatum	carolinianum	0.12089	1.89496	0.0580979	0.00980566	122.601	74.1198	58.1319
glaucum-3_4	exaltatum	carolinianum	0.0912694	1.64767	0.0994207	0.00684708	136.12	72.2584	60.1716
exaltatum	carolinianum	gypsophilum	0.0252835	0.474383	0.635227	0.00298261	192.067	83.0741	78.9769
exaltatum	carolinianum	hesperium	0.113016	1.92716	0.05396	0.0119276	145.808	81.4196	64.8848
carolinianum	exaltatum	lineapetalum	0.099266	1.71727	0.0859305	0.0137134	168.417	75.4028	61.7847
carolinianum	exaltatum	multiplex	0.0649536	1.25292	0.210235	0.0117733	146.047	73.6943	64.7048
novomexicanum	carolinianum	exaltatum	0.00372195	0.0657763	0.947556	0.000725927	70.5509	81.9329	81.3252
carolinianum	exaltatum	nudicaule	0.0710734	1.18211	0.237164	0.0112591	350.365	61.3264	53.1875
carolinianum	exaltatum	nuttallianum-14	0.0695625	1.23384	0.217261	0.0117122	164.771	70.7917	61.5833
carolinianum	exaltatum	nuttallianum-7_9	0.0675661	1.23037	0.218558	0.0149436	208.658	66.0816	57.717
carolinianum	exaltatum	occidentale	0.11111	2.01054	0.0443737	0.0347142	90.9525	90.6782	72.5428
exaltatum	carolinianum	parryi	0.0940738	1.70352	0.0884707	0.00887495	143.101	79.5521	65.8715
carolinianum	exaltatum	patens	0.0567882	0.857673	0.391073	0.00797458	515.392	41.6771	37.1979
carolinianum	ramosum-1_5	exaltatum	0.0556051	1.02701	0.304416	0.0106439	69.9566	85.2135	76.2361
carolinianum	ramosum-3	exaltatum	0.10609	1.8124	0.069924	0.0215349	73.3993	91.8785	74.2535
carolinianum	ramosum-4_10	exaltatum	0.0401646	0.766368	0.443458	0.00804438	71.8733	88.933	82.0649
carolinianum	sapellonis	exaltatum	0.0614512	1.12326	0.261329	0.0123517	76.4722	90.9236	80.3958
carolinianum	exaltatum	scaposum	0.0325867	0.578131	0.563176	0.00607179	157.29	67.2257	62.9826
carolinianum	scopulorum	exaltatum	0.0226003	0.431823	0.66587	0.0045069	80.9583	85.1528	81.3889
carolinianum	exaltatum	stachydeum	0.131692	2.1295	0.0332128	0.0164644	127.339	72.0301	55.2662
carolinianum	exaltatum	trolliifolium	0.0980463	1.73462	0.0828085	0.0141895	285.362	67.0012	55.0359
carolinianum	exaltatum	viridescens	0.140699	2.36677	0.017944	0.0163668	115.605	70.8831	53.397
carolinianum	exaltatum	xantholeucum	0.0165358	0.312154	0.754924	0.00293512	170.602	76.4167	73.9306
carolinianum	geraniifolium	geyeri	0.0440742	0.898262	0.369046	0.0146966	85.1089	100.144	91.6888
carolinianum	geraniifolium	glaucescens	0.0857773	1.67235	0.0944555	0.0281408	95.6076	103.352	87.0226
carolinianum	geraniifolium	glaucum-1_2	0.120262	2.15114	0.0314652	0.0286509	76.6059	92.8281	72.8976
carolinianum	geraniifolium	glaucum-3_4	0.115001	2.24913	0.0245042	0.0435473	81.4566	102.948	81.7118
geraniifolium	carolinianum	gypsophilum	0.00236786	0.0478569	0.96183	0.000290645	194.943	88.5596	88.1412
geraniifolium	carolinianum	hesperium	0.00783437	0.145431	0.884371	0.000885041	141.247	80.9601	79.7014
carolinianum	geraniifolium	lineapetalum	0.0713858	1.37206	0.170046	0.0112675	178.165	88.6302	76.8194
carolinianum	geraniifolium	multiplex	0.0862205	1.80924	0.0704131	0.0172753	147.718	87.8195	73.8778
novomexicanum	geraniifolium	carolinianum	0.0227657	0.388186	0.697878	0.0014552	153.101	59.0039	56.3772
carolinianum	geraniifolium	nudicaule	0.0733819	1.34948	0.177181	0.0130174	362.788	72.7431	62.7969
geraniifolium	carolinianum	nuttallianum-14	0.0134802	0.246804	0.80506	0.00219148	185.21	69.6354	67.783
carolinianum	geraniifolium	nuttallianum-7_9	0.00888412	0.169879	0.865105	0.00223296	209.601	74.3268	73.0178
carolinianum	geraniifolium	occidentale	0.106784	2.11554	0.0343837	0.0355697	89.5165	104.223	84.112
carolinianum	geraniifolium	parryi	0.00032521	0.00634075	0.994941	3.35854e-05	136.141	82.7726	82.7187
geraniifolium	carolinianum	patens	0.0261693	0.435316	0.663333	0.00429195	553.177	50.0712	47.5174
geraniifolium	ramosum-1_5	carolinianum	0.070658	1.28465	0.198916	0.00448238	142.504	61.4657	53.3529
geraniifolium	ramosum-3	carolinianum	0.0244718	0.396062	0.692059	0.0016293	139.436	60.1424	57.2691
ramosum-4_10	geraniifolium	carolinianum	0.0219051	0.413622	0.679151	0.00152912	148.048	65.8385	63.016
geraniifolium	sapellonis	carolinianum	0.0282155	0.504157	0.614151	0.00185711	160.332	62.2227	58.8077
carolinianum	geraniifolium	scaposum	0.0868243	1.71062	0.0871509	0.0170168	161.173	79.4297	66.7387
geraniifolium	scopulorum	carolinianum	0.0518408	0.941499	0.346449	0.00241683	450.194	44.5425	40.1519
carolinianum	geraniifolium	stachydeum	0.168847	2.98591	0.00282734	0.0243318	130.924	90.6597	64.467
geraniifolium	carolinianum	trolliifolium	0.0592817	1.11207	0.266106	0.00964801	302.208	75.5538	67.0972
carolinianum	geraniifolium	viridescens	0.16715	3.03936	0.00237085	0.0228645	117.045	90.5382	64.6059
carolinianum	geraniifolium	xantholeucum	0.0432895	0.859383	0.390129	0.00790381	175.481	83.9326	76.9673
glaucescens	geyeri	carolinianum	0.0941315	2.00378	0.0450938	0.00905751	157.572	99.556	82.4258
carolinianum	glaucum-1_2	geyeri	0.0243696	0.4754	0.634502	0.00787722	81.0417	94.7604	90.2517
carolinianum	glaucum-3_4	geyeri	0.152662	3.40413	0.000663754	0.0512206	80.4987	119.889	88.1324
geyeri	carolinianum	gypsophilum	0.0942127	2.03187	0.0421667	0.0114531	229.488	98.9129	81.8799
geyeri	carolinianum	hesperium	0.105995	2.16445	0.0304296	0.0116739	165.217	92.125	74.467
carolinianum	geyeri	lineapetalum	0.142399	2.95332	0.00314375	0.0221091	194.67	96.3889	72.3594
carolinianum	geyeri	multiplex	0.110144	2.45081	0.0142537	0.0233131	163.194	98.0938	78.6289
carolinianum	novomexicanum	geyeri	0.0424402	0.887041	0.375057	0.0142947	82.898	105.606	97.0074
carolinianum	geyeri	nudicaule	0.0724649	1.42981	0.152772	0.0124309	389.993	74.7569	64.6545
carolinianum	geyeri	nuttallianum-14	0.131904	2.65765	0.00786873	0.0234934	182.164	86.8481	66.6068
carolinianum	geyeri	nuttallianum-7_9	0.088193	1.88978	0.058787	0.023948	221.224	89.1133	74.6688
occidentale	geyeri	carolinianum	0.132851	2.81008	0.00495286	0.0119607	155.25	95.5091	73.1081
geyeri	carolinianum	parryi	0.103377	2.18802	0.028668	0.0100838	160.965	91.2517	74.1528
geyeri	carolinianum	patens	0.0147281	0.260411	0.794547	0.00244209	584.628	51.1944	49.7083
carolinianum	ramosum-1_5	geyeri	0.152716	3.23804	0.00120355	0.0479611	78.2708	111.701	82.1042
carolinianum	ramosum-3	geyeri	0.178504	3.6281	0.000285516	0.0661637	76.316	127.411	88.8142
carolinianum	ramosum-4_10	geyeri	0.0929717	2.05401	0.0399751	0.0307928	84.3163	112.167	93.0847
carolinianum	sapellonis	geyeri	0.0936385	1.97702	0.0480398	0.0304207	90.9258	110.336	91.4414
carolinianum	geyeri	scaposum	0.064068	1.32756	0.184322	0.0132077	176.453	84.9162	74.6905
carolinianum	scopulorum	geyeri	0.0836584	1.78262	0.0746475	0.027114	92.4961	104.538	88.3971
carolinianum	geyeri	stachydeum	0.110601	2.08374	0.0371835	0.015212	144.897	85.4664	68.4439
geyeri	carolinianum	trolliifolium	0.00873762	0.177282	0.859287	0.00151386	311.125	79.4705	78.0938
carolinianum	geyeri	viridescens	0.202404	3.95188	7.7539e-05	0.0283476	128.469	98.8194	65.5503
carolinianum	geyeri	xantholeucum	0.0916741	1.98069	0.0476259	0.0172996	181.43	93.5394	77.8293
carolinianum	glaucum-1_2	glaucescens	0.125374	2.38117	0.0172576	0.0383973	83.7951	96.3299	74.8663
carolinianum	glaucum-3_4	glaucescens	0.291776	7.47952	7.45945e-14	0.111182	94.1623	151.654	83.145
glaucescens	carolinianum	gypsophilum	0.104029	2.24346	0.0248672	0.0136865	208.169	108.836	88.3252
glaucescens	carolinianum	hesperium	0.148043	2.94365	0.0032437	0.0175073	146.12	102.28	75.901
carolinianum	glaucescens	lineapetalum	0.0750304	1.57533	0.11518	0.0125375	173.368	96.7882	83.2778
carolinianum	glaucescens	multiplex	0.0727984	1.65163	0.0986108	0.016972	155.706	104.546	90.3574
carolinianum	novomexicanum	glaucescens	0.0740324	1.4472	0.147842	0.0241914	95.1259	105.117	90.6259
carolinianum	glaucescens	nudicaule	0.0617976	1.18449	0.236219	0.0111121	364.368	75.6181	66.816
carolinianum	glaucescens	nuttallianum-14	0.0883827	1.74333	0.0812756	0.0162136	175.13	87.099	72.9531
carolinianum	glaucescens	nuttallianum-7_9	0.167456	3.59984	0.000318416	0.04373	204.809	92.3268	65.8407
occidentale	glaucescens	carolinianum	0.00937561	0.192722	0.847177	0.000693074	339.299	71.3993	70.0729
glaucescens	carolinianum	parryi	0.113045	2.33702	0.0194383	0.0127216	145.543	105.811	84.3177
carolinianum	glaucescens	patens	0.0647797	1.13971	0.254407	0.0111016	556.373	56.1024	49.276
carolinianum	ramosum-1_5	glaucescens	0.239625	4.92504	8.43417e-07	0.0731094	96.8724	115.364	70.763
carolinianum	ramosum-3	glaucescens	0.195714	3.74609	0.000179615	0.064024	95.8229	113.333	76.2326
carolinianum	ramosum-4_10	glaucescens	0.12995	2.70858	0.00675712	0.0404281	99.7066	106.567	82.0552
carolinianum	sapellonis	glaucescens	0.136056	2.72097	0.00650899	0.0451989	105.867	118.305	89.9679
carolinianum	glaucescens	scaposum	0.0453625	0.945153	0.344581	0.009692	154.593	85.3572	77.9492
carolinianum	scopulorum	glaucescens	0.115175	2.32096	0.0202888	0.0350011	105.685	100.539	79.7721
carolinianum	glaucescens	stachydeum	0.10787	2.02968	0.0423886	0.0169804	136.288	95.3576	76.7882
glaucescens	carolinianum	trolliifolium	0.0113523	0.22574	0.821403	0.00193263	297.694	77.3333	75.5972
carolinianum	glaucescens	viridescens	0.178525	3.47994	0.000501535	0.0277215	122.576	106.976	74.566
carolinianum	glaucescens	xantholeucum	0.0361571	0.755113	0.450181	0.00706816	167.85	91.4938	85.1084
glaucum-3_4	glaucum-1_2	carolinianum	0.014949	0.260691	0.794331	0.00102037	158.674	61.7057	59.888
glaucum-1_2	carolinianum	gypsophilum	0.0368501	0.706085	0.480136	0.00433303	190.525	86.0475	79.9311
glaucum-1_2	carolinianum	hesperium	0.00556652	0.100049	0.920305	0.000629643	124.865	78.2483	77.3819
carolinianum	glaucum-1_2	lineapetalum	0.174242	3.23553	0.00121418	0.0272207	165.556	90.9375	63.9497
carolinianum	glaucum-1_2	multiplex	0.159569	3.18395	0.00145279	0.0323324	138.229	90.7281	65.7578
carolinianum	novomexicanum	glaucum-1_2	0.0998547	1.76115	0.078213	0.0236631	73.0269	90.7075	74.237
carolinianum	glaucum-1_2	nudicaule	0.0804407	1.399	0.161812	0.0139949	349.767	69.0347	58.7552
carolinianum	glaucum-1_2	nuttallianum-14	0.0943757	1.60669	0.108123	0.0148061	164.319	68.559	56.7344
carolinianum	glaucum-1_2	nuttallianum-7_9	0.120864	2.24411	0.0248253	0.0284731	202.694	72.4271	56.8073
carolinianum	glaucum-1_2	occidentale	0.143096	2.72878	0.0063569	0.0442506	86.8345	97.8709	73.3675
glaucum-1_2	carolinianum	parryi	0.08837	1.63238	0.1026	0.00838205	133.311	80.6424	67.5469
carolinianum	glaucum-1_2	patens	0.0554699	0.876884	0.380549	0.00809324	538.951	44.5799	39.8941
carolinianum	ramosum-1_5	glaucum-1_2	0.145073	2.72646	0.00640172	0.0330591	82.2153	92.4219	69.0035
carolinianum	ramosum-3	glaucum-1_2	0.155354	2.67847	0.00739584	0.0360928	77.9167	91.6059	66.9705
carolinianum	ramosum-4_10	glaucum-1_2	0.116404	2.16712	0.0302256	0.0274576	80.7837	94.4906	74.7861
carolinianum	sapellonis	glaucum-1_2	0.145247	2.67124	0.00755722	0.0342421	82.6762	96.2196	71.8134
carolinianum	glaucum-1_2	scaposum	0.0896075	1.65741	0.0974363	0.0178712	148.241	76.6003	64.0013
carolinianum	scopulorum	glaucum-1_2	0.0965645	1.79236	0.0730752	0.0230682	84.1884	91.5165	75.3984
carolinianum	glaucum-1_2	stachydeum	0.17538	2.9745	0.00293467	0.0241681	118.414	83.8377	58.8186
carolinianum	glaucum-1_2	trolliifolium	0.030449	0.535535	0.59228	0.00476835	288.094	67.2431	63.2691
carolinianum	glaucum-1_2	viridescens	0.13876	2.4242	0.0153423	0.0187083	112.101	84.3681	63.8073
carolinianum	glaucum-1_2	xantholeucum	0.0159508	0.298161	0.76558	0.00284114	164.536	74.64	72.2963
glaucum-3_4	carolinianum	gypsophilum	0.0458742	0.962433	0.335832	0.00561193	205.537	95.9051	87.4919
glaucum-3_4	carolinianum	hesperium	0.0314819	0.61232	0.540326	0.00342741	138.853	84.8116	79.6345
carolinianum	glaucum-3_4	lineapetalum	0.0844546	1.7058	0.0880462	0.0123453	185.352	86.474	73.0052
carolinianum	glaucum-3_4	multiplex	0.0959304	2.14287	0.0321238	0.0187992	149.188	90.3712	74.5502
carolinianum	novomexicanum	glaucum-3_4	0.127091	2.48965	0.012787	0.0475337	77.3213	103.064	79.8213
carolinianum	glaucum-3_4	nudicaule	0.101755	1.95537	0.0505393	0.0170734	372.179	74.2135	60.5052
carolinianum	glaucum-3_4	nuttallianum-14	0.0430067	0.823117	0.410441	0.00683669	181.168	72.6302	66.6406
carolinianum	glaucum-3_4	nuttallianum-7_9	0.062454	1.32351	0.185665	0.0145888	218.763	76.9961	67.944
carolinianum	glaucum-3_4	occidentale	0.388798	10.8996	2.3e-16	0.167668	83.4321	176.726	77.7759
glaucum-3_4	carolinianum	parryi	0.0761513	1.57415	0.115453	0.00773899	142.034	93.0095	79.8464
carolinianum	glaucum-3_4	patens	0.0207876	0.357149	0.72098	0.00331781	577.773	50.0434	48.0052
carolinianum	ramosum-1_5	glaucum-3_4	0.158487	3.21915	0.00128573	0.0561591	79.1619	101.688	73.865
carolinianum	ramosum-3	glaucum-3_4	0.15765	2.95437	0.00313311	0.0588131	81.4505	103.148	75.0547
carolinianum	ramosum-4_10	glaucum-3_4	0.0757241	1.55869	0.119071	0.0279892	83.0319	102.233	87.8396
carolinianum	sapellonis	glaucum-3_4	0.180953	3.61898	0.000295763	0.0664122	82.4253	109.99	76.283
carolinianum	glaucum-3_4	scaposum	0.0822812	1.68652	0.0916956	0.0154805	166.445	79.7542	67.6275
carolinianum	scopulorum	glaucum-3_4	0.0680866	1.36975	0.170765	0.0245957	93.1441	93.4149	81.5052
carolinianum	glaucum-3_4	stachydeum	0.163983	2.975	0.00292984	0.0220874	128.755	88.2344	63.3733
glaucum-3_4	carolinianum	trolliifolium	0.0425996	0.831629	0.405618	0.0066709	304.809	73.6357	67.6183
carolinianum	glaucum-3_4	viridescens	0.184103	3.523	0.00042669	0.0237751	118.286	89.1956	61.4595
carolinianum	glaucum-3_4	xantholeucum	0.0208248	0.427581	0.668956	0.00362706	172.055	80.5081	77.2234
gypsophilum	hesperium	carolinianum	0.176225	4.25448	2.09532e-05	0.0248155	193.845	146.678	102.727
gypsophilum	carolinianum	lineapetalum	0.238032	5.92078	3.20424e-09	0.0610389	160.52	174.707	107.527
gypsophilum	carolinianum	multiplex	0.306082	8.01233	1.12562e-15	0.102512	145.036	191.935	101.974
novomexicanum	carolinianum	gypsophilum	0.0416975	0.83387	0.404354	0.00479915	197.624	87.3079	80.3183
gypsophilum	carolinianum	nudicaule	0.133708	3.1708	0.00152021	0.0386084	317.35	131.395	100.402
gypsophilum	carolinianum	nuttallianum-14	0.270124	6.35632	2.06644e-10	0.0776659	166.962	162.105	93.1534
gypsophilum	carolinianum	nuttallianum-7_9	0.302978	7.77589	7.49205e-15	0.11882	184.677	166.229	88.9233
occidentale	carolinianum	gypsophilum	0.0749749	1.5763	0.114957	0.00945221	211.687	99.6178	85.7219
gypsophilum	parryi	carolinianum	0.176039	4.35397	1.33696e-05	0.0221498	389.719	130.921	91.7263
gypsophilum	carolinianum	patens	0.0666787	1.48528	0.137471	0.0183794	513.159	89.2627	78.103
carolinianum	ramosum-1_5	gypsophilum	0.00239393	0.0498132	0.960271	0.000277882	209.214	85.7801	85.3704
ramosum-3	carolinianum	gypsophilum	0.00716933	0.132539	0.894558	0.00080341	208.398	81.4606	80.3009
ramosum-4_10	carolinianum	gypsophilum	0.0524706	1.104	0.269592	0.00599602	210.51	89.8304	80.8735
carolinianum	sapellonis	gypsophilum	0.0100142	0.200675	0.840953	0.00117284	207.524	87.7254	85.9858
gypsophilum	carolinianum	scaposum	0.243311	6.21713	5.0634e-10	0.0845529	151.732	171.237	104.216
carolinianum	scopulorum	gypsophilum	0.0182705	0.383528	0.701328	0.00225196	211.473	91.2436	87.9693
gypsophilum	carolinianum	stachydeum	0.243654	5.51058	3.57649e-08	0.0548189	119.439	153.161	93.147
gypsophilum	carolinianum	trolliifolium	0.283027	6.78456	1.16443e-11	0.0768196	261.544	161.843	90.4398
gypsophilum	carolinianum	viridescens	0.250916	5.9339	2.95816e-09	0.0564262	114.881	166.284	99.5752
gypsophilum	carolinianum	xantholeucum	0.253195	6.43476	1.23671e-10	0.0731977	160.677	171.429	102.158
hesperium	carolinianum	lineapetalum	0.133094	2.81952	0.00480958	0.0274063	155.924	119.632	91.5278
hesperium	carolinianum	multiplex	0.116001	2.60333	0.00923232	0.0340154	137.296	124.386	98.5276
novomexicanum	carolinianum	hesperium	0.0416148	0.790174	0.429426	0.00459602	139.516	83.6068	76.9262
carolinianum	hesperium	nudicaule	0.106525	2.22194	0.0262871	0.0292493	302.72	108.203	87.3698
hesperium	carolinianum	nuttallianum-14	0.17247	3.50244	0.000461012	0.0383439	154.017	105.819	74.6875
hesperium	carolinianum	nuttallianum-7_9	0.144227	3.07808	0.00208341	0.0444283	183.512	102.199	76.4352
occidentale	carolinianum	hesperium	0.113642	2.25641	0.0240449	0.0133897	144.475	95.8009	76.2488
parryi	hesperium	carolinianum	0.00131935	0.0292974	0.976627	0.000166117	194.372	102.774	102.503
carolinianum	hesperium	patens	0.117723	2.21919	0.0264736	0.0254155	456.351	66.1979	52.2535
ramosum-1_5	carolinianum	hesperium	0.0154879	0.298338	0.765446	0.00159371	140.6	76.7786	74.4366
ramosum-3	carolinianum	hesperium	0.0341496	0.595	0.551843	0.00360671	140.384	78.2309	73.0642
ramosum-4_10	carolinianum	hesperium	0.0440672	0.869172	0.384753	0.00456339	143.109	81.649	74.7566
sapellonis	carolinianum	hesperium	0.0392087	0.747627	0.454685	0.00409629	145.815	80.7561	74.6623
hesperium	carolinianum	scaposum	0.134241	2.92427	0.00345262	0.035111	138.844	105.821	80.7726
scopulorum	carolinianum	hesperium	0.00846675	0.165313	0.868697	0.00092833	151.405	79.6128	78.276
hesperium	carolinianum	stachydeum	0.0878715	1.67075	0.094772	0.0169245	117.353	108.714	91.1516
hesperium	carolinianum	trolliifolium	0.214954	4.51369	6.37108e-06	0.0463949	260.164	111.748	72.206
hesperium	carolinianum	viridescens	0.111187	2.19554	0.0281248	0.0203825	105.565	109.308	87.4329
hesperium	carolinianum	xantholeucum	0.185554	4.03345	5.49628e-05	0.0433674	158.113	119.344	81.9861
lineapetalum	multiplex	carolinianum	0.149923	3.71865	0.000200293	0.0167723	243.757	127.957	94.5916
carolinianum	novomexicanum	lineapetalum	0.118557	2.30767	0.0210173	0.0183408	172.913	92.0382	72.5278
carolinianum	lineapetalum	nudicaule	0.100085	2.21613	0.0266824	0.0261775	285.946	109.609	89.6649
nuttallianum-14	lineapetalum	carolinianum	0.0798362	1.82998	0.0672529	0.00807584	335.59	98.4132	83.8611
nuttallianum-7_9	lineapetalum	carolinianum	0.1957	4.94601	7.57486e-07	0.0212643	256.811	122.144	82.1615
carolinianum	occidentale	lineapetalum	0.0758382	1.54986	0.121176	0.0121429	179.28	92.8984	79.8012
parryi	carolinianum	lineapetalum	0.0577353	1.26709	0.205122	0.0130481	152.568	117.429	104.609
carolinianum	lineapetalum	patens	0.15691	3.15797	0.00158874	0.0369401	486.736	82	59.7569
carolinianum	ramosum-1_5	lineapetalum	0.113054	2.2548	0.0241458	0.0162772	184.494	85.8728	68.4284
carolinianum	ramosum-3	lineapetalum	0.162287	2.95434	0.00313338	0.025003	172.22	94.0747	67.8038
carolinianum	ramosum-4_10	lineapetalum	0.051164	1.01463	0.310282	0.00732785	186.469	81.966	73.9868
carolinianum	sapellonis	lineapetalum	0.095409	1.88133	0.059927	0.0146001	183.096	91.1519	75.2734
lineapetalum	carolinianum	scaposum	0.0407066	0.948226	0.343014	0.0132205	117.491	125.389	115.58
carolinianum	scopulorum	lineapetalum	0.0717747	1.41537	0.156961	0.0109527	190.223	86.1988	74.6536
carolinianum	stachydeum	lineapetalum	0.00383813	0.0758142	0.939567	0.000789151	135.25	103.528	102.736
carolinianum	lineapetalum	trolliifolium	0.125792	2.91177	0.00359392	0.0371699	223.085	142.293	110.495
lineapetalum	viridescens	carolinianum	0.25551	5.2787	1.30101e-07	0.026857	191.399	121.837	72.2465
lineapetalum	xantholeucum	carolinianum	0.0484864	1.12512	0.260537	0.00483396	466.886	96.8027	87.8495
carolinianum	novomexicanum	multiplex	0.0745884	1.59096	0.111619	0.0153822	145.215	91.2858	78.6133
carolinianum	multiplex	nudicaule	0.0806212	1.87628	0.0606164	0.0182243	320.718	99.7055	84.8282
nuttallianum-14	multiplex	carolinianum	0.214133	5.25826	1.45427e-07	0.0243185	172.187	130.449	84.4355
nuttallianum-7_9	multiplex	carolinianum	0.277652	7.45724	8.83558e-14	0.0339753	176.167	155.126	87.7036
carolinianum	occidentale	multiplex	0.0809724	1.85418	0.0637129	0.0187974	149.84	101.684	86.45
parryi	carolinianum	multiplex	0.150447	3.53872	0.000402067	0.0447116	137.392	132.636	97.9453
carolinianum	multiplex	patens	0.0863584	1.8605	0.0628155	0.0182167	539.495	71.0521	59.7558
carolinianum	ramosum-1_5	multiplex	0.139882	3.05652	0.00223919	0.0257139	147.783	86.6977	65.4193
carolinianum	ramosum-3	multiplex	0.0991302	1.95355	0.0507543	0.019546	145.437	87.266	71.525
carolinianum	ramosum-4_10	multiplex	0.0832914	1.84471	0.0650793	0.0159381	154.048	87.9109	74.3924
carolinianum	sapellonis	multiplex	0.0830744	1.78717	0.0739105	0.0157116	156.212	86.4394	73.1792
carolinianum	multiplex	scaposum	0.02209	0.565666	0.571621	0.00595497	126.626	110.207	105.443
carolinianum	scopulorum	multiplex	0.0838548	1.81276	0.0698683	0.0162873	156.35	85.7643	72.4937
stachydeum	carolinianum	multiplex	0.065465	1.40012	0.161477	0.0178581	113.952	112.489	98.6654
carolinianum	multiplex	trolliifolium	0.0707589	1.6728	0.0943673	0.0168699	255.25	116.218	100.858
multiplex	viridescens	carolinianum	0.109266	2.49848	0.0124728	0.00753737	423.602	72.1156	57.9084
xantholeucum	multiplex	carolinianum	0.112381	2.86735	0.00413922	0.0128515	201.209	122.744	97.9429
carolinianum	novomexicanum	nudicaule	0.0370625	0.680609	0.496119	0.00629205	361.756	69.3707	64.4123
novomexicanum	carolinianum	nuttallianum-14	0.0142618	0.264232	0.791601	0.00228975	176.897	68.7717	66.8377
carolinianum	novomexicanum	nuttallianum-7_9	0.0191088	0.374702	0.707882	0.00461609	211.804	73.0074	70.2695
carolinianum	novomexicanum	occidentale	0.0757714	1.48513	0.13751	0.0247773	91.9475	101.01	86.7808
novomexicanum	carolinianum	parryi	0.00439136	0.0859053	0.931542	0.000438206	139.238	82.1962	81.4774
novomexicanum	carolinianum	patens	0.00111209	0.0182065	0.985474	0.000179457	535.615	48.4488	48.3411
novomexicanum	ramosum-1_5	carolinianum	0.0717677	1.34365	0.179061	0.00434865	172.11	60.3965	52.3079
novomexicanum	ramosum-3	carolinianum	0.0789061	1.24983	0.211362	0.00396805	234.774	49.2808	42.0725
novomexicanum	ramosum-4_10	carolinianum	0.0454689	0.904432	0.365766	0.00307695	137.287	66.8235	61.011
novomexicanum	sapellonis	carolinianum	0.162096	3.01127	0.00260158	0.00710786	334.406	48.6908	35.1074
carolinianum	novomexicanum	scaposum	0.0159859	0.304837	0.760491	0.00308096	158.056	73.0443	70.7457
novomexicanum	scopulorum	carolinianum	0.10934	2.02116	0.0432635	0.00721192	151.837	65.965	52.9615
carolinianum	novomexicanum	stachydeum	0.167856	2.93334	0.00335338	0.023689	127.581	88.7925	63.2682
novomexicanum	carolinianum	trolliifolium	0.0457781	0.861615	0.388899	0.00763813	293.102	76.3863	69.6988
carolinianum	novomexicanum	viridescens	0.136024	2.46621	0.0136552	0.0181325	109.367	86.1409	65.5124
carolinianum	novomexicanum	xantholeucum	0.00375275	0.0741804	0.940867	0.000665935	170.318	78.9413	78.351
nuttallianum-14	carolinianum	nudicaule	0.012386	0.260746	0.794288	0.0030257	263.45	89.8247	87.6267
nuttallianum-7_9	carolinianum	nudicaule	0.0101717	0.240844	0.809676	0.00262203	266.097	98.2778	96.2986
carolinianum	occidentale	nudicaule	0.0817737	1.60293	0.10895	0.0148169	364.232	76.6172	65.0339
carolinianum	parryi	nudicaule	0.0232486	0.503013	0.614955	0.00602998	313.568	96.7378	92.342
carolinianum	nudicaule	patens	0.43823	11.4735	2.3e-16	0.191302	311.767	186.51	72.8507
carolinianum	ramosum-1_5	nudicaule	0.0739518	1.41238	0.157839	0.0121008	376.833	69.75	60.1441
carolinianum	ramosum-3	nudicaule	0.113137	1.93392	0.0531226	0.0190926	364.064	71.7413	57.158
carolinianum	ramosum-4_10	nudicaule	0.0592762	1.13048	0.258276	0.00950645	376.408	68.2976	60.6538
carolinianum	sapellonis	nudicaule	0.100365	1.85446	0.0636736	0.0161156	382.378	70.9401	57.9991
carolinianum	scaposum	nudicaule	0.0939481	2.04331	0.0410215	0.0208413	281.911	93.487	77.4297
carolinianum	scopulorum	nudicaule	0.0962348	1.82236	0.0684007	0.016293	371.007	71.4722	58.9236
carolinianum	stachydeum	nudicaule	0.0965535	1.84761	0.0646584	0.0214862	284.514	89.5938	73.816
carolinianum	trolliifolium	nudicaule	0.184915	4.5013	6.75403e-06	0.0658155	198.236	160.976	110.733
carolinianum	viridescens	nudicaule	0.117522	2.27053	0.0231756	0.0254126	296.052	89.3785	70.5799
carolinianum	xantholeucum	nudicaule	0.0262001	0.554173	0.579461	0.00642435	290.745	94.3495	89.5318
nuttallianum-7_9	nuttallianum-14	carolinianum	0.156346	3.8165	0.00013536	0.0144514	288.797	98.2036	71.648
carolinianum	occidentale	nuttallianum-14	0.0921032	1.81555	0.0694393	0.0168605	173.896	86.0278	71.5174
parryi	carolinianum	nuttallianum-14	0.151486	3.22252	0.00127069	0.0370493	156.113	114.151	84.1163
carolinianum	nuttallianum-14	patens	0.10329	1.99466	0.0460803	0.0237382	422.226	70.8576	57.5903
carolinianum	ramosum-1_5	nuttallianum-14	0.0667818	1.2927	0.196114	0.0106377	174.833	72.9375	63.8056
carolinianum	ramosum-3	nuttallianum-14	0.0676329	1.17995	0.238021	0.011168	175.615	73.6667	64.3333
carolinianum	ramosum-4_10	nuttallianum-14	0.0492144	0.966139	0.333975	0.0080398	185.385	75.1948	68.1406
carolinianum	sapellonis	nuttallianum-14	0.069798	1.32509	0.185142	0.0116529	187.107	77.0477	66.9939
nuttallianum-14	carolinianum	scaposum	0.0718328	1.6636	0.0961931	0.0247386	97.3394	131.674	114.025
carolinianum	scopulorum	nuttallianum-14	0.0501652	0.977859	0.328144	0.00807533	184.777	72.0339	65.1519
stachydeum	carolinianum	nuttallianum-14	0.053289	0.987146	0.323571	0.0116948	133.448	93.4063	83.9549
carolinianum	nuttallianum-14	trolliifolium	0.150749	3.45543	0.000549424	0.0437503	203.089	136.304	100.592
nuttallianum-14	viridescens	carolinianum	0.307165	6.54281	6.03751e-11	0.0323166	170.585	119.533	63.3559
nuttallianum-14	xantholeucum	carolinianum	0.102876	2.34458	0.0190483	0.00927206	389.637	90.2581	73.4196
carolinianum	occidentale	nuttallianum-7_9	0.0823476	1.75238	0.0797078	0.0238389	201.608	92.5075	78.4311
parryi	carolinianum	nuttallianum-7_9	0.124892	2.82963	0.00466017	0.0428681	181.586	111.742	86.9294
carolinianum	nuttallianum-7_9	patens	0.130923	2.87358	0.00405855	0.0332167	446.762	83.5538	64.2083
carolinianum	ramosum-1_5	nuttallianum-7_9	0.111365	2.28632	0.0222355	0.025419	211.812	77.272	61.7859
carolinianum	ramosum-3	nuttallianum-7_9	0.140189	2.63085	0.00851727	0.035023	208.982	81.5443	61.4922
carolinianum	ramosum-4_10	nuttallianum-7_9	0.0856546	1.78266	0.0746417	0.0197171	218.158	77.5517	65.3146
carolinianum	sapellonis	nuttallianum-7_9	0.0647824	1.2872	0.198023	0.0157281	223.567	79.6276	69.9384
nuttallianum-7_9	carolinianum	scaposum	0.160323	4.09394	4.24101e-05	0.0549392	100.017	150.98	109.258
carolinianum	scopulorum	nuttallianum-7_9	0.0915827	1.85689	0.0633268	0.0206124	217.688	74.3598	61.8824
stachydeum	carolinianum	nuttallianum-7_9	0.0068613	0.139123	0.889353	0.00231732	154.905	95.537	94.235
carolinianum	nuttallianum-7_9	trolliifolium	0.11243	2.83619	0.00456557	0.0348145	191.955	145.083	115.757
nuttallianum-7_9	viridescens	carolinianum	0.360287	8.44124	2.3e-16	0.0419522	153.931	144.035	67.7367
nuttallianum-7_9	xantholeucum	carolinianum	0.202396	5.05869	4.22141e-07	0.0224344	240.969	124.329	82.4729
occidentale	carolinianum	parryi	0.105812	2.18124	0.0291659	0.0114383	152.436	99.318	80.3111
carolinianum	occidentale	patens	0.0336343	0.602801	0.546641	0.00584873	574.431	54.2604	50.7292
carolinianum	ramosum-1_5	occidentale	0.210365	4.43717	9.11474e-06	0.0673196	93.6224	112.74	73.5512
carolinianum	ramosum-3	occidentale	0.183023	3.50809	0.000451331	0.0620691	90.6675	112.084	77.4036
carolinianum	ramosum-4_10	occidentale	0.144493	3.0671	0.00216146	0.0466287	95.4819	110.955	82.9389
carolinianum	sapellonis	occidentale	0.139025	2.82877	0.00467269	0.0447236	98.5699	108.763	82.2122
carolinianum	occidentale	scaposum	0.0975602	2.02842	0.0425175	0.0203412	152.094	86.5729	71.1823
carolinianum	scopulorum	occidentale	0.10926	2.21252	0.026931	0.0363013	102.306	104.292	83.7473
carolinianum	occidentale	stachydeum	0.17182	3.15176	0.00162288	0.025612	128.589	96.2622	68.033
occidentale	carolinianum	trolliifolium	0.00888488	0.177042	0.859476	0.0015481	298.161	77.6719	76.3038
carolinianum	occidentale	viridescens	0.182602	3.59382	0.000325863	0.0282474	117.884	107.839	74.5365
carolinianum	occidentale	xantholeucum	0.0690231	1.46234	0.143648	0.0133309	167.338	90.8973	79.1594
parryi	carolinianum	patens	0.0224445	0.451016	0.651978	0.00554865	512.823	71.3368	68.2049
ramosum-1_5	carolinianum	parryi	0.00403313	0.0812925	0.935209	0.000380703	147.154	79.3084	78.6713
ramosum-3	carolinianum	parryi	0.0440548	0.816223	0.414372	0.00428744	140.562	81.4653	74.5903
ramosum-4_10	carolinianum	parryi	0.0777404	1.58814	0.112256	0.00721408	150.815	85.2979	72.9924
carolinianum	sapellonis	parryi	0.0305915	0.605555	0.54481	0.00298055	142.013	83.9297	78.947
parryi	carolinianum	scaposum	0.11325	2.53632	0.0112025	0.0328006	147.526	114.684	91.3507
scopulorum	carolinianum	parryi	0.0100935	0.202484	0.839538	0.00100517	157.561	82.6999	81.0472
parryi	carolinianum	stachydeum	0.10733	2.07784	0.0377242	0.0205232	120.611	107.111	86.3472
parryi	carolinianum	trolliifolium	0.204924	4.36456	1.2738e-05	0.0461021	260.031	114.372	75.4688
parryi	carolinianum	viridescens	0.128147	2.65163	0.0080104	0.0239692	107.241	114.63	88.588
parryi	carolinianum	xantholeucum	0.120198	2.74336	0.00608137	0.0313176	156.218	122.935	96.553
carolinianum	ramosum-1_5	patens	0.0787037	1.37944	0.16776	0.0119108	557.858	49.3507	42.1493
carolinianum	ramosum-3	patens	0.140418	2.17379	0.0297207	0.0203968	548.554	49.5191	37.3247
carolinianum	ramosum-4_10	patens	0.0119889	0.211346	0.832617	0.00177548	592.066	45.7517	44.6677
carolinianum	sapellonis	patens	0.0440529	0.737236	0.460979	0.00676993	564.666	49.4366	45.2648
carolinianum	scaposum	patens	0.142022	2.7284	0.0063642	0.0270429	469.49	63.0729	47.3854
carolinianum	scopulorum	patens	0.0021175	0.035991	0.971289	0.000318235	563.939	45.1892	44.9983
carolinianum	stachydeum	patens	0.0663024	1.13687	0.255592	0.0139884	450.299	63.6875	55.7674
carolinianum	trolliifolium	patens	0.215356	4.76093	1.92707e-06	0.0679735	354.764	111.576	72.0347
carolinianum	viridescens	patens	0.129208	2.23342	0.0255212	0.0269332	480.944	67.7917	52.2778
carolinianum	xantholeucum	patens	0.0528926	1.05998	0.289152	0.0119053	457.758	68.445	61.5683
ramosum-1_5	ramosum-3	carolinianum	7.75609e-05	0.00134581	0.998926	4.78481e-06	172.434	55.964	55.9553
ramosum-4_10	ramosum-1_5	carolinianum	0.0515296	1.04371	0.296619	0.00307155	157.306	59.9967	54.1165
ramosum-1_5	sapellonis	carolinianum	0.0445242	0.866511	0.38621	0.00280013	183.664	62.0093	56.7229
carolinianum	ramosum-1_5	scaposum	0.14826	3.04114	0.00235688	0.0272155	158.376	81.9332	60.7752
ramosum-1_5	scopulorum	carolinianum	0.0631698	1.24877	0.21175	0.00451602	136.48	68.7678	60.5959
carolinianum	ramosum-1_5	stachydeum	0.216939	4.01369	5.97763e-05	0.029912	136.22	93.5321	60.1849
carolinianum	ramosum-1_5	trolliifolium	0.0110921	0.21301	0.831319	0.0017047	305.953	69.4734	67.9491
carolinianum	ramosum-1_5	viridescens	0.206803	3.80721	0.000140541	0.0250318	115.656	84.2046	55.3452
carolinianum	ramosum-1_5	xantholeucum	0.0722599	1.47504	0.140201	0.0122888	167.916	83.147	71.9404
ramosum-4_10	ramosum-3	carolinianum	0.0263444	0.477025	0.633344	0.00171885	147.185	61.3194	58.1715
ramosum-3	sapellonis	carolinianum	0.00407862	0.068801	0.945148	0.000212134	247.466	47.8685	47.4796
carolinianum	ramosum-3	scaposum	0.122175	2.1756	0.0295849	0.0231019	153.49	79.0608	61.8455
ramosum-3	scopulorum	carolinianum	0.0796141	1.3848	0.166114	0.00548352	141.25	65.4722	55.816
carolinianum	ramosum-3	stachydeum	0.222041	3.79158	0.000149693	0.0330579	131.582	96.0469	61.1441
ramosum-3	carolinianum	trolliifolium	0.0111313	0.195449	0.845042	0.00191882	303.373	74.4358	72.7969
carolinianum	ramosum-3	viridescens	0.217949	3.70023	0.000215406	0.0284758	110.325	91.158	58.533
carolinianum	ramosum-3	xantholeucum	0.0759149	1.40748	0.159284	0.0129902	167.51	79.6227	68.3866
ramosum-4_10	sapellonis	carolinianum	0.0465059	0.943597	0.345375	0.00314117	152.658	68.258	62.1913
carolinianum	ramosum-4_10	scaposum	0.0678956	1.38547	0.165908	0.0131072	169.008	81.242	70.9115
ramosum-4_10	scopulorum	carolinianum	0.0672949	1.36615	0.171893	0.00501915	148.958	73.9416	64.6173
carolinianum	ramosum-4_10	stachydeum	0.168429	3.11083	0.00186562	0.0227424	135.19	88.3868	62.9049
ramosum-4_10	carolinianum	trolliifolium	0.0266884	0.519256	0.603582	0.00398011	310.816	69.5523	65.9363
carolinianum	ramosum-4_10	viridescens	0.204954	3.91229	9.14255e-05	0.0269444	121.086	92.8824	61.2852
carolinianum	ramosum-4_10	xantholeucum	0.000650722	0.0133818	0.989323	0.000110321	178.186	78.7565	78.6541
carolinianum	sapellonis	scaposum	0.0828295	1.62314	0.10456	0.0154248	170.145	79.7543	67.553
sapellonis	scopulorum	carolinianum	0.0528261	1.0179	0.308725	0.0035917	167.74	66.2604	59.6111
carolinianum	sapellonis	stachydeum	0.199038	3.57596	0.000348948	0.0274205	140.671	91.9627	61.4314
carolinianum	sapellonis	trolliifolium	0.0310136	0.583163	0.559783	0.00472677	311.568	70.7587	66.5017
carolinianum	sapellonis	viridescens	0.151015	2.73044	0.00632491	0.019191	116.654	85.362	62.9627
carolinianum	sapellonis	xantholeucum	0.0222632	0.450629	0.652257	0.0039347	177.255	82.5472	78.9517
carolinianum	scopulorum	scaposum	0.0801743	1.603	0.108936	0.015689	165.051	79.4102	67.622
stachydeum	carolinianum	scaposum	0.089984	1.80676	0.0707993	0.023853	124.577	106.62	89.0162
carolinianum	scaposum	trolliifolium	0.0319331	0.717357	0.473154	0.007059	226.514	95.7402	89.8148
carolinianum	viridescens	scaposum	0.168965	3.75544	0.000173038	0.0465511	110.818	113.049	80.3681
xantholeucum	carolinianum	scaposum	0.0661439	1.56576	0.117405	0.0210465	112.901	129.158	113.132
carolinianum	scopulorum	stachydeum	0.157919	2.82612	0.00471152	0.0218872	140.934	85.9514	62.5069
carolinianum	scopulorum	trolliifolium	0.0462047	0.921398	0.356843	0.00741999	305.286	73.3139	66.8383
carolinianum	scopulorum	viridescens	0.183371	3.38757	0.000705143	0.0237433	123.877	86.6169	59.7731
carolinianum	scopulorum	xantholeucum	0.0609586	1.27156	0.203528	0.0109164	177.698	83.684	74.0677
carolinianum	stachydeum	trolliifolium	0.0417174	0.79684	0.425544	0.00845108	227.718	87.2245	80.2384
stachydeum	carolinianum	viridescens	0.0251656	0.460721	0.644999	0.00446644	86.4051	99.5787	94.6898
stachydeum	carolinianum	xantholeucum	0.0876774	1.80037	0.071803	0.0195925	129.486	103.939	87.1817
carolinianum	viridescens	trolliifolium	0.140431	2.78234	0.00539687	0.0305133	238.612	102.189	77.022
carolinianum	xantholeucum	trolliifolium	0.175517	4.11886	3.80756e-05	0.0508989	225.543	145.571	102.1
xantholeucum	viridescens	carolinianum	0.204194	4.37875	1.19362e-05	0.0218001	183.245	113.354	74.9115
distichum-2_6	distichum-1_5	exaltatum	0.308473	7.39383	1.42662e-13	0.0600821	191.344	139.092	73.5099
distichum-2_6	distichum-1_5	geraniifolium	0.344651	8.82065	2.3e-16	0.0822302	227.177	170.496	83.0955
distichum-2_6	distichum-1_5	geyeri	0.16964	4.62202	3.80026e-06	0.0510063	229.929	160.668	114.063
distichum-2_6	distichum-1_5	glaucescens	0.133637	3.58342	0.000339129	0.0465262	231.429	167.408	127.939
distichum-2_6	distichum-1_5	glaucum-1_2	0.279881	7.07402	1.50508e-12	0.0679963	208.146	154.146	86.7296
distichum-2_6	distichum-1_5	glaucum-3_4	0.294516	7.9777	1.49089e-15	0.10523	238.489	174.638	95.1738
distichum-2_6	distichum-1_5	gypsophilum	0.213838	5.99544	2.02931e-09	0.0301405	360.367	162.366	105.159
distichum-2_6	distichum-1_5	hesperium	0.249793	6.50847	7.59213e-11	0.0323077	274.964	161.308	96.8275
distichum-2_6	lineapetalum	distichum-1_5	0.0764124	2.38897	0.0168957	0.0296422	199.819	224.48	192.61
multiplex	distichum-1_5	distichum-2_6	0.0656131	2.27137	0.0231244	0.0210616	607.713	171.283	150.19
distichum-2_6	distichum-1_5	novomexicanum	0.329048	8.56151	2.3e-16	0.099997	226.029	172.804	87.2378
distichum-1_5	distichum-2_6	nudicaule	0.00427244	0.113398	0.909715	0.000887886	490.055	103.899	103.015
distichum-2_6	nuttallianum-14	distichum-1_5	0.0755215	2.25941	0.0238578	0.0268604	215.521	175.699	151.024
nuttallianum-7_9	distichum-2_6	distichum-1_5	0.100436	3.26627	0.00108974	0.0325902	292.739	183.371	149.898
distichum-2_6	distichum-1_5	occidentale	0.157834	4.26776	1.97442e-05	0.0543996	230.458	170.023	123.668
distichum-2_6	distichum-1_5	parryi	0.254269	6.89354	5.44204e-12	0.0311776	278.267	162.693	96.7296
distichum-1_5	distichum-2_6	patens	0.122182	3.12716	0.00176506	0.0261696	741.547	85.8797	67.1786
distichum-2_6	distichum-1_5	ramosum-1_5	0.300208	7.96092	1.70762e-15	0.107934	233.464	177.89	95.7431
distichum-2_6	distichum-1_5	ramosum-3	0.232322	5.71118	1.12197e-08	0.0629041	213.623	162.715	101.364
distichum-2_6	distichum-1_5	ramosum-4_10	0.280061	7.54136	4.65101e-14	0.102113	231.406	167.256	94.0689
distichum-2_6	distichum-1_5	sapellonis	0.29344	7.46819	8.13081e-14	0.0970975	237.18	167.668	91.5912
distichum-2_6	distichum-1_5	scaposum	0.247993	7.86186	3.78484e-15	0.0781148	252.375	189.571	114.23
distichum-2_6	distichum-1_5	scopulorum	0.296155	7.55499	4.18884e-14	0.077122	212.557	153.105	83.14
distichum-2_6	distichum-1_5	stachydeum	0.183711	4.4629	8.08587e-06	0.0307848	239.665	143.834	99.1883
distichum-1_5	distichum-2_6	trolliifolium	0.162972	4.48788	7.19357e-06	0.040189	357.697	149.676	107.726
viridescens	distichum-1_5	distichum-2_6	0.0725741	1.99803	0.0457138	0.0199321	546.587	130.674	112.99
distichum-2_6	xantholeucum	distichum-1_5	0.0572424	1.74049	0.0817735	0.0216524	181.077	195.883	174.672
exaltatum	geraniifolium	distichum-1_5	0.0730037	1.32111	0.186463	0.0110358	136.299	76.3757	65.983
exaltatum	geyeri	distichum-1_5	0.0581969	1.14468	0.252343	0.0084588	158.984	72.7826	64.7771
exaltatum	glaucescens	distichum-1_5	0.0290422	0.568835	0.569468	0.00486634	143.675	82.6023	77.9398
exaltatum	glaucum-1_2	distichum-1_5	0.0829117	1.3763	0.168729	0.0102595	177.211	61.2938	51.9081
exaltatum	glaucum-3_4	distichum-1_5	0.0420662	0.800826	0.423233	0.00489988	196.341	60.4679	55.5859
gypsophilum	exaltatum	distichum-1_5	0.411665	10.4996	2.3e-16	0.103534	119.46	182.811	76.1896
hesperium	exaltatum	distichum-1_5	0.194765	4.05832	4.9426e-05	0.0420714	101.512	117.593	79.2542
lineapetalum	distichum-1_5	exaltatum	0.188245	4.29511	1.7461e-05	0.0357979	192.545	117.28	80.1205
multiplex	distichum-1_5	exaltatum	0.0745309	1.92431	0.0543163	0.0099703	492.712	76.7212	66.0782
novomexicanum	exaltatum	distichum-1_5	0.00662038	0.120092	0.90441	0.000914712	134.254	65.1487	64.2918
distichum-1_5	exaltatum	nudicaule	0.0183758	0.380613	0.703491	0.00341227	324.365	76.9715	74.1937
nuttallianum-14	distichum-1_5	exaltatum	0.19955	4.40827	1.04199e-05	0.038424	185.598	114.256	76.2422
nuttallianum-7_9	distichum-1_5	exaltatum	0.335734	8.42546	2.3e-16	0.0654756	174.112	137.727	68.4921
exaltatum	occidentale	distichum-1_5	0.0263325	0.512698	0.608162	0.00383304	144.896	71.5775	67.9046
parryi	exaltatum	distichum-1_5	0.204025	4.39647	1.10027e-05	0.048388	106.736	126.754	83.7968
exaltatum	distichum-1_5	patens	0.0905506	1.72498	0.0845302	0.0146626	527.543	55.2205	46.0503
exaltatum	ramosum-1_5	distichum-1_5	0.09201	1.76499	0.0775658	0.0119172	145.709	69.1107	57.4645
exaltatum	ramosum-3	distichum-1_5	0.0931828	1.52527	0.127193	0.0120021	141.039	64.5156	53.517
exaltatum	ramosum-4_10	distichum-1_5	0.0634298	1.21376	0.224839	0.00829293	145.032	69.2378	60.9783
exaltatum	sapellonis	distichum-1_5	0.00647093	0.120223	0.904306	0.000907922	152.613	67.6965	66.826
exaltatum	distichum-1_5	scaposum	0.163155	4.22773	2.36059e-05	0.0445103	117.553	123.32	88.7241
exaltatum	scopulorum	distichum-1_5	0.0531766	1.01903	0.308188	0.00764934	141.685	70.6215	63.4899
stachydeum	exaltatum	distichum-1_5	0.186401	3.48326	0.000495355	0.0352257	102.667	103.293	70.835
exaltatum	distichum-1_5	trolliifolium	0.0489611	1.08898	0.276163	0.00924741	251.991	90.9495	82.4593
distichum-1_5	viridescens	exaltatum	0.131988	2.6719	0.00754237	0.017193	443.692	72.2924	55.434
xantholeucum	distichum-1_5	exaltatum	0.185953	4.33389	1.46495e-05	0.0359006	191.402	115.872	79.5353
geraniifolium	geyeri	distichum-1_5	0.0652694	1.45052	0.146913	0.0103947	162.455	93.0701	81.6652
geraniifolium	glaucescens	distichum-1_5	0.0238499	0.523539	0.600599	0.00437049	166.859	104.49	99.622
geraniifolium	glaucum-1_2	distichum-1_5	0.0592573	1.17154	0.241383	0.00941566	153.719	87.6927	77.8812
geraniifolium	glaucum-3_4	distichum-1_5	0.0271715	0.594862	0.551936	0.0040043	162.239	85.9432	81.3964
gypsophilum	geraniifolium	distichum-1_5	0.372206	10.0576	2.3e-16	0.0958771	127.562	205.471	94.0047
hesperium	geraniifolium	distichum-1_5	0.212216	4.82931	1.37004e-06	0.04659	119.672	138.072	89.7292
lineapetalum	distichum-1_5	geraniifolium	0.217743	5.4171	6.05738e-08	0.0518976	234.5	144.373	92.7428
multiplex	distichum-1_5	geraniifolium	0.141762	3.96649	7.29383e-05	0.023344	570.496	97.4691	73.2654
novomexicanum	geraniifolium	distichum-1_5	0.0281334	0.562496	0.573778	0.00353072	244.032	69.8097	65.9892
geraniifolium	distichum-1_5	nudicaule	0.0162948	0.363287	0.71639	0.00306633	394.323	91.4422	88.5099
nuttallianum-14	distichum-1_5	geraniifolium	0.28478	6.86047	6.86331e-12	0.0650914	202.577	131.535	73.224
nuttallianum-7_9	distichum-1_5	geraniifolium	0.36945	9.81719	2.3e-16	0.0930256	187.317	167.415	77.0849
geraniifolium	occidentale	distichum-1_5	0.0624169	1.38295	0.166679	0.0103997	165.684	98.3867	86.8263
parryi	geraniifolium	distichum-1_5	0.199395	4.6327	3.60934e-06	0.0455013	122.986	137.834	92.0056
geraniifolium	distichum-1_5	patens	0.11596	2.39903	0.0164386	0.0195261	642.94	65.576	51.9479
geraniifolium	ramosum-1_5	distichum-1_5	0.0608206	1.28178	0.19992	0.00802053	226.591	77.9036	68.9707
geraniifolium	ramosum-3	distichum-1_5	0.0126508	0.241527	0.809146	0.00156293	222.17	65.5381	63.9006
ramosum-4_10	geraniifolium	distichum-1_5	0.0568367	1.21044	0.22611	0.00695635	226.755	72.0864	64.3328
geraniifolium	sapellonis	distichum-1_5	0.0431238	0.887847	0.374623	0.00571939	259.238	76.1577	69.8609
geraniifolium	distichum-1_5	scaposum	0.0838506	2.22917	0.0258025	0.0228479	140.076	128.387	108.522
scopulorum	geraniifolium	distichum-1_5	0.0138382	0.280846	0.778829	0.00103976	589.594	39.0867	38.0197
stachydeum	geraniifolium	distichum-1_5	0.200794	4.08177	4.46948e-05	0.039667	120.258	122.092	81.2602
geraniifolium	distichum-1_5	trolliifolium	0.130983	3.05486	0.00225163	0.0240346	286.757	105.355	80.9523
distichum-1_5	viridescens	geraniifolium	0.0509589	1.1283	0.259195	0.0089892	514.925	85.0618	76.8128
xantholeucum	distichum-1_5	geraniifolium	0.238044	5.97425	2.31148e-09	0.0572765	199.551	136.969	84.2979
geyeri	glaucescens	distichum-1_5	0.0151502	0.35167	0.725086	0.00246226	238.527	95.2851	92.441
geyeri	glaucum-1_2	distichum-1_5	0.038438	0.815828	0.414599	0.00624436	160.025	90.2078	83.5296
glaucum-3_4	geyeri	distichum-1_5	0.0317596	0.734743	0.462496	0.00471128	193.657	88.3511	82.9118
gypsophilum	geyeri	distichum-1_5	0.417121	11.4993	2.3e-16	0.116911	130.067	242.102	99.5794
hesperium	geyeri	distichum-1_5	0.198782	4.86578	1.14006e-06	0.0507591	124.881	164.982	110.268
lineapetalum	distichum-1_5	geyeri	0.16761	4.20652	2.59329e-05	0.0486026	227.658	151.893	108.285
multiplex	distichum-1_5	geyeri	0.0482688	1.39933	0.161715	0.0103622	586.152	103.647	94.102
novomexicanum	geyeri	distichum-1_5	0.0557584	1.2499	0.211337	0.00869474	175.711	91.3591	81.7091
geyeri	distichum-1_5	nudicaule	0.0301044	0.711994	0.476469	0.00557373	403.743	93.3682	87.9109
nuttallianum-14	distichum-1_5	geyeri	0.0884729	2.17098	0.0299325	0.0259035	206.486	122.606	102.675
nuttallianum-7_9	distichum-1_5	geyeri	0.232865	6.36544	1.94731e-10	0.0728736	188.434	164.37	102.277
geyeri	occidentale	distichum-1_5	0.0100951	0.234927	0.814266	0.00160302	233.938	91.4766	89.6481
parryi	geyeri	distichum-1_5	0.224115	5.47885	4.28108e-08	0.057068	119.074	164.111	104.019
geyeri	distichum-1_5	patens	0.115898	2.57187	0.0101151	0.0189301	651.286	65.6997	52.0524
ramosum-1_5	geyeri	distichum-1_5	0.00843412	0.192286	0.847518	0.00128858	190.393	87.3704	85.909
ramosum-3	geyeri	distichum-1_5	0.0376229	0.777125	0.437085	0.00536945	204.929	79.8322	74.043
ramosum-4_10	geyeri	distichum-1_5	0.0460846	1.07531	0.282234	0.00664969	184.11	86.2287	78.6312
geyeri	sapellonis	distichum-1_5	0.00919419	0.208441	0.834885	0.00147989	189.766	91.7752	90.103
geyeri	distichum-1_5	scaposum	0.0867015	2.4087	0.0160094	0.0251551	156.433	139.613	117.335
scopulorum	geyeri	distichum-1_5	0.0215525	0.485205	0.627531	0.00313079	169.327	76.4793	73.2522
stachydeum	geyeri	distichum-1_5	0.212875	4.78978	1.66967e-06	0.0448914	126.367	136.868	88.8239
geyeri	distichum-1_5	trolliifolium	0.0563333	1.40089	0.161246	0.0108359	285.65	104.66	93.4972
distichum-1_5	viridescens	geyeri	0.0814435	1.84619	0.064865	0.0184662	532.463	100.363	85.2462
xantholeucum	distichum-1_5	geyeri	0.114956	2.96687	0.0030085	0.0334873	206.492	133.155	105.698
glaucescens	glaucum-1_2	distichum-1_5	0.0125686	0.265903	0.790314	0.00201504	162.613	88.1304	85.9425
glaucum-3_4	glaucescens	distichum-1_5	0.0110149	0.251959	0.801073	0.0017657	232.399	96.3117	94.2131
gypsophilum	glaucescens	distichum-1_5	0.359112	10.0458	2.3e-16	0.100983	127.611	233.596	110.152
hesperium	glaucescens	distichum-1_5	0.208588	5.05773	4.2428e-07	0.05018	120.802	157.366	103.047
lineapetalum	distichum-1_5	glaucescens	0.166873	4.34946	1.36472e-05	0.0539536	245.908	151.924	108.471
multiplex	distichum-1_5	glaucescens	0.053506	1.61296	0.106754	0.0125057	606.7	107.282	96.3848
novomexicanum	glaucescens	distichum-1_5	0.0139774	0.311711	0.75526	0.00235935	173.119	96.713	94.0467
distichum-1_5	glaucescens	nudicaule	0.0356296	0.845193	0.398003	0.00709355	401.468	100.522	93.6051
nuttallianum-14	distichum-1_5	glaucescens	0.207042	5.12197	3.02367e-07	0.06693	217.953	141.426	92.9091
nuttallianum-7_9	distichum-1_5	glaucescens	0.23925	6.72321	1.77759e-11	0.0807504	197.145	170.991	104.968
glaucescens	occidentale	distichum-1_5	0.0425283	1.01278	0.311166	0.00518928	464.373	75.6138	69.4447
parryi	glaucescens	distichum-1_5	0.217871	5.38109	7.40349e-08	0.0562797	122.924	167.291	107.436
glaucescens	distichum-1_5	patens	0.00150708	0.0329001	0.973754	0.000279269	672.491	66.9148	66.7134
glaucescens	ramosum-1_5	distichum-1_5	0.0522614	1.1886	0.234598	0.00842984	187.854	99.9108	89.9865
glaucescens	ramosum-3	distichum-1_5	0.0113617	0.234906	0.814282	0.00189508	177.988	92.8169	90.7315
ramosum-4_10	glaucescens	distichum-1_5	0.016071	0.366061	0.71432	0.00255524	175.274	94.0017	91.0281
glaucescens	sapellonis	distichum-1_5	0.00223524	0.0500956	0.960046	0.000389373	183.847	100.963	100.513
glaucescens	distichum-1_5	scaposum	0.153928	4.39134	1.12653e-05	0.044341	154.609	150.925	110.66
glaucescens	scopulorum	distichum-1_5	0.0254609	0.561202	0.57466	0.00453821	151.561	95.5784	90.8322
stachydeum	glaucescens	distichum-1_5	0.212306	4.75656	1.9692e-06	0.0440577	138.969	138.403	89.927
glaucescens	distichum-1_5	trolliifolium	0.085918	2.13232	0.0329802	0.0176815	298.91	117.152	98.6139
distichum-1_5	viridescens	glaucescens	0.116998	2.67478	0.00747788	0.0262061	540.422	96.6319	76.3889
xantholeucum	distichum-1_5	glaucescens	0.183293	4.72824	2.26479e-06	0.0569014	218.421	138.728	95.7499
glaucum-3_4	glaucum-1_2	distichum-1_5	0.0259755	0.530178	0.595988	0.0032957	238.522	72.6664	68.9869
gypsophilum	glaucum-1_2	distichum-1_5	0.370383	9.79315	2.3e-16	0.0940841	132.96	198.612	91.2516
hesperium	glaucum-1_2	distichum-1_5	0.216827	4.82021	1.43404e-06	0.0459851	124.281	130.664	84.0981
lineapetalum	distichum-1_5	glaucum-1_2	0.157181	3.79901	0.000145278	0.0388312	206.455	135.035	98.351
multiplex	distichum-1_5	glaucum-1_2	0.0769505	2.10597	0.0352069	0.0142763	546.306	98.6814	84.5794
novomexicanum	glaucum-1_2	distichum-1_5	0.0352335	0.694788	0.487188	0.00522909	151.758	81.617	76.0614
distichum-1_5	glaucum-1_2	nudicaule	0.060134	1.30021	0.193529	0.0116113	371.913	93.562	82.9477
nuttallianum-14	distichum-1_5	glaucum-1_2	0.206303	4.70273	2.56705e-06	0.0496499	189.228	125.214	82.3859
nuttallianum-7_9	distichum-1_5	glaucum-1_2	0.329346	8.59626	2.3e-16	0.0892668	172.864	169.29	85.4066
occidentale	glaucum-1_2	distichum-1_5	0.0367598	0.79254	0.428046	0.0061753	168.587	95.1089	88.3645
parryi	glaucum-1_2	distichum-1_5	0.2004	4.55406	5.26197e-06	0.0479515	119.614	142.391	94.8481
glaucum-1_2	distichum-1_5	patens	0.0234926	0.470516	0.637986	0.00417504	617.166	61.969	59.1242
glaucum-1_2	ramosum-1_5	distichum-1_5	0.0188929	0.399789	0.689312	0.00292832	156.373	85.3235	82.1593
ramosum-3	glaucum-1_2	distichum-1_5	0.0150367	0.271349	0.786122	0.00218115	156.779	74.9928	72.7709
ramosum-4_10	glaucum-1_2	distichum-1_5	0.0248788	0.513386	0.607681	0.0036458	158.684	81.5958	77.6343
glaucum-1_2	sapellonis	distichum-1_5	0.0321658	0.642502	0.520547	0.00479039	163.753	82.4841	77.3432
glaucum-1_2	distichum-1_5	scaposum	0.101034	2.66656	0.00766326	0.0276752	136.418	125.285	102.292
scopulorum	glaucum-1_2	distichum-1_5	0.0636665	1.26969	0.204195	0.0102201	145.287	83.3776	73.3964
stachydeum	glaucum-1_2	distichum-1_5	0.224333	4.49903	6.82629e-06	0.0446274	135.112	124.484	78.866
glaucum-1_2	distichum-1_5	trolliifolium	0.0449847	1.00383	0.315461	0.0086125	282.486	95.1977	87.0015
distichum-1_5	viridescens	glaucum-1_2	0.0865188	1.83934	0.0658656	0.0152864	499.448	84.2924	70.8681
xantholeucum	distichum-1_5	glaucum-1_2	0.193208	4.67381	2.95659e-06	0.0466886	194.118	127.619	86.2898
gypsophilum	glaucum-3_4	distichum-1_5	0.386155	10.7537	2.3e-16	0.0978773	133.721	221.434	98.0598
hesperium	glaucum-3_4	distichum-1_5	0.20416	4.86685	1.13393e-06	0.0439681	122.824	145.206	95.9681
lineapetalum	distichum-1_5	glaucum-3_4	0.218115	5.55177	2.82788e-08	0.075648	242.631	149.758	96.1271
multiplex	distichum-1_5	glaucum-3_4	0.125029	3.60454	0.000312706	0.0316412	599.597	106.519	82.8433
novomexicanum	glaucum-3_4	distichum-1_5	0.0549952	1.20627	0.227712	0.0077712	170.315	85.9923	77.027
glaucum-3_4	distichum-1_5	nudicaule	0.0330268	0.754836	0.450348	0.00602371	421.819	96.0836	89.9398
nuttallianum-14	distichum-1_5	glaucum-3_4	0.254967	6.16005	7.27204e-10	0.0882236	212.739	139.718	82.9457
nuttallianum-7_9	distichum-1_5	glaucum-3_4	0.327165	9.1088	2.3e-16	0.119779	200.009	171.694	87.044
glaucum-3_4	occidentale	distichum-1_5	0.0450863	1.04075	0.297991	0.00623793	258.46	86.638	79.1627
parryi	glaucum-3_4	distichum-1_5	0.207819	5.10013	3.39413e-07	0.048924	120.942	153.388	100.604
glaucum-3_4	distichum-1_5	patens	0.0869535	1.843	0.0653287	0.0141047	685.091	64.8458	54.4708
ramosum-1_5	glaucum-3_4	distichum-1_5	0.009323	0.209961	0.833698	0.00137819	167.76	88.3573	86.725
glaucum-3_4	ramosum-3	distichum-1_5	0.0290042	0.584968	0.558569	0.0040061	166.673	77.8109	73.4244
glaucum-3_4	ramosum-4_10	distichum-1_5	0.00255214	0.0579457	0.953792	0.000339411	167.021	78.4702	78.0707
glaucum-3_4	sapellonis	distichum-1_5	0.00584104	0.128511	0.897745	0.000853552	184.354	85.9816	84.983
glaucum-3_4	distichum-1_5	scaposum	0.110107	3.07236	0.00212374	0.0304502	146.563	141.039	113.061
scopulorum	glaucum-3_4	distichum-1_5	0.0166845	0.364211	0.7157	0.00248663	156.597	80.6236	77.9774
stachydeum	glaucum-3_4	distichum-1_5	0.229509	5.0773	3.82835e-07	0.0426914	127.323	125.973	78.9431
glaucum-3_4	distichum-1_5	trolliifolium	0.110972	2.71426	0.00664231	0.0205815	294.965	108.47	86.8003
distichum-1_5	viridescens	glaucum-3_4	0.0869176	1.95368	0.0507391	0.0223839	534.083	87.3536	73.3828
xantholeucum	distichum-1_5	glaucum-3_4	0.20797	5.3832	7.31734e-08	0.0711666	220.269	137.961	90.457
gypsophilum	hesperium	distichum-1_5	0.173513	4.73169	2.22654e-06	0.0416116	269.84	158.849	111.875
lineapetalum	distichum-1_5	gypsophilum	0.0967713	2.62399	0.00869054	0.0139711	368.906	145.987	120.226
multiplex	distichum-1_5	gypsophilum	0.0609639	1.86732	0.0618567	0.00566244	742.76	96.1092	85.0642
gypsophilum	novomexicanum	distichum-1_5	0.345184	9.09509	2.3e-16	0.0897861	124.414	208.139	101.319
gypsophilum	distichum-1_5	nudicaule	0.135434	3.69623	0.000218821	0.0413079	359.677	178.56	135.963
nuttallianum-14	distichum-1_5	gypsophilum	0.138219	3.50739	0.000452522	0.0182114	319.204	124.799	94.4891
nuttallianum-7_9	distichum-1_5	gypsophilum	0.229323	6.52986	6.58323e-11	0.032729	309.591	154.166	96.6487
gypsophilum	occidentale	distichum-1_5	0.408587	11.1551	2.3e-16	0.106448	132.979	226.32	95.0235
gypsophilum	parryi	distichum-1_5	0.22549	6.19264	5.91655e-10	0.0482035	500.501	143.881	90.9326
gypsophilum	distichum-1_5	patens	0.124497	3.31744	0.000908473	0.0358642	580.835	117.059	91.1392
gypsophilum	ramosum-1_5	distichum-1_5	0.398193	11.0226	2.3e-16	0.102618	127.775	218.786	94.1695
gypsophilum	ramosum-3	distichum-1_5	0.390292	10.1671	2.3e-16	0.101196	126.976	208.957	91.6373
gypsophilum	ramosum-4_10	distichum-1_5	0.420719	11.835	2.3e-16	0.109227	126.787	226.52	92.3608
gypsophilum	sapellonis	distichum-1_5	0.346141	9.25598	2.3e-16	0.087938	130.802	205.578	99.8552
gypsophilum	distichum-1_5	scaposum	0.375192	12.1285	2.3e-16	0.150244	139.126	267.035	121.325
gypsophilum	scopulorum	distichum-1_5	0.366448	9.86719	2.3e-16	0.0933091	131.458	188.581	87.4354
gypsophilum	stachydeum	distichum-1_5	0.199302	4.93251	8.118e-07	0.0569579	131.685	188.091	125.577
gypsophilum	distichum-1_5	trolliifolium	0.32487	9.05983	2.3e-16	0.0916174	260.831	203.406	103.652
distichum-1_5	viridescens	gypsophilum	0.0227958	0.564767	0.572232	0.00219911	634.862	86.6666	82.8034
xantholeucum	distichum-1_5	gypsophilum	0.106569	2.84275	0.00447258	0.0143659	339.969	128.037	103.376
lineapetalum	distichum-1_5	hesperium	0.101061	2.56768	0.0102381	0.0130637	272.648	137.293	112.09
multiplex	distichum-1_5	hesperium	0.117577	3.35637	0.000789722	0.0107902	607.3	105.069	82.9606
hesperium	novomexicanum	distichum-1_5	0.184041	4.18609	2.83795e-05	0.0411042	121.625	138.328	95.326
distichum-1_5	hesperium	nudicaule	0.140022	3.39583	0.000684204	0.0422267	323.117	150.882	113.818
nuttallianum-14	distichum-1_5	hesperium	0.226984	5.39665	6.78981e-08	0.0290022	240.254	133.959	84.396
nuttallianum-7_9	distichum-1_5	hesperium	0.312787	8.74034	2.3e-16	0.0423441	223.993	163.339	85.5042
hesperium	occidentale	distichum-1_5	0.190498	4.56271	5.04982e-06	0.0458241	122.63	154.985	105.385
parryi	hesperium	distichum-1_5	0.0683652	1.7128	0.0867486	0.0161681	267.563	126.408	110.23
distichum-1_5	hesperium	patens	0.0605584	1.36341	0.172753	0.0148773	545.372	83.6427	74.0906
hesperium	ramosum-1_5	distichum-1_5	0.239363	5.83634	5.33592e-09	0.0525415	129.868	145.594	89.3556
hesperium	ramosum-3	distichum-1_5	0.246569	5.38439	7.26925e-08	0.0552049	116.499	141.848	85.7335
hesperium	ramosum-4_10	distichum-1_5	0.225458	5.43436	5.49934e-08	0.0504617	132.173	147.653	93.3233
hesperium	sapellonis	distichum-1_5	0.203641	4.75875	1.94797e-06	0.0445419	131.154	141.327	93.5056
hesperium	distichum-1_5	scaposum	0.238587	6.87398	6.24331e-12	0.0799901	132.341	174.26	107.125
hesperium	scopulorum	distichum-1_5	0.157613	3.59319	0.000326648	0.0360696	123.723	127.069	92.4672
hesperium	stachydeum	distichum-1_5	0.0151467	0.334737	0.737824	0.0037836	116.634	121.522	117.896
hesperium	distichum-1_5	trolliifolium	0.177087	4.3809	1.18192e-05	0.0434923	264.003	144.652	101.128
distichum-1_5	viridescens	hesperium	0.0592305	1.32389	0.185539	0.00496873	554.919	81.0083	71.9486
xantholeucum	distichum-1_5	hesperium	0.198441	4.9682	6.75765e-07	0.0239761	261.514	129.783	86.8032
distichum-1_5	multiplex	lineapetalum	0.0954213	3.37039	0.000750625	0.0270503	529.261	195.435	161.387
lineapetalum	distichum-1_5	novomexicanum	0.177555	4.38315	1.16977e-05	0.0497515	230.116	134.521	93.9542
distichum-1_5	lineapetalum	nudicaule	0.0911406	2.28888	0.0220865	0.0193171	498.912	113.585	94.6099
nuttallianum-14	lineapetalum	distichum-1_5	0.0614139	1.74117	0.0816533	0.0198926	298.623	149.552	132.245
nuttallianum-7_9	lineapetalum	distichum-1_5	0.195219	6.20068	5.62207e-10	0.0687455	230.468	209.222	140.876
lineapetalum	distichum-1_5	occidentale	0.166918	4.27301	1.92849e-05	0.0525775	234.551	147.522	105.318
lineapetalum	distichum-1_5	parryi	0.0962683	2.4798	0.0131457	0.0122691	267.857	143.01	117.893
distichum-1_5	lineapetalum	patens	0.0571834	1.37179	0.170128	0.0115731	772.319	75.016	66.9007
lineapetalum	distichum-1_5	ramosum-1_5	0.178311	4.41988	9.87578e-06	0.0616537	225.703	146.278	102.006
lineapetalum	distichum-1_5	ramosum-3	0.165161	3.96704	7.27705e-05	0.0403933	223.183	132.092	94.6437
lineapetalum	distichum-1_5	ramosum-4_10	0.19235	4.88966	1.01012e-06	0.0701051	227.389	142.614	96.6012
lineapetalum	distichum-1_5	sapellonis	0.178056	4.46275	8.09145e-06	0.0581653	237.94	144.846	101.061
lineapetalum	distichum-1_5	scaposum	0.198581	5.9237	3.14774e-09	0.0570607	241.309	157.137	105.068
lineapetalum	distichum-1_5	scopulorum	0.183057	4.53249	5.8292e-06	0.0481606	216.627	133.783	92.3817
lineapetalum	distichum-1_5	stachydeum	0.125855	2.95052	0.00317244	0.0209035	252.765	129.131	100.261
distichum-1_5	lineapetalum	trolliifolium	0.11071	2.91707	0.00353335	0.0258007	387.426	131.919	105.621
viridescens	distichum-1_5	lineapetalum	0.0352758	0.949247	0.342495	0.00832854	507.767	141.502	131.859
xantholeucum	lineapetalum	distichum-1_5	0.0156416	0.470635	0.637901	0.00468105	443.67	142.569	138.178
multiplex	distichum-1_5	novomexicanum	0.079809	2.17159	0.0298867	0.0170113	574.37	97.627	83.1957
multiplex	distichum-1_5	nudicaule	0.0418195	1.18652	0.235416	0.00630478	936.457	84.4551	77.6749
multiplex	distichum-1_5	nuttallianum-14	0.130287	4.15439	3.26157e-05	0.0347376	482.992	152.289	117.181
multiplex	distichum-1_5	nuttallianum-7_9	0.0357938	1.17806	0.238773	0.0135371	568.432	137.986	128.449
multiplex	distichum-1_5	occidentale	0.0538967	1.60103	0.10937	0.0129671	587.615	107.593	96.5883
multiplex	distichum-1_5	parryi	0.0871611	2.55076	0.0107488	0.00722985	602.851	97.905	82.2063
distichum-1_5	multiplex	patens	0.004507	0.11776	0.906258	0.00063153	1199.66	53.1481	52.6711
multiplex	distichum-1_5	ramosum-1_5	0.0999944	2.80502	0.0050314	0.0247534	580.146	99.6557	81.5374
multiplex	distichum-1_5	ramosum-3	0.0402572	1.06522	0.286778	0.00739812	550.773	91.9989	84.8783
multiplex	distichum-1_5	ramosum-4_10	0.0782735	2.25215	0.0243127	0.01985	593.454	92.9891	79.4887
multiplex	distichum-1_5	sapellonis	0.132954	3.6901	0.000224167	0.0312483	583.103	103.516	79.2202
multiplex	distichum-1_5	scaposum	0.200432	6.83291	8.32088e-12	0.0418274	589.571	123.296	82.1235
multiplex	distichum-1_5	scopulorum	0.107828	3.01227	0.00259302	0.0190936	525.804	86.4814	69.6465
multiplex	distichum-1_5	stachydeum	0.0288837	0.747403	0.45482	0.00329442	583.659	86.8974	82.0185
distichum-1_5	multiplex	trolliifolium	0.0208569	0.60881	0.542651	0.00326961	744.374	88.7564	85.1297
viridescens	distichum-1_5	multiplex	0.0128147	0.474777	0.634946	0.0126817	294.533	265.736	259.012
multiplex	distichum-1_5	xantholeucum	0.0692469	2.23438	0.0254583	0.0196597	497.273	156.08	135.864
novomexicanum	distichum-1_5	nudicaule	0.0513998	1.1532	0.248828	0.009962	391.071	98.8674	89.2008
nuttallianum-14	distichum-1_5	novomexicanum	0.260804	6.04466	1.49725e-09	0.0763759	208.186	135.202	79.2674
nuttallianum-7_9	distichum-1_5	novomexicanum	0.347876	9.28685	2.3e-16	0.108744	192.202	165.633	80.1359
novomexicanum	occidentale	distichum-1_5	0.026462	0.590669	0.554742	0.00409636	164.4	89.2979	84.6938
parryi	novomexicanum	distichum-1_5	0.197057	4.56457	5.00526e-06	0.0463644	125.859	144.336	96.8155
novomexicanum	distichum-1_5	patens	0.0993097	2.05817	0.0395741	0.016395	635.815	64.084	52.5056
novomexicanum	ramosum-1_5	distichum-1_5	0.0936948	1.97217	0.0485905	0.00984747	286.603	66.2663	54.9125
novomexicanum	ramosum-3	distichum-1_5	0.0575454	1.03555	0.300413	0.00534199	357.107	53.7321	47.8845
ramosum-4_10	novomexicanum	distichum-1_5	0.0143347	0.307937	0.758131	0.00165088	223.545	66.0361	64.1697
novomexicanum	sapellonis	distichum-1_5	0.0994067	1.97428	0.0483501	0.0072734	478.398	47.092	38.576
novomexicanum	distichum-1_5	scaposum	0.169188	4.68081	2.8574e-06	0.0462879	136.923	140.873	100.103
novomexicanum	scopulorum	distichum-1_5	0.101104	2.05033	0.0403326	0.0111571	230.436	62.2836	50.8457
stachydeum	novomexicanum	distichum-1_5	0.193423	3.89751	9.71886e-05	0.0358879	120.929	117.265	79.2539
novomexicanum	distichum-1_5	trolliifolium	0.107261	2.53248	0.0113259	0.0211553	284.737	111.123	89.5941
distichum-1_5	viridescens	novomexicanum	0.0563326	1.22845	0.219278	0.0120648	520.584	84.9458	75.8858
xantholeucum	distichum-1_5	novomexicanum	0.216997	5.37184	7.7936e-08	0.061432	211.1	130.561	84.0012
distichum-1_5	nuttallianum-14	nudicaule	0.00385558	0.0920918	0.926625	0.000773201	434.214	85.9745	85.3141
nuttallianum-7_9	distichum-1_5	nudicaule	0.023985	0.638814	0.522944	0.00536645	412.942	106.132	101.16
occidentale	distichum-1_5	nudicaule	0.000707831	0.0167206	0.98666	0.000146555	410.029	99.6509	99.5099
distichum-1_5	parryi	nudicaule	0.0475879	1.18243	0.237035	0.013853	342.79	134.888	122.633
distichum-1_5	nudicaule	patens	0.384197	11.2973	2.3e-16	0.164133	384.563	208.66	92.8292
ramosum-1_5	distichum-1_5	nudicaule	0.00291426	0.0669197	0.946646	0.000584416	414.271	98.2831	97.7119
distichum-1_5	ramosum-3	nudicaule	0.0197012	0.422686	0.672524	0.0035184	392.843	85.2932	81.9974
distichum-1_5	ramosum-4_10	nudicaule	0.0485771	1.12383	0.261084	0.00924724	402.57	98.0282	88.9455
distichum-1_5	sapellonis	nudicaule	0.0755628	1.72549	0.08444	0.0150126	406.443	104.704	89.9924
scaposum	distichum-1_5	nudicaule	0.00118463	0.0287449	0.977068	0.00024801	385.891	95.2259	95.0005
distichum-1_5	scopulorum	nudicaule	0.0549796	1.23813	0.215666	0.0108732	365.091	93.8042	84.0271
distichum-1_5	stachydeum	nudicaule	0.0459947	1.02198	0.30679	0.0101605	328.386	101.469	92.5451
distichum-1_5	trolliifolium	nudicaule	0.188569	5.34546	9.01879e-08	0.0665585	230.954	188.756	128.863
distichum-1_5	viridescens	nudicaule	0.0837696	1.85388	0.0637561	0.0113661	812.637	71.1562	60.1562
xantholeucum	distichum-1_5	nudicaule	0.0123028	0.302093	0.762581	0.00255156	458.798	93.5534	91.2794
nuttallianum-7_9	nuttallianum-14	distichum-1_5	0.207576	6.51226	7.403e-11	0.0633041	266.873	165.689	108.727
nuttallianum-14	distichum-1_5	occidentale	0.157039	3.84008	0.000122994	0.049466	212.513	132.496	96.5298
nuttallianum-14	distichum-1_5	parryi	0.179644	4.42825	9.4999e-06	0.0220132	253.664	131.008	91.1064
distichum-1_5	nuttallianum-14	patens	0.059284	1.32932	0.183744	0.0115239	644.017	64.4425	57.2293
nuttallianum-14	distichum-1_5	ramosum-1_5	0.243481	5.85269	4.83673e-09	0.0858805	201.949	137.477	83.6391
nuttallianum-14	distichum-1_5	ramosum-3	0.201436	4.5815	4.61648e-06	0.0512966	197.562	128.37	85.3245
nuttallianum-14	distichum-1_5	ramosum-4_10	0.182623	4.48778	7.197e-06	0.0693642	205.37	130.958	90.5123
nuttallianum-14	distichum-1_5	sapellonis	0.200112	4.75445	1.98984e-06	0.0675066	202.633	128.836	85.8706
nuttallianum-14	distichum-1_5	scaposum	0.185162	5.23248	1.67255e-07	0.0576309	219.232	150.504	103.476
nuttallianum-14	distichum-1_5	scopulorum	0.246342	5.99447	2.04149e-09	0.0633193	199.613	124.559	75.3203
nuttallianum-14	distichum-1_5	stachydeum	0.151789	3.35868	0.000783157	0.0242769	218.591	113.015	83.2274
distichum-1_5	nuttallianum-14	trolliifolium	0.168262	4.35212	1.34825e-05	0.0394455	345.61	128.231	91.2931
distichum-1_5	viridescens	nuttallianum-14	0.0229737	0.57359	0.566245	0.00602977	429.631	116.438	111.208
nuttallianum-14	xantholeucum	distichum-1_5	0.0283338	0.815275	0.414915	0.00808307	348.424	128.231	121.164
nuttallianum-7_9	distichum-1_5	occidentale	0.224839	6.06524	1.31755e-09	0.0783621	195.897	172.479	109.156
nuttallianum-7_9	distichum-1_5	parryi	0.258125	7.16316	7.8838e-13	0.0327349	232.793	155.21	91.5221
distichum-1_5	nuttallianum-7_9	patens	0.0721333	1.8016	0.0716076	0.016339	640.409	81.309	70.3681
nuttallianum-7_9	distichum-1_5	ramosum-1_5	0.326893	8.74055	2.3e-16	0.121909	197.734	174.161	88.3483
nuttallianum-7_9	distichum-1_5	ramosum-3	0.258725	6.70353	2.03438e-11	0.0724242	176.286	159.051	93.6667
nuttallianum-7_9	distichum-1_5	ramosum-4_10	0.302902	8.34003	2.3e-16	0.119326	200.101	168.717	90.2695
nuttallianum-7_9	distichum-1_5	sapellonis	0.324456	8.59138	2.3e-16	0.116519	198.186	173.532	88.5109
nuttallianum-7_9	distichum-1_5	scaposum	0.246382	8.02431	1.02099e-15	0.0838149	210.919	188.955	114.251
nuttallianum-7_9	distichum-1_5	scopulorum	0.348821	9.44512	2.3e-16	0.0942379	191.527	157.87	76.2159
nuttallianum-7_9	distichum-1_5	stachydeum	0.203517	5.12346	2.99973e-07	0.0348276	198.676	136.494	90.3315
distichum-1_5	nuttallianum-7_9	trolliifolium	0.1109	3.12875	0.00175552	0.0289485	319.048	143.336	114.718
viridescens	distichum-1_5	nuttallianum-7_9	0.0185812	0.494659	0.620841	0.00645643	509.483	104.554	100.739
nuttallianum-7_9	xantholeucum	distichum-1_5	0.189108	5.91858	3.24727e-09	0.0655104	208.316	196.773	134.186
parryi	occidentale	distichum-1_5	0.21944	5.43464	5.49067e-08	0.0532711	121.014	156.283	100.036
occidentale	distichum-1_5	patens	0.0298667	0.651695	0.514598	0.00553571	670.325	67.4318	63.5207
ramosum-1_5	occidentale	distichum-1_5	0.0167505	0.385734	0.699693	0.00246755	182.248	87.5612	84.6762
ramosum-3	occidentale	distichum-1_5	0.0528974	1.09423	0.273854	0.00818928	178.41	88.9622	80.0233
ramosum-4_10	occidentale	distichum-1_5	0.0848755	1.96635	0.0492582	0.0123805	182.807	92.3213	77.8757
sapellonis	occidentale	distichum-1_5	0.024978	0.561924	0.574168	0.00396396	176.724	93.0774	88.541
occidentale	distichum-1_5	scaposum	0.10896	3.11225	0.00185668	0.032399	148.778	145.48	116.892
scopulorum	occidentale	distichum-1_5	0.0334801	0.744806	0.456389	0.00539094	160.165	86.4531	80.8518
stachydeum	occidentale	distichum-1_5	0.243034	5.28098	1.28493e-07	0.0491503	139.723	138.303	84.2221
occidentale	distichum-1_5	trolliifolium	0.0855056	2.10948	0.0349032	0.0172414	300.816	112.903	95.1162
distichum-1_5	viridescens	occidentale	0.0980194	2.21587	0.0267002	0.023414	527.637	98.265	80.7209
xantholeucum	distichum-1_5	occidentale	0.180827	4.59072	4.41712e-06	0.0564437	211.142	138.731	96.2415
parryi	distichum-1_5	patens	0.059	1.37977	0.167658	0.0152985	581.743	90.3191	80.2552
parryi	ramosum-1_5	distichum-1_5	0.231912	5.61979	1.91185e-08	0.0532556	123.12	147.763	92.1295
parryi	ramosum-3	distichum-1_5	0.169507	3.71205	0.000205589	0.0388785	119.682	131.818	93.6068
parryi	ramosum-4_10	distichum-1_5	0.223222	5.42783	5.70424e-08	0.0498484	124.707	145.762	92.5629
parryi	sapellonis	distichum-1_5	0.183314	4.3256	1.52117e-05	0.0408469	129.581	137.799	95.1042
parryi	distichum-1_5	scaposum	0.274197	7.97792	1.48818e-15	0.0943357	139.932	184.28	104.969
parryi	scopulorum	distichum-1_5	0.153525	3.55205	0.000382242	0.0345703	117.002	123.217	90.4184
parryi	stachydeum	distichum-1_5	0.0394994	0.894816	0.370885	0.0101388	115.759	126.01	116.434
parryi	distichum-1_5	trolliifolium	0.185878	4.72336	2.31984e-06	0.0471924	265.216	145.109	99.6193
distichum-1_5	viridescens	parryi	0.00170256	0.0389753	0.96891	0.000140994	541.576	81.5113	81.2342
xantholeucum	distichum-1_5	parryi	0.140061	3.59753	0.000321255	0.017406	264.63	134.293	101.297
ramosum-1_5	distichum-1_5	patens	0.0571234	1.23767	0.215839	0.00985493	673.955	65.9982	58.8655
distichum-1_5	ramosum-3	patens	0.0246722	0.490779	0.623583	0.00417098	627.034	59.9609	57.0734
ramosum-4_10	distichum-1_5	patens	0.0683833	1.47461	0.140318	0.0113584	670.899	64.3328	56.0974
sapellonis	distichum-1_5	patens	0.0610657	1.29298	0.196016	0.0102462	647.774	63.6359	56.3112
scaposum	distichum-1_5	patens	0.0276695	0.641503	0.521196	0.00525563	603.519	64.442	60.9719
scopulorum	distichum-1_5	patens	0.170081	3.55535	0.000377478	0.0272146	594.269	62.7328	44.4953
distichum-1_5	stachydeum	patens	0.0780936	1.62946	0.103215	0.0175024	546.307	80.995	69.2609
distichum-1_5	trolliifolium	patens	0.165297	4.28185	1.85347e-05	0.0548274	437.143	128.723	92.2045
distichum-1_5	viridescens	patens	0.10777	2.18201	0.0291086	0.0148878	1044.19	52.3302	42.1483
xantholeucum	distichum-1_5	patens	0.0607742	1.40571	0.159809	0.0115018	688.24	66.766	59.1156
ramosum-3	ramosum-1_5	distichum-1_5	0.0273606	0.537219	0.591116	0.00305559	284.783	62.7901	59.4456
ramosum-4_10	ramosum-1_5	distichum-1_5	0.107175	2.39216	0.0167494	0.0112076	257.255	68.2683	55.0515
sapellonis	ramosum-1_5	distichum-1_5	0.0220323	0.478719	0.632138	0.00247315	307.829	66.6103	63.7384
ramosum-1_5	distichum-1_5	scaposum	0.0999414	2.77988	0.00543789	0.0277156	144.006	137.206	112.273
scopulorum	ramosum-1_5	distichum-1_5	0.0386407	0.827628	0.407881	0.00493511	222.573	69.8072	64.6131
stachydeum	ramosum-1_5	distichum-1_5	0.27036	5.80994	6.24939e-09	0.0528275	128.616	135.602	77.8838
ramosum-1_5	distichum-1_5	trolliifolium	0.122655	2.95921	0.00308427	0.0230056	304.656	108.672	84.9261
distichum-1_5	viridescens	ramosum-1_5	0.0567351	1.2694	0.2043	0.014865	532.109	88.6632	79.1427
xantholeucum	distichum-1_5	ramosum-1_5	0.197578	4.99115	6.00199e-07	0.068255	207.265	135.613	90.8659
ramosum-4_10	ramosum-3	distichum-1_5	0.0630842	1.23909	0.21531	0.00647161	240.767	59.4174	52.3656
ramosum-3	sapellonis	distichum-1_5	0.0683736	1.26934	0.204321	0.0067079	372.132	57.7737	50.3789
ramosum-3	distichum-1_5	scaposum	0.0999145	2.59573	0.00943905	0.0283127	135.486	134.006	109.66
ramosum-3	scopulorum	distichum-1_5	0.0412047	0.786188	0.431757	0.00477715	221.901	59.5622	54.848
stachydeum	ramosum-3	distichum-1_5	0.217802	4.10305	4.07731e-05	0.0403693	136.167	115.962	74.4826
ramosum-3	distichum-1_5	trolliifolium	0.0631968	1.41646	0.156642	0.012601	283.454	103.757	91.4224
distichum-1_5	viridescens	ramosum-3	0.164919	3.45566	0.000548941	0.031706	510.184	97.3891	69.8141
xantholeucum	distichum-1_5	ramosum-3	0.209303	4.99166	5.98613e-07	0.0526211	201.493	130.398	85.2601
ramosum-4_10	sapellonis	distichum-1_5	0.0519389	1.14022	0.254195	0.00595611	249.301	70.5065	63.544
ramosum-4_10	distichum-1_5	scaposum	0.126918	3.55679	0.000375413	0.0348796	142.497	138.823	107.554
ramosum-4_10	scopulorum	distichum-1_5	0.0646915	1.40679	0.159489	0.00781181	227.398	68.852	60.485
stachydeum	ramosum-4_10	distichum-1_5	0.20888	4.45231	8.49516e-06	0.038129	128.031	121.041	79.212
ramosum-4_10	distichum-1_5	trolliifolium	0.0812483	1.95227	0.0509061	0.0157978	297.316	109.781	93.2828
distichum-1_5	viridescens	ramosum-4_10	0.166647	3.77255	0.000161589	0.0456847	531.889	96.3011	68.7893
xantholeucum	distichum-1_5	ramosum-4_10	0.218477	5.68351	1.31956e-08	0.0801766	214.913	136.466	87.5282
sapellonis	distichum-1_5	scaposum	0.117056	3.20745	0.00133919	0.032202	142.97	138.207	109.242
sapellonis	scopulorum	distichum-1_5	0.0164441	0.348873	0.727184	0.00203542	264.21	66.1582	64.0176
stachydeum	sapellonis	distichum-1_5	0.248653	5.12925	2.90891e-07	0.0482525	135.067	130.939	78.7893
sapellonis	distichum-1_5	trolliifolium	0.0904207	2.16854	0.0301173	0.0180366	305.084	110.427	92.1135
distichum-1_5	viridescens	sapellonis	0.0561426	1.24	0.214974	0.0139917	539.973	91.0576	81.3766
xantholeucum	distichum-1_5	sapellonis	0.201343	4.99405	5.91268e-07	0.0668868	203.763	137.427	91.3622
scopulorum	distichum-1_5	scaposum	0.121733	3.30389	0.00095352	0.0334884	140.308	129.865	101.679
stachydeum	distichum-1_5	scaposum	0.235031	6.38238	1.74358e-10	0.0721374	124.423	163.912	101.526
scaposum	distichum-1_5	trolliifolium	0.0831547	2.24026	0.0250742	0.0192332	294.548	123.91	104.885
viridescens	distichum-1_5	scaposum	0.0823971	2.19387	0.0282445	0.0173112	518.71	95.7198	81.1465
xantholeucum	distichum-1_5	scaposum	0.208992	6.1304	8.76595e-10	0.0599378	231.948	153.85	100.66
stachydeum	scopulorum	distichum-1_5	0.210059	4.345	1.39273e-05	0.03926	115.474	109.357	71.3892
scopulorum	distichum-1_5	trolliifolium	0.0558893	1.31428	0.188752	0.0105487	276.364	95.4597	85.3542
distichum-1_5	viridescens	scopulorum	0.0715642	1.5815	0.113764	0.0130539	476.453	77.5475	67.1895
xantholeucum	distichum-1_5	scopulorum	0.200655	5.00102	5.70271e-07	0.0526433	194.801	127.169	84.6637
stachydeum	distichum-1_5	trolliifolium	0.00371283	0.0867216	0.930893	0.000914458	245.073	115.362	114.509
distichum-1_5	viridescens	stachydeum	0.101131	2.11716	0.0342461	0.0111812	525.681	81.8656	66.8281
xantholeucum	distichum-1_5	stachydeum	0.194547	4.49295	7.02421e-06	0.0301681	226.376	119.986	80.9034
distichum-1_5	viridescens	trolliifolium	0.069785	1.60893	0.107632	0.00989704	662.228	74.2374	64.552
distichum-1_5	xantholeucum	trolliifolium	0.137277	3.76535	0.000166315	0.0320459	360.236	131.688	99.897
distichum-1_5	viridescens	xantholeucum	0.0137784	0.353958	0.72337	0.00368805	449.635	119.755	116.5
geraniifolium	exaltatum	distichum-2_6	0.0536201	0.985418	0.324419	0.0073691	196.561	61.3542	55.1094
exaltatum	geyeri	distichum-2_6	0.211085	4.26483	2.00052e-05	0.0302168	208.11	77.4504	50.4522
exaltatum	glaucescens	distichum-2_6	0.123198	2.45637	0.014035	0.0199141	194.374	79.8533	62.3359
exaltatum	glaucum-1_2	distichum-2_6	0.0470871	0.758923	0.447899	0.00555482	243.306	49.474	45.0243
exaltatum	glaucum-3_4	distichum-2_6	0.00968955	0.181866	0.855688	0.00106788	265.365	50.112	49.1502
gypsophilum	exaltatum	distichum-2_6	0.397272	9.82406	2.3e-16	0.100251	167.837	162.962	70.2954
hesperium	exaltatum	distichum-2_6	0.219088	4.60838	4.0582e-06	0.0433784	152.428	105.008	67.265
distichum-2_6	lineapetalum	exaltatum	0.0954248	2.18707	0.0287376	0.0188863	220.316	115.472	95.3542
distichum-2_6	multiplex	exaltatum	0.253781	6.41128	1.44307e-10	0.0494461	187.682	137.11	81.6042
novomexicanum	exaltatum	distichum-2_6	0.0966091	1.72737	0.0841021	0.0122867	195.6	61.4648	50.635
distichum-2_6	exaltatum	nudicaule	0.0202038	0.454242	0.649655	0.00437013	281.887	88.6302	85.1198
distichum-2_6	nuttallianum-14	exaltatum	0.122793	2.76994	0.00560673	0.0228218	246.459	106.931	83.5425
nuttallianum-7_9	distichum-2_6	exaltatum	0.0712415	1.8133	0.0697862	0.0120609	306.552	97.0602	84.1505
exaltatum	occidentale	distichum-2_6	0.155189	3.20473	0.00135191	0.0246267	196.616	78.7604	57.599
parryi	exaltatum	distichum-2_6	0.243967	5.12651	2.95168e-07	0.0550211	151.033	114.38	69.5156
exaltatum	distichum-2_6	patens	0.204625	4.37146	1.23419e-05	0.0417408	461.91	75.3299	49.7378
exaltatum	ramosum-1_5	distichum-2_6	0.0481211	0.920442	0.357342	0.00582026	204.615	56.4375	51.2552
exaltatum	ramosum-3	distichum-2_6	0.102001	1.71515	0.0863179	0.0134368	200.279	59.3273	48.3446
exaltatum	ramosum-4_10	distichum-2_6	0.0347543	0.668299	0.503943	0.00431375	206.521	57.1587	53.3191
sapellonis	exaltatum	distichum-2_6	0.0426553	0.800682	0.423316	0.0055196	211.621	59.4332	54.5703
distichum-2_6	exaltatum	scaposum	0.192899	4.55967	5.12329e-06	0.0549363	108.143	138.916	93.9889
scopulorum	exaltatum	distichum-2_6	0.0309448	0.58039	0.561652	0.00408237	198.391	58.3602	54.8568
stachydeum	exaltatum	distichum-2_6	0.132177	2.44636	0.0144308	0.0239405	147.285	85.2396	65.3368
exaltatum	distichum-2_6	trolliifolium	0.184222	4.42998	9.42428e-06	0.0442711	200.627	131.433	90.5405
distichum-2_6	viridescens	exaltatum	0.37762	8.51927	2.3e-16	0.0723803	144.655	134.773	60.8877
distichum-2_6	xantholeucum	exaltatum	0.097647	2.28773	0.0221533	0.0194953	221.911	115.171	94.6798
geraniifolium	geyeri	distichum-2_6	0.237243	5.38185	7.37232e-08	0.0378861	221.192	102.251	63.0373
geraniifolium	glaucescens	distichum-2_6	0.266682	5.91489	3.32094e-09	0.0502844	225.483	122.41	70.8668
geraniifolium	glaucum-1_2	distichum-2_6	0.158595	2.9944	0.00274982	0.0223728	216.561	76.6239	55.6465
geraniifolium	glaucum-3_4	distichum-2_6	0.0708003	1.52793	0.126531	0.0103996	228.68	81.6866	70.8845
gypsophilum	geraniifolium	distichum-2_6	0.316791	8.51483	2.3e-16	0.0829115	191.399	184.682	95.8212
hesperium	geraniifolium	distichum-2_6	0.160345	3.6613	0.000250939	0.0349763	178.703	121.25	87.7396
distichum-2_6	lineapetalum	geraniifolium	0.106119	2.65763	0.00786923	0.0246234	257.793	131.062	105.914
distichum-2_6	multiplex	geraniifolium	0.236354	6.35054	2.14557e-10	0.0558532	225.704	157.378	97.2061
geraniifolium	novomexicanum	distichum-2_6	0.0299623	0.590391	0.554929	0.00355496	311.555	61.8277	58.2305
geraniifolium	distichum-2_6	nudicaule	0.039745	0.946953	0.343663	0.00880811	321.539	107.526	99.3051
distichum-2_6	nuttallianum-14	geraniifolium	0.0693773	1.66077	0.09676	0.0143864	271.843	100.967	87.8659
nuttallianum-7_9	distichum-2_6	geraniifolium	0.0958423	2.5505	0.0107568	0.0197603	338.255	110.686	91.3244
geraniifolium	occidentale	distichum-2_6	0.243252	5.58304	2.36345e-08	0.0431418	234.444	110.059	66.9909
parryi	geraniifolium	distichum-2_6	0.169509	3.89717	9.73246e-05	0.0402606	182.687	128.477	91.2344
geraniifolium	distichum-2_6	patens	0.188653	4.24212	2.21419e-05	0.0392095	544.331	85.0599	58.0599
geraniifolium	ramosum-1_5	distichum-2_6	0.163933	3.40985	0.000649989	0.0216425	299.168	79.5304	57.1276
geraniifolium	ramosum-3	distichum-2_6	0.199579	3.72283	0.000197	0.0243896	291.357	70.9944	47.3711
geraniifolium	ramosum-4_10	distichum-2_6	0.0821323	1.71206	0.0868863	0.0102824	302.784	69.2674	58.7528
geraniifolium	sapellonis	distichum-2_6	0.132881	2.67838	0.00739783	0.0165036	321.286	72.3262	55.3592
distichum-2_6	geraniifolium	scaposum	0.205262	5.20402	1.95024e-07	0.0606874	116.543	163.387	107.736
geraniifolium	scopulorum	distichum-2_6	0.097934	1.95169	0.0509753	0.00794193	657.49	43.1797	35.4766
stachydeum	geraniifolium	distichum-2_6	0.0958806	1.94135	0.0522157	0.0188187	171.618	100.476	82.8941
geraniifolium	distichum-2_6	trolliifolium	0.223253	5.3951	6.84856e-08	0.0521941	220.86	144.624	91.8339
distichum-2_6	viridescens	geraniifolium	0.362251	8.58486	2.3e-16	0.0856376	174.86	155.431	72.7665
distichum-2_6	xantholeucum	geraniifolium	0.0884153	2.15693	0.0310114	0.0209817	237.183	120.72	101.107
geyeri	glaucescens	distichum-2_6	0.0361824	0.862806	0.388244	0.00649225	282.875	99.3371	92.3996
glaucum-1_2	geyeri	distichum-2_6	0.101281	2.13215	0.0329946	0.0164388	202.658	84.7324	69.1474
glaucum-3_4	geyeri	distichum-2_6	0.131488	3.07317	0.00211797	0.0201675	253.709	94.9342	72.87
gypsophilum	geyeri	distichum-2_6	0.432645	12.3993	2.3e-16	0.127828	170.854	239.338	94.7824
hesperium	geyeri	distichum-2_6	0.298411	7.37471	1.64699e-13	0.0713833	169.953	162.86	88.0002
lineapetalum	distichum-2_6	geyeri	0.0268683	0.691317	0.489367	0.00817197	250.946	140.135	132.801
distichum-2_6	multiplex	geyeri	0.147482	4.08578	4.39285e-05	0.0446611	223.713	164.864	122.485
novomexicanum	geyeri	distichum-2_6	0.233334	5.21926	1.79635e-07	0.0341678	220.102	96.7622	60.1493
distichum-2_6	geyeri	nudicaule	0.00263373	0.0667479	0.946782	0.000541309	363.659	100.129	99.6031
distichum-2_6	nuttallianum-14	geyeri	0.0503248	1.24517	0.213068	0.0143822	260.859	118.903	107.508
nuttallianum-7_9	distichum-2_6	geyeri	0.103324	2.90249	0.00370208	0.0273895	329.812	126.999	103.213
occidentale	geyeri	distichum-2_6	0.0276643	0.664568	0.506327	0.00456999	274.192	86.5813	81.9198
parryi	geyeri	distichum-2_6	0.301949	7.35156	1.9591e-13	0.0765955	164.739	163.673	87.7546
geyeri	distichum-2_6	patens	0.197974	4.73786	2.1599e-06	0.037335	590.014	79.9206	53.5056
ramosum-1_5	geyeri	distichum-2_6	0.128204	2.98536	0.00283246	0.0197849	240.749	95.5634	73.8446
ramosum-3	geyeri	distichum-2_6	0.0857541	1.8017	0.0715933	0.0122173	245.322	75.9125	63.9212
ramosum-4_10	geyeri	distichum-2_6	0.140024	3.23709	0.00120756	0.0195902	244.924	86.167	65
sapellonis	geyeri	distichum-2_6	0.1645	3.72287	0.000196974	0.0251518	233.654	96.8514	69.4886
distichum-2_6	geyeri	scaposum	0.163111	4.22901	2.34726e-05	0.04701	153.904	157.522	113.341
scopulorum	geyeri	distichum-2_6	0.159917	3.6584	0.000253796	0.0237258	220.36	86.5476	62.683
stachydeum	geyeri	distichum-2_6	0.251481	5.67052	1.42367e-08	0.0511302	160.538	128.649	76.9455
geyeri	distichum-2_6	trolliifolium	0.173449	4.45151	8.52677e-06	0.0406721	245.018	141.163	99.4316
distichum-2_6	viridescens	geyeri	0.230443	5.56803	2.57637e-08	0.0712635	176.039	160.221	100.207
distichum-2_6	xantholeucum	geyeri	0.021593	0.556732	0.577711	0.00693489	232.183	136.883	131.096
glaucum-1_2	glaucescens	distichum-2_6	0.110833	2.2634	0.0236108	0.0189519	222.503	90.6558	72.5655
glaucum-3_4	glaucescens	distichum-2_6	0.188589	4.42887	9.47265e-06	0.0313863	289.955	109.255	74.5849
gypsophilum	glaucescens	distichum-2_6	0.383002	10.8699	2.3e-16	0.115112	178.327	231.374	103.223
hesperium	glaucescens	distichum-2_6	0.270601	6.70207	2.05488e-11	0.0720616	171.345	172.616	99.0916
distichum-2_6	lineapetalum	glaucescens	0.00243148	0.063606	0.949284	0.000836853	251.05	138.855	138.182
distichum-2_6	multiplex	glaucescens	0.106874	3.03122	0.00243565	0.0368894	219.719	170.489	137.566
novomexicanum	glaucescens	distichum-2_6	0.220037	4.84188	1.28617e-06	0.0402419	229.987	117.069	74.8416
distichum-2_6	glaucescens	nudicaule	0.0466875	1.16612	0.243568	0.0101321	366.966	110.032	100.216
distichum-2_6	nuttallianum-14	glaucescens	0.00930064	0.230215	0.817925	0.00269179	277.154	109.085	107.074
nuttallianum-7_9	distichum-2_6	glaucescens	0.105199	2.87728	0.00401115	0.0327856	328.259	140.898	114.075
glaucescens	occidentale	distichum-2_6	0.0395788	0.942155	0.346113	0.00553746	528.336	76.5864	70.7548
parryi	glaucescens	distichum-2_6	0.281336	7.01164	2.35535e-12	0.0763862	173.179	170.516	95.6372
glaucescens	distichum-2_6	patens	0.0884511	2.06977	0.0384739	0.0198226	609.777	84.4627	70.7352
ramosum-1_5	glaucescens	distichum-2_6	0.181094	4.17075	3.03595e-05	0.0324416	251.838	114.735	79.5511
ramosum-3	glaucescens	distichum-2_6	0.082032	1.68871	0.0912751	0.0144863	229.527	92.7791	78.7114
ramosum-4_10	glaucescens	distichum-2_6	0.176808	4.03967	5.35259e-05	0.0295711	234.107	105.019	73.4625
sapellonis	glaucescens	distichum-2_6	0.191097	4.25328	2.1066e-05	0.0351705	242.546	117.609	79.8711
distichum-2_6	glaucescens	scaposum	0.150117	3.97791	6.95233e-05	0.0429364	168.287	156.056	115.318
scopulorum	glaucescens	distichum-2_6	0.112497	2.4707	0.013485	0.0204958	208.217	98.7964	78.8155
stachydeum	glaucescens	distichum-2_6	0.223493	5.06203	4.14826e-07	0.0495563	181.654	136.875	86.8694
glaucescens	distichum-2_6	trolliifolium	0.206486	5.30248	1.14239e-07	0.0493794	263.479	151.146	99.4094
distichum-2_6	viridescens	glaucescens	0.195575	4.7265	2.28428e-06	0.0667654	163.145	161.186	108.452
xantholeucum	distichum-2_6	glaucescens	0.0168506	0.432843	0.665129	0.00565605	240.776	131.114	126.769
glaucum-3_4	glaucum-1_2	distichum-2_6	0.0151829	0.301034	0.763388	0.00175731	306.415	57.5768	55.8546
gypsophilum	glaucum-1_2	distichum-2_6	0.373649	9.65319	2.3e-16	0.100073	181.633	184.977	84.3451
hesperium	glaucum-1_2	distichum-2_6	0.250076	5.44832	5.08471e-08	0.0547357	178.987	125.543	75.3134
distichum-2_6	lineapetalum	glaucum-1_2	0.078861	1.90262	0.0570908	0.0195636	222.894	128.623	109.819
distichum-2_6	multiplex	glaucum-1_2	0.263196	6.81069	9.71305e-12	0.0635699	201.292	153.395	89.4733
novomexicanum	glaucum-1_2	distichum-2_6	0.0905394	1.69993	0.0891447	0.012202	212.092	68.8505	57.4182
distichum-2_6	glaucum-1_2	nudicaule	0.054032	1.25871	0.208135	0.0111419	312.333	96.4201	86.5347
distichum-2_6	nuttallianum-14	glaucum-1_2	0.0867416	1.95621	0.0504407	0.0183718	231.179	99.8147	83.8806
nuttallianum-7_9	distichum-2_6	glaucum-1_2	0.0660935	1.72102	0.0852464	0.0139667	303.252	104.243	91.3181
glaucum-1_2	occidentale	distichum-2_6	0.109276	2.31576	0.0205715	0.0185214	221.678	87.8618	70.5511
parryi	glaucum-1_2	distichum-2_6	0.234802	5.14021	2.74427e-07	0.0570199	166.161	131.043	81.2066
glaucum-1_2	distichum-2_6	patens	0.146172	3.19291	0.00140846	0.0296365	526.232	77.5547	57.7734
ramosum-1_5	glaucum-1_2	distichum-2_6	0.0348597	0.722975	0.469695	0.00510012	214.585	72.6699	67.7741
glaucum-1_2	ramosum-3	distichum-2_6	0.0258735	0.458916	0.646295	0.0036402	211.172	64.224	60.9844
ramosum-4_10	glaucum-1_2	distichum-2_6	0.0396888	0.792197	0.428246	0.00552003	219.122	68.9737	63.7078
sapellonis	glaucum-1_2	distichum-2_6	0.0331472	0.65244	0.514117	0.00458967	225.334	67.5317	63.1984
distichum-2_6	glaucum-1_2	scaposum	0.209088	5.22782	1.71522e-07	0.0588401	117.968	148.126	96.8951
scopulorum	glaucum-1_2	distichum-2_6	0.050284	0.957068	0.338533	0.0070931	199.541	64.5649	58.3826
stachydeum	glaucum-1_2	distichum-2_6	0.182995	3.537	0.000404695	0.0354563	171.772	103.692	71.6124
glaucum-1_2	distichum-2_6	trolliifolium	0.164264	4.01804	5.86845e-05	0.0386946	221.805	129.831	93.1959
distichum-2_6	viridescens	glaucum-1_2	0.364957	8.4047	2.3e-16	0.0884834	149.683	150.19	69.8754
distichum-2_6	xantholeucum	glaucum-1_2	0.0655266	1.54727	0.121797	0.0158159	213.463	114.194	100.149
gypsophilum	glaucum-3_4	distichum-2_6	0.352446	9.70532	2.3e-16	0.0956897	191.963	207.625	99.411
hesperium	glaucum-3_4	distichum-2_6	0.225045	5.42975	5.64318e-08	0.0503327	190.266	141.627	89.592
distichum-2_6	lineapetalum	glaucum-3_4	0.037845	0.982709	0.325751	0.0134957	260.027	133.166	123.454
distichum-2_6	multiplex	glaucum-3_4	0.22231	6.25994	3.85135e-10	0.0789725	232.907	171.122	108.876
novomexicanum	glaucum-3_4	distichum-2_6	0.0646124	1.37133	0.170272	0.00879448	247.661	78.0078	68.5391
glaucum-3_4	distichum-2_6	nudicaule	0.00220495	0.0540474	0.956897	0.000465515	359.681	105.74	105.275
distichum-2_6	nuttallianum-14	glaucum-3_4	0.0374395	0.890886	0.37299	0.0117301	282.539	107.616	99.8485
nuttallianum-7_9	distichum-2_6	glaucum-3_4	0.0891787	2.47668	0.0132609	0.0286991	348.035	124.891	104.439
glaucum-3_4	occidentale	distichum-2_6	0.174411	4.09168	4.28265e-05	0.026679	322.827	95.2523	66.9606
parryi	glaucum-3_4	distichum-2_6	0.173615	4.14223	3.43941e-05	0.042142	185.341	141.635	99.73
glaucum-3_4	distichum-2_6	patens	0.161938	3.78395	0.000154359	0.0334205	602.466	86.0091	62.0352
ramosum-1_5	glaucum-3_4	distichum-2_6	0.00304318	0.0678851	0.945877	0.000454795	248.31	82.9732	82.4697
glaucum-3_4	ramosum-3	distichum-2_6	0.105905	2.12736	0.0333902	0.0147496	234.319	76.9405	62.2044
ramosum-4_10	glaucum-3_4	distichum-2_6	0.00953214	0.211969	0.832131	0.00133108	242.504	75.6986	74.2691
sapellonis	glaucum-3_4	distichum-2_6	0.0255352	0.56354	0.573067	0.00368322	245.523	80.2535	76.2569
distichum-2_6	glaucum-3_4	scaposum	0.171316	4.48522	7.28401e-06	0.0497868	127.292	164.757	116.562
glaucum-3_4	scopulorum	distichum-2_6	0.0114457	0.250149	0.802472	0.00168117	212.425	73.6406	71.974
stachydeum	glaucum-3_4	distichum-2_6	0.167095	3.6065	0.000310356	0.0320543	186.261	113.555	81.0391
glaucum-3_4	distichum-2_6	trolliifolium	0.232949	6.02784	1.66165e-09	0.0559288	244.736	157.102	97.7376
distichum-2_6	viridescens	glaucum-3_4	0.325518	7.97204	1.56071e-15	0.114635	173.556	157.434	80.1094
distichum-2_6	xantholeucum	glaucum-3_4	0.0540115	1.36704	0.171613	0.0190858	246.498	127.336	114.286
gypsophilum	hesperium	distichum-2_6	0.154553	4.2168	2.4779e-05	0.0390059	310.287	148.627	108.836
distichum-2_6	lineapetalum	gypsophilum	0.082594	2.24542	0.0247412	0.0121025	369.658	147.436	124.939
distichum-2_6	multiplex	gypsophilum	0.17315	5.02323	5.08106e-07	0.0241687	365.251	158.941	112.024
gypsophilum	novomexicanum	distichum-2_6	0.332453	8.82385	2.3e-16	0.0896652	186.328	195.227	97.8073
gypsophilum	distichum-2_6	nudicaule	0.115586	3.22071	0.00127876	0.0371728	309.654	181.268	143.706
distichum-2_6	nuttallianum-14	gypsophilum	0.0776424	2.00414	0.0450551	0.00962454	376.546	111.543	95.4696
nuttallianum-7_9	distichum-2_6	gypsophilum	0.0334279	0.965157	0.334466	0.0041149	460.423	111.987	104.742
gypsophilum	occidentale	distichum-2_6	0.43428	12.558	2.3e-16	0.127237	183.201	232.95	91.8819
gypsophilum	parryi	distichum-2_6	0.166509	4.4164	1.00359e-05	0.0382592	538.536	132.561	94.717
gypsophilum	distichum-2_6	patens	0.166653	4.50696	6.57637e-06	0.0539355	529.698	132.785	94.849
gypsophilum	ramosum-1_5	distichum-2_6	0.388322	10.7733	2.3e-16	0.108667	189.37	217.053	95.6306
gypsophilum	ramosum-3	distichum-2_6	0.412435	10.8382	2.3e-16	0.114538	183.576	207.493	86.316
gypsophilum	ramosum-4_10	distichum-2_6	0.346008	9.67236	2.3e-16	0.0942507	189.472	200.366	97.353
gypsophilum	sapellonis	distichum-2_6	0.336748	9.10806	2.3e-16	0.0899989	195.001	194.43	96.4701
gypsophilum	distichum-2_6	scaposum	0.171835	5.10141	3.3714e-07	0.0681427	130.842	226.412	160.011
gypsophilum	scopulorum	distichum-2_6	0.344321	9.30499	2.3e-16	0.0923783	188.464	183.063	89.2873
gypsophilum	stachydeum	distichum-2_6	0.223086	5.68133	1.33652e-08	0.0669546	164.558	182.162	115.711
gypsophilum	distichum-2_6	trolliifolium	0.393429	11.3655	2.3e-16	0.126882	216.412	244.437	106.405
distichum-2_6	viridescens	gypsophilum	0.241173	6.19919	5.67529e-10	0.0337686	279.263	151.506	92.6276
distichum-2_6	xantholeucum	gypsophilum	0.0906	2.42701	0.0152237	0.0128224	346.867	132.611	110.578
distichum-2_6	lineapetalum	hesperium	0.116352	2.89337	0.00381128	0.0153017	282.452	141.82	112.258
distichum-2_6	multiplex	hesperium	0.207992	5.68119	1.33757e-08	0.0271805	270.173	161.686	106.008
hesperium	novomexicanum	distichum-2_6	0.19302	4.33585	1.45199e-05	0.04213	183.769	130.859	88.5156
distichum-2_6	hesperium	nudicaule	0.0835559	2.17819	0.0293916	0.0279358	273.859	157.755	133.425
distichum-2_6	nuttallianum-14	hesperium	0.0265135	0.632438	0.5271	0.00313294	294.542	104.858	99.441
nuttallianum-7_9	distichum-2_6	hesperium	0.0595218	1.65142	0.0986529	0.0067507	363.883	111.207	98.7124
hesperium	occidentale	distichum-2_6	0.301107	7.4619	8.52867e-14	0.0790682	173.877	170.63	91.6544
hesperium	parryi	distichum-2_6	1.59545e-05	0.000386865	0.999691	3.70718e-06	326.537	108.818	108.815
hesperium	distichum-2_6	patens	0.0748824	1.77971	0.0751231	0.0219155	492.024	97.0035	83.4878
hesperium	ramosum-1_5	distichum-2_6	0.228022	5.40826	6.36414e-08	0.0492857	193.954	137.49	86.4311
hesperium	ramosum-3	distichum-2_6	0.304077	6.66071	2.72509e-11	0.0680265	173.451	137.319	73.2804
hesperium	ramosum-4_10	distichum-2_6	0.244504	5.75271	8.78251e-09	0.0519579	189.649	135.097	82.0125
hesperium	sapellonis	distichum-2_6	0.216192	4.9682	6.75781e-07	0.0469333	188.493	133.586	86.0933
distichum-2_6	hesperium	scaposum	0.0372407	0.974751	0.329684	0.0125861	116.341	150.238	139.45
hesperium	scopulorum	distichum-2_6	0.185415	4.19124	2.77428e-05	0.0405882	178.467	120.202	82.5994
hesperium	stachydeum	distichum-2_6	0.0608875	1.33921	0.180503	0.0150796	161.494	122.692	108.609
hesperium	distichum-2_6	trolliifolium	0.296612	7.71177	1.24082e-14	0.0860594	208.812	188.555	102.288
distichum-2_6	viridescens	hesperium	0.326567	7.6932	1.43498e-14	0.0402108	215.99	148.622	75.4479
distichum-2_6	xantholeucum	hesperium	0.033156	0.802523	0.42225	0.00421797	277.73	117.69	110.136
distichum-2_6	lineapetalum	multiplex	0.169203	6.01362	1.81423e-09	0.0838909	216.677	271.371	192.827
distichum-2_6	lineapetalum	novomexicanum	0.10296	2.56826	0.0102211	0.0307029	247.139	136.389	110.926
distichum-2_6	lineapetalum	nudicaule	0.0488701	1.28183	0.199904	0.0109411	485.568	113.05	102.516
lineapetalum	nuttallianum-14	distichum-2_6	0.163513	4.95986	7.05445e-07	0.0644086	286.206	175.966	126.508
distichum-2_6	nuttallianum-7_9	lineapetalum	0.101736	3.45353	0.000553299	0.0327086	255.707	198.154	161.558
lineapetalum	distichum-2_6	occidentale	0.00653098	0.170814	0.86437	0.00218422	239.595	135.655	133.894
distichum-2_6	lineapetalum	parryi	0.121495	3.19499	0.00139837	0.015129	282.523	144.055	112.843
lineapetalum	distichum-2_6	patens	0.0687871	1.69344	0.0903723	0.0149365	728.913	79.4549	69.2274
distichum-2_6	lineapetalum	ramosum-1_5	0.0780076	1.98118	0.0475706	0.0280434	251.092	140.592	120.245
distichum-2_6	lineapetalum	ramosum-3	0.0824431	1.99793	0.0457238	0.0223292	237.417	136.858	116.01
distichum-2_6	lineapetalum	ramosum-4_10	0.0863378	2.17183	0.0298687	0.0324846	254.826	138.127	116.171
distichum-2_6	lineapetalum	sapellonis	0.104003	2.62448	0.00867816	0.0348541	247.946	142.4	115.571
distichum-2_6	lineapetalum	scaposum	0.0649232	1.80843	0.07054	0.0174707	246.457	132.063	115.96
distichum-2_6	lineapetalum	scopulorum	0.0971946	2.39756	0.0165047	0.0260521	240.419	129.398	106.473
distichum-2_6	lineapetalum	stachydeum	0.049555	1.18296	0.236823	0.00804035	259.764	117.517	106.42
lineapetalum	distichum-2_6	trolliifolium	0.0598432	1.58481	0.113009	0.0157926	353.359	140.238	124.401
distichum-2_6	lineapetalum	viridescens	0.105422	2.92134	0.00348531	0.0263405	186.405	191.8	155.217
xantholeucum	lineapetalum	distichum-2_6	0.0167567	0.508683	0.610975	0.00560427	443.082	139.633	135.03
distichum-2_6	multiplex	novomexicanum	0.266417	6.98069	2.93735e-12	0.0808957	216.039	169.347	98.0958
distichum-2_6	multiplex	nudicaule	0.00566174	0.159683	0.873131	0.00117359	487.214	107.569	106.358
distichum-2_6	nuttallianum-14	multiplex	0.00507332	0.163267	0.870308	0.00199037	240.721	161.653	160.021
nuttallianum-7_9	distichum-2_6	multiplex	0.0846284	2.95669	0.00310961	0.0305615	306.986	184.736	155.908
distichum-2_6	multiplex	occidentale	0.162122	4.58522	4.53508e-06	0.0542717	219.022	171.103	123.364
distichum-2_6	multiplex	parryi	0.198459	5.46336	4.6721e-08	0.0231784	272.924	153.288	102.52
multiplex	distichum-2_6	patens	0.0991133	2.53801	0.0111486	0.0199276	749.067	81.1411	66.5072
distichum-2_6	multiplex	ramosum-1_5	0.260419	7.00408	2.4861e-12	0.0929083	223.206	175.261	102.839
distichum-2_6	multiplex	ramosum-3	0.233923	5.91784	3.26188e-09	0.0619173	209.233	162.927	101.153
distichum-2_6	multiplex	ramosum-4_10	0.245218	6.76215	1.35959e-11	0.0900721	222.381	166.689	101.038
distichum-2_6	multiplex	sapellonis	0.222953	5.91862	3.2465e-09	0.0723069	220.369	158.88	100.95
distichum-2_6	multiplex	scaposum	0.159266	4.74994	2.03474e-06	0.044939	244.905	166.211	120.541
distichum-2_6	multiplex	scopulorum	0.227654	6.05739	1.3835e-09	0.0587315	217.53	147.534	92.817
distichum-2_6	multiplex	stachydeum	0.189937	4.91572	8.84563e-07	0.0311335	235.803	145.111	98.7859
multiplex	distichum-2_6	trolliifolium	0.134601	3.8448	0.000120652	0.0336096	348.659	154.027	117.482
viridescens	multiplex	distichum-2_6	0.0333238	1.03606	0.300176	0.00919005	520.07	129.606	121.246
distichum-2_6	xantholeucum	multiplex	0.0569309	1.89249	0.0584254	0.025061	203.918	204.704	182.652
novomexicanum	distichum-2_6	nudicaule	0.0307516	0.734874	0.462416	0.00663361	332.556	106.957	100.575
distichum-2_6	nuttallianum-14	novomexicanum	0.0419712	0.977999	0.328075	0.0109663	270.237	102.019	93.7999
nuttallianum-7_9	distichum-2_6	novomexicanum	0.0694556	1.80702	0.0707591	0.0184566	332.122	112.809	98.1567
novomexicanum	occidentale	distichum-2_6	0.180109	4.01779	5.87463e-05	0.0305449	229.926	100.7	69.9625
parryi	novomexicanum	distichum-2_6	0.168835	3.80205	0.000143502	0.0406954	187.856	134.511	95.6515
novomexicanum	distichum-2_6	patens	0.154774	3.50319	0.000459727	0.0320955	552.12	82.4536	60.3511
novomexicanum	ramosum-1_5	distichum-2_6	0.0831917	1.74187	0.0815317	0.0085301	352.895	59.5526	50.4051
novomexicanum	ramosum-3	distichum-2_6	0.201069	3.62893	0.000284597	0.0184686	418.911	54.7096	36.3919
novomexicanum	ramosum-4_10	distichum-2_6	0.0762171	1.56869	0.116719	0.00878437	302.06	64.9367	55.7391
novomexicanum	sapellonis	distichum-2_6	0.118656	2.35408	0.0185684	0.0085935	537.946	43.5294	34.295
distichum-2_6	novomexicanum	scaposum	0.136541	3.41396	0.000640255	0.0393408	111.739	151.584	115.162
novomexicanum	scopulorum	distichum-2_6	0.109973	2.20106	0.0277318	0.0119004	296.596	58.3336	46.7745
stachydeum	novomexicanum	distichum-2_6	0.133986	2.67829	0.0073999	0.0246499	176.656	102.054	77.9375
novomexicanum	distichum-2_6	trolliifolium	0.205898	5.11448	3.14614e-07	0.0514215	220.442	153.598	101.147
distichum-2_6	viridescens	novomexicanum	0.331635	7.70783	1.27972e-14	0.0998536	173.568	155.738	78.1671
distichum-2_6	xantholeucum	novomexicanum	0.0804885	1.92466	0.054272	0.0236411	239.759	123.8	105.356
distichum-2_6	nuttallianum-14	nudicaule	0.0440686	1.10862	0.267594	0.00815656	473.934	83.3329	76.2982
distichum-2_6	nuttallianum-7_9	nudicaule	0.0168954	0.477256	0.63318	0.00315601	543.021	88.6619	85.7157
distichum-2_6	occidentale	nudicaule	0.0296504	0.735036	0.462317	0.00643783	364.967	105.747	99.6562
distichum-2_6	parryi	nudicaule	0.00238786	0.0615527	0.950919	0.000733451	291.961	137.742	137.086
distichum-2_6	nudicaule	patens	0.346106	10.3979	2.3e-16	0.151648	400.604	202.172	98.2083
ramosum-1_5	distichum-2_6	nudicaule	0.00768887	0.186916	0.851727	0.00173909	353.65	109.556	107.885
distichum-2_6	ramosum-3	nudicaule	0.0122258	0.28377	0.776586	0.00251694	329.992	95.4436	93.138
distichum-2_6	ramosum-4_10	nudicaule	0.0322953	0.805782	0.420368	0.00695484	340.967	108.69	101.889
distichum-2_6	sapellonis	nudicaule	0.0374981	0.9055	0.3652	0.00824751	336.619	110.48	102.494
distichum-2_6	scaposum	nudicaule	0.0142183	0.360371	0.71857	0.0032934	310.718	107.183	104.178
distichum-2_6	scopulorum	nudicaule	0.065735	1.57763	0.11465	0.0145837	306.371	105.748	92.7027
distichum-2_6	stachydeum	nudicaule	0.0570251	1.3391	0.180537	0.0140905	283.816	114.403	102.059
distichum-2_6	trolliifolium	nudicaule	0.176021	4.865	1.14456e-06	0.0579179	267.363	172.933	121.166
distichum-2_6	viridescens	nudicaule	0.0563024	1.34403	0.178938	0.0113364	385.164	97.0634	86.7161
xantholeucum	distichum-2_6	nudicaule	0.0476406	1.24931	0.211551	0.00991197	455.428	97.602	88.7253
distichum-2_6	nuttallianum-7_9	nuttallianum-14	0.134576	4.69788	2.62878e-06	0.0595161	198.755	210.271	160.389
distichum-2_6	nuttallianum-14	occidentale	0.00983696	0.244281	0.807013	0.00280911	266.916	107.291	105.201
distichum-2_6	nuttallianum-14	parryi	0.081087	2.01087	0.0443397	0.00894338	304.967	110.571	93.9844
nuttallianum-14	distichum-2_6	patens	0.0830786	1.92129	0.0546953	0.0163995	654.2	65.5122	55.4618
distichum-2_6	nuttallianum-14	ramosum-1_5	0.0647413	1.58974	0.111894	0.0205966	269.481	110.169	96.7713
distichum-2_6	nuttallianum-14	ramosum-3	0.0308153	0.701474	0.483007	0.00740302	254.564	103.026	96.8659
distichum-2_6	nuttallianum-14	ramosum-4_10	0.0958465	2.37421	0.0175864	0.032349	270.17	114.024	94.078
distichum-2_6	nuttallianum-14	sapellonis	0.100998	2.44421	0.0145169	0.0315311	267.571	116.573	95.186
distichum-2_6	nuttallianum-14	scaposum	0.0777311	2.07221	0.0382462	0.0204667	277.946	118.333	101.263
distichum-2_6	nuttallianum-14	scopulorum	0.0693641	1.67533	0.0938687	0.0165186	260.411	102.484	89.1884
distichum-2_6	nuttallianum-14	stachydeum	0.0283815	0.664149	0.506595	0.00424569	270.089	95.9957	90.697
nuttallianum-14	distichum-2_6	trolliifolium	0.0222565	0.591964	0.553875	0.0055483	368.61	118.176	113.03
distichum-2_6	nuttallianum-14	viridescens	0.142985	3.70518	0.000211237	0.0323543	189.342	157.53	118.116
xantholeucum	nuttallianum-14	distichum-2_6	0.178772	5.60134	2.12696e-08	0.0601333	339.096	158.174	110.197
nuttallianum-7_9	distichum-2_6	occidentale	0.096796	2.7392	0.00615891	0.0280229	331.718	126.982	104.569
nuttallianum-7_9	distichum-2_6	parryi	0.0437953	1.22114	0.222034	0.00471742	372.682	111.078	101.757
distichum-2_6	nuttallianum-7_9	patens	0.00775244	0.205998	0.836793	0.00157642	781.289	67.5911	66.5512
nuttallianum-7_9	distichum-2_6	ramosum-1_5	0.0863607	2.32813	0.0199051	0.0267319	336.326	120.465	101.312
nuttallianum-7_9	distichum-2_6	ramosum-3	0.0819846	2.13832	0.0324912	0.0198612	311.852	118.032	100.145
nuttallianum-7_9	distichum-2_6	ramosum-4_10	0.0468407	1.27694	0.201623	0.0153869	341.063	114.015	103.811
nuttallianum-7_9	distichum-2_6	sapellonis	0.0589298	1.57291	0.11574	0.0180967	331.791	117.44	104.369
nuttallianum-7_9	distichum-2_6	scaposum	0.0159244	0.48361	0.628663	0.00408465	352.611	118.123	114.42
nuttallianum-7_9	distichum-2_6	scopulorum	0.0842562	2.29465	0.021753	0.0194043	327.298	108.411	91.562
nuttallianum-7_9	distichum-2_6	stachydeum	0.0468102	1.25029	0.211192	0.00714416	328.602	105.544	96.105
nuttallianum-7_9	distichum-2_6	trolliifolium	0.0421307	1.2396	0.215123	0.0100516	425.73	122.218	112.336
nuttallianum-7_9	distichum-2_6	viridescens	0.0775574	2.25951	0.0238519	0.0160392	263.484	144.4	123.614
distichum-2_6	nuttallianum-7_9	xantholeucum	0.0641171	2.14454	0.0319894	0.0231421	242.323	176.035	154.821
parryi	occidentale	distichum-2_6	0.298218	7.3545	1.91646e-13	0.0797169	174.677	165.937	89.7014
occidentale	distichum-2_6	patens	0.140007	3.22919	0.00124141	0.0289193	620.894	81.941	61.8142
ramosum-1_5	occidentale	distichum-2_6	0.162051	3.82507	0.000130736	0.026295	244.846	99.6147	71.8317
ramosum-3	occidentale	distichum-2_6	0.0592954	1.27686	0.201651	0.0107405	231.765	92.4562	82.1055
ramosum-4_10	occidentale	distichum-2_6	0.149965	3.51985	0.000431785	0.0247088	241.37	98.3596	72.7058
sapellonis	occidentale	distichum-2_6	0.15006	3.38725	0.000705973	0.0256702	242.3	102.479	75.7361
distichum-2_6	occidentale	scaposum	0.186193	4.92973	8.23415e-07	0.0568858	149.13	169.024	115.962
scopulorum	occidentale	distichum-2_6	0.112127	2.55653	0.0105721	0.0191146	212.849	88.7239	70.8333
stachydeum	occidentale	distichum-2_6	0.244177	5.42395	5.82947e-08	0.0523876	182.262	130.286	79.1476
occidentale	distichum-2_6	trolliifolium	0.179009	4.6497	3.32411e-06	0.0417925	261.823	140.325	97.7137
distichum-2_6	viridescens	occidentale	0.212449	5.13154	2.87388e-07	0.0722388	169.286	159.831	103.819
xantholeucum	distichum-2_6	occidentale	0.00768585	0.19932	0.842013	0.00250046	227.284	124.508	122.609
parryi	distichum-2_6	patens	0.173289	4.17147	3.02647e-05	0.0521393	507.104	114.25	80.5017
parryi	ramosum-1_5	distichum-2_6	0.226724	5.29927	1.16264e-07	0.0542007	185.952	145.627	91.7975
parryi	ramosum-3	distichum-2_6	0.25455	5.55875	2.71718e-08	0.0628282	174.997	140.556	83.5182
parryi	ramosum-4_10	distichum-2_6	0.226814	5.35476	8.56718e-08	0.0519594	181.52	138.075	87.0203
parryi	sapellonis	distichum-2_6	0.200127	4.58645	4.50846e-06	0.0464997	186.286	135.147	90.0742
parryi	distichum-2_6	scaposum	0.0229796	0.616862	0.537326	0.00819615	119.897	154.263	147.333
parryi	scopulorum	distichum-2_6	0.194239	4.3915	1.12571e-05	0.0446397	177.221	121.861	82.2206
parryi	stachydeum	distichum-2_6	0.0830036	1.87285	0.0610892	0.0226743	157.986	131.451	111.302
parryi	distichum-2_6	trolliifolium	0.311863	8.13882	3.99095e-16	0.0943169	212.906	193.121	101.302
distichum-2_6	viridescens	parryi	0.239735	5.72522	1.033e-08	0.028769	217.09	145.469	89.2083
distichum-2_6	xantholeucum	parryi	0.103574	2.63868	0.00832305	0.0126729	277.803	130.736	106.196
ramosum-1_5	distichum-2_6	patens	0.156441	3.65471	0.000257475	0.0332683	588.558	85.5425	62.3984
ramosum-3	distichum-2_6	patens	0.109054	2.39862	0.0164569	0.0220433	555.357	75.3464	60.5286
ramosum-4_10	distichum-2_6	patens	0.176829	4.19002	2.78934e-05	0.0351961	586.256	82.403	57.6394
sapellonis	distichum-2_6	patens	0.139695	3.17145	0.00151679	0.0289003	564.862	82.3776	62.1832
scaposum	distichum-2_6	patens	0.101741	2.50822	0.0121341	0.0230755	511.161	81.9401	66.8064
scopulorum	distichum-2_6	patens	0.196439	4.46003	8.19477e-06	0.038825	532.669	77.1641	51.8255
stachydeum	distichum-2_6	patens	0.097369	2.08095	0.0374384	0.0219342	505.793	79.7622	65.6076
distichum-2_6	trolliifolium	patens	0.0960651	2.43712	0.0148048	0.030182	470.276	109.847	90.592
viridescens	distichum-2_6	patens	0.0635864	1.38667	0.165541	0.0121983	596.194	66.9792	58.9705
xantholeucum	distichum-2_6	patens	0.18704	4.5409	5.60142e-06	0.0388655	660.195	81.3581	55.7192
ramosum-1_5	ramosum-3	distichum-2_6	0.121674	2.366	0.0179812	0.0146447	350.371	67.3238	52.7179
ramosum-4_10	ramosum-1_5	distichum-2_6	0.0405497	0.890732	0.373073	0.00451407	329.161	62.6336	57.752
sapellonis	ramosum-1_5	distichum-2_6	0.0348088	0.756899	0.449111	0.00381928	369.004	61.9083	57.7434
distichum-2_6	ramosum-1_5	scaposum	0.209194	5.35261	8.66954e-08	0.061556	131.26	168.676	110.313
scopulorum	ramosum-1_5	distichum-2_6	0.0688079	1.479	0.139141	0.00865666	289.08	66.5556	57.9861
stachydeum	ramosum-1_5	distichum-2_6	0.17459	3.77315	0.0001612	0.0347018	177.52	117.577	82.6241
ramosum-1_5	distichum-2_6	trolliifolium	0.199942	5.01045	5.43033e-07	0.0483438	250.72	148.953	99.3139
distichum-2_6	viridescens	ramosum-1_5	0.294713	7.04791	1.81619e-12	0.108324	179.586	161.573	88.0162
distichum-2_6	xantholeucum	ramosum-1_5	0.0735011	1.82536	0.0679471	0.0258957	239.74	128.252	110.69
ramosum-4_10	ramosum-3	distichum-2_6	0.128715	2.52398	0.0116034	0.0147749	308.48	62.9397	48.5848
sapellonis	ramosum-3	distichum-2_6	0.140332	2.61677	0.00887649	0.0144361	429.711	58.1725	43.8548
distichum-2_6	ramosum-3	scaposum	0.204235	4.9424	7.71648e-07	0.0595709	120.774	159.779	105.583
scopulorum	ramosum-3	distichum-2_6	0.0689929	1.29885	0.193996	0.0083417	279.763	58.5339	50.9783
stachydeum	ramosum-3	distichum-2_6	0.185263	3.56406	0.000365158	0.0350293	178.445	102.674	70.5773
ramosum-3	distichum-2_6	trolliifolium	0.180624	4.33348	1.46767e-05	0.0436735	229.797	138.852	96.366
distichum-2_6	viridescens	ramosum-3	0.349434	8.00233	1.22081e-15	0.0952433	152.388	163.871	79.0026
distichum-2_6	xantholeucum	ramosum-3	0.0187749	0.448534	0.653768	0.00525744	222.822	122.232	117.727
ramosum-4_10	sapellonis	distichum-2_6	0.00235273	0.050105	0.960039	0.000261269	321.797	59.3939	59.1151
distichum-2_6	ramosum-4_10	scaposum	0.184972	4.80519	1.54604e-06	0.0540841	122.306	164.43	113.096
ramosum-4_10	scopulorum	distichum-2_6	0.0165614	0.351954	0.724873	0.00201243	300.627	61.3069	59.3094
stachydeum	ramosum-4_10	distichum-2_6	0.177547	3.79398	0.000148251	0.0334865	181.155	110.684	77.3066
ramosum-4_10	distichum-2_6	trolliifolium	0.177701	4.59863	4.25283e-06	0.0413297	236.531	141.763	98.982
distichum-2_6	viridescens	ramosum-4_10	0.341659	8.187	2.67798e-16	0.129	179.818	163.077	80.0205
distichum-2_6	xantholeucum	ramosum-4_10	0.0820004	2.07052	0.0384037	0.0298957	246.113	126.863	107.634
distichum-2_6	sapellonis	scaposum	0.158312	4.02595	5.67467e-05	0.044987	123.365	157.346	114.336
sapellonis	scopulorum	distichum-2_6	0.0324851	0.684833	0.493449	0.00382584	326.984	60.2283	56.4384
stachydeum	sapellonis	distichum-2_6	0.178696	3.65564	0.000256541	0.0328485	181.52	107.839	75.1415
sapellonis	distichum-2_6	trolliifolium	0.180482	4.50116	6.75846e-06	0.0439124	239.544	146.178	101.48
distichum-2_6	viridescens	sapellonis	0.327223	7.64517	2.08673e-14	0.109272	175.948	160.382	81.2986
distichum-2_6	xantholeucum	sapellonis	0.0773639	1.91358	0.0556741	0.0262889	240.116	129.226	110.667
distichum-2_6	scopulorum	scaposum	0.162797	4.18111	2.90087e-05	0.0467235	121.838	148.687	107.053
distichum-2_6	stachydeum	scaposum	0.0287409	0.70694	0.479604	0.00883059	111.392	137.116	129.454
scaposum	distichum-2_6	trolliifolium	0.192771	5.24676	1.54798e-07	0.0501057	224.165	153.887	104.146
distichum-2_6	viridescens	scaposum	0.256004	6.78209	1.18447e-11	0.0708037	189.961	151.262	89.6001
distichum-2_6	xantholeucum	scaposum	0.033089	0.908831	0.363439	0.00892236	255.599	125.564	117.52
stachydeum	scopulorum	distichum-2_6	0.126342	2.55337	0.0106686	0.0234799	161.22	95.7899	74.3003
scopulorum	distichum-2_6	trolliifolium	0.139391	3.47289	0.000514882	0.0328087	218.846	129.565	97.8634
distichum-2_6	viridescens	scopulorum	0.33688	7.89519	2.89883e-15	0.08731	163.228	146.349	72.5923
distichum-2_6	xantholeucum	scopulorum	0.0947951	2.35381	0.0185822	0.0258298	227.647	124.824	103.208
stachydeum	distichum-2_6	trolliifolium	0.129665	3.11453	0.00184235	0.0347295	205.451	142.844	110.052
distichum-2_6	viridescens	stachydeum	0.265884	5.89571	3.73062e-09	0.0421518	187.552	134.243	77.8507
xantholeucum	distichum-2_6	stachydeum	0.0252208	0.605725	0.544698	0.00400315	240.149	106.176	100.952
viridescens	distichum-2_6	trolliifolium	0.0812618	1.98688	0.0469356	0.0181832	287.667	113.955	96.8264
xantholeucum	distichum-2_6	trolliifolium	0.0365157	0.980749	0.326717	0.00977782	336.686	134.757	125.262
distichum-2_6	xantholeucum	viridescens	0.130397	3.61804	0.000296837	0.0319661	166.218	176.817	136.024
geraniifolium	exaltatum	geyeri	0.109435	2.10495	0.0352959	0.0287163	70.0061	92.7804	74.4766
geraniifolium	exaltatum	glaucescens	0.0222027	0.413941	0.678917	0.00582892	86.1293	79.9297	76.4575
exaltatum	glaucum-1_2	geraniifolium	0.0678022	1.0962	0.272993	0.0117314	114.282	67.4245	58.862
exaltatum	glaucum-3_4	geraniifolium	0.00111103	0.0205764	0.983584	0.000176411	124.765	61.0095	60.8741
geraniifolium	exaltatum	gypsophilum	0.0249819	0.444476	0.656699	0.00217215	194.507	67.4913	64.2014
exaltatum	geraniifolium	hesperium	0.0956032	1.54212	0.123045	0.00782894	140.811	69.5851	57.441
geraniifolium	exaltatum	lineapetalum	0.0305398	0.521831	0.601788	0.00346557	171.068	64.3542	60.5399
geraniifolium	exaltatum	multiplex	0.0218254	0.417937	0.675993	0.00346327	149.902	68.2085	65.2947
novomexicanum	geraniifolium	exaltatum	0.0595324	1.00908	0.312935	0.00736825	142.378	61.4418	54.5373
exaltatum	geraniifolium	nudicaule	0.00534594	0.0866081	0.930983	0.000677221	365.359	50.7691	50.2292
geraniifolium	exaltatum	nuttallianum-14	0.154722	2.57674	0.00997371	0.0198826	171.87	65.75	48.1302
geraniifolium	exaltatum	nuttallianum-7_9	0.00765925	0.134313	0.893155	0.00133066	200.888	54.2461	53.4214
geraniifolium	exaltatum	occidentale	0.0418285	0.79717	0.425352	0.0115919	77.8987	83.2616	76.5758
exaltatum	geraniifolium	parryi	0.098776	1.66757	0.0954021	0.00724568	138.08	68.0278	55.7969
geraniifolium	exaltatum	patens	0.0231495	0.329343	0.741896	0.00248656	582.911	33.4167	31.9045
geraniifolium	ramosum-1_5	exaltatum	0.0941182	1.67632	0.0936764	0.0118208	128.275	64.2904	53.2296
geraniifolium	ramosum-3	exaltatum	0.179645	2.98223	0.00286158	0.0231851	129.708	69.7865	48.5312
geraniifolium	ramosum-4_10	exaltatum	0.0614498	1.11059	0.266743	0.00758831	135.046	62.0194	54.8385
geraniifolium	sapellonis	exaltatum	0.100446	1.80809	0.0705918	0.012721	146.775	66.0286	53.9748
exaltatum	geraniifolium	scaposum	0.0698462	1.25362	0.209979	0.0118547	163.49	70.5095	61.303
geraniifolium	scopulorum	exaltatum	0.0403624	0.705883	0.480261	0.00311295	462.276	37.4774	34.5694
exaltatum	geraniifolium	stachydeum	0.042135	0.670793	0.502353	0.00417446	127.924	59.1493	54.3663
geraniifolium	exaltatum	trolliifolium	0.0604742	1.04334	0.296791	0.00710836	298.538	57.7378	51.1528
exaltatum	geraniifolium	viridescens	0.0417914	0.68345	0.494322	0.00427569	116.738	62.5156	57.5
geraniifolium	exaltatum	xantholeucum	0.0352097	0.618287	0.536386	0.00494328	175.549	67.9905	63.3655
glaucescens	geyeri	exaltatum	0.230103	4.60904	4.04526e-06	0.0365874	126.088	95.9891	60.0777
glaucum-1_2	exaltatum	geyeri	0.0985204	1.69197	0.0906522	0.0209086	109.841	72.3116	59.3411
exaltatum	glaucum-3_4	geyeri	0.032047	0.661082	0.50856	0.0070157	115.703	73.9689	69.3751
geyeri	exaltatum	gypsophilum	0.10803	2.06169	0.0392371	0.00849242	231.592	67.6212	54.4355
exaltatum	geyeri	hesperium	0.028846	0.511602	0.608929	0.00216245	170.13	62.6337	59.1215
exaltatum	geyeri	lineapetalum	0.0497108	0.906081	0.364893	0.00541137	185.204	64.2839	58.1953
exaltatum	geyeri	multiplex	0.0483561	1.01071	0.312157	0.00753807	170.071	69.142	62.7635
novomexicanum	exaltatum	geyeri	0.09934	1.96603	0.0492952	0.0256321	64.4991	91.2405	74.7509
exaltatum	geyeri	nudicaule	0.00898315	0.160136	0.872774	0.00105913	402.686	49.4323	48.5521
exaltatum	geyeri	nuttallianum-14	0.148939	2.70036	0.00692648	0.0189259	172.066	64.0903	47.474
exaltatum	geyeri	nuttallianum-7_9	0.183495	3.57306	0.000352832	0.034237	214.805	68.9538	47.5719
occidentale	geyeri	exaltatum	0.166231	3.26734	0.00108562	0.0256117	116.948	85.0473	60.8025
exaltatum	geyeri	parryi	0.0173914	0.317959	0.750516	0.00115737	169.841	59.6675	57.6276
exaltatum	geyeri	patens	0.023165	0.357804	0.72049	0.00254099	601.444	34.5833	33.0174
exaltatum	ramosum-1_5	geyeri	0.0254309	0.515364	0.606299	0.00655424	69.0747	85.5799	81.3351
exaltatum	ramosum-3	geyeri	0.141927	2.65175	0.00800759	0.0383564	69.1858	95	71.3854
exaltatum	ramosum-4_10	geyeri	0.0155465	0.332786	0.739296	0.00395127	67.3582	82.6293	80.0995
sapellonis	exaltatum	geyeri	0.0385241	0.779325	0.435788	0.00992668	74.1719	87.0278	80.5712
exaltatum	geyeri	scaposum	0.0723256	1.35591	0.175129	0.0110033	183.217	64.299	55.6254
scopulorum	exaltatum	geyeri	0.0371585	0.747247	0.454914	0.00988362	70.5917	87.9268	81.6264
exaltatum	geyeri	stachydeum	0.00540558	0.0912295	0.92731	0.000509512	145.587	54.7326	54.1441
exaltatum	geyeri	trolliifolium	0.0651595	1.23279	0.217656	0.00792348	316.119	60.4071	53.0165
exaltatum	geyeri	viridescens	0.0458056	0.789151	0.430024	0.00467931	133.427	63.3611	57.8108
exaltatum	geyeri	xantholeucum	0.128742	2.48773	0.012856	0.0169755	185.227	71.1519	54.921
exaltatum	glaucum-1_2	glaucescens	0.0824161	1.36349	0.172727	0.017488	117.265	66.329	56.2283
exaltatum	glaucum-3_4	glaucescens	0.348796	8.94367	2.3e-16	0.0891872	128.714	109.24	52.7413
glaucescens	exaltatum	gypsophilum	0.113522	2.15397	0.0312426	0.00992853	196.898	75.9844	60.4913
glaucescens	exaltatum	hesperium	0.0994797	1.74019	0.0818257	0.00830569	142.365	74.4688	60.9931
glaucescens	exaltatum	lineapetalum	0.0169458	0.312761	0.754462	0.00211039	170.517	70.6389	68.2847
exaltatum	glaucescens	multiplex	0.0550168	1.18293	0.236838	0.010416	153.119	84.9508	76.0908
exaltatum	novomexicanum	glaucescens	0.0257258	0.48455	0.627995	0.00684096	87.0038	82.3388	78.2086
exaltatum	glaucescens	nudicaule	0.0428299	0.737748	0.460668	0.00568707	370.974	56.9392	52.2622
glaucescens	exaltatum	nuttallianum-14	0.0288454	0.515589	0.606142	0.00414006	166.894	65.3906	61.724
exaltatum	glaucescens	nuttallianum-7_9	0.200031	3.96857	7.23059e-05	0.0398693	198.883	75.105	50.0668
glaucescens	occidentale	exaltatum	0.095525	1.8636	0.0623778	0.0109011	316.627	60.6076	50.0382
glaucescens	exaltatum	parryi	0.0212711	0.383	0.701719	0.001626	132.878	68.3507	65.5035
exaltatum	glaucescens	patens	0.0617369	0.964742	0.334674	0.00810832	563.503	42.875	37.8889
exaltatum	ramosum-1_5	glaucescens	0.177081	3.49143	0.000480451	0.0447232	90.9583	91.9635	64.2934
exaltatum	ramosum-3	glaucescens	0.147176	2.65553	0.00791846	0.0367279	86.8281	82.6823	61.467
exaltatum	ramosum-4_10	glaucescens	0.055099	1.08689	0.277084	0.0132322	85.8214	77.4144	69.329
exaltatum	sapellonis	glaucescens	0.0319873	0.606049	0.544482	0.0080728	88.1875	78.9757	74.0799
exaltatum	glaucescens	scaposum	0.00518118	0.099162	0.92101	0.000869997	161.573	66.3529	65.6688
scopulorum	exaltatum	glaucescens	0.0503818	0.967115	0.333487	0.0127277	87.9141	79.2856	71.6797
exaltatum	glaucescens	stachydeum	0.0422535	0.706017	0.480178	0.00459285	130.16	65.7778	60.4444
glaucescens	exaltatum	trolliifolium	0.0363631	0.662093	0.507912	0.00480874	297.193	64.5712	60.0399
exaltatum	glaucescens	viridescens	0.0603339	1.05928	0.289473	0.00705656	119.618	73.9896	65.5694
exaltatum	glaucescens	xantholeucum	0.00229031	0.0427382	0.96591	0.000331598	170.744	69.1382	68.8222
glaucum-1_2	glaucum-3_4	exaltatum	0.0377783	0.686523	0.492383	0.00624958	104.569	72.5148	67.2352
exaltatum	glaucum-1_2	gypsophilum	0.0137784	0.221318	0.824845	0.000935159	224.075	50.6481	49.2714
exaltatum	glaucum-1_2	hesperium	0.192307	2.84574	0.00443084	0.0128539	166.487	60.886	41.2454
exaltatum	glaucum-1_2	lineapetalum	0.143128	2.22659	0.0259744	0.0137852	200.359	57.5503	43.1389
exaltatum	glaucum-1_2	multiplex	0.116542	2.02536	0.04283	0.0151665	187.632	58.9494	46.6434
exaltatum	glaucum-1_2	novomexicanum	0.0298038	0.459631	0.645781	0.00614583	107.174	58.3077	54.9327
exaltatum	glaucum-1_2	nudicaule	0.0912799	1.33704	0.181209	0.0100484	396.773	45.9844	38.2917
exaltatum	glaucum-1_2	nuttallianum-14	0.0990048	1.40115	0.16117	0.00994561	198.516	45.9149	37.6424
exaltatum	glaucum-1_2	nuttallianum-7_9	0.0924173	1.45383	0.145994	0.0136488	237.882	46.184	38.3698
exaltatum	glaucum-1_2	occidentale	0.00351049	0.0595168	0.95254	0.000772887	113.646	61.0431	60.616
exaltatum	glaucum-1_2	parryi	0.066864	1.00271	0.316003	0.00395136	173.255	51.9253	45.4167
exaltatum	glaucum-1_2	patens	0.0631049	0.815316	0.414892	0.00608239	605.302	30.6076	26.974
glaucum-1_2	exaltatum	ramosum-1_5	0.0355476	0.583689	0.55943	0.00939147	109.599	63.6994	59.3261
glaucum-1_2	exaltatum	ramosum-3	0.0389309	0.611736	0.540712	0.00769063	97.125	66.1372	61.1806
exaltatum	glaucum-1_2	ramosum-4_10	0.00676673	0.11432	0.908984	0.00194915	110.003	62.0441	61.2101
glaucum-1_2	exaltatum	sapellonis	0.0428943	0.722013	0.470287	0.0112556	103.912	63.9696	58.7075
exaltatum	glaucum-1_2	scaposum	0.132983	2.09758	0.0359424	0.0166628	195.873	52.191	39.9392
exaltatum	glaucum-1_2	scopulorum	0.0444127	0.743014	0.457473	0.00862628	113.123	64.0365	58.5903
exaltatum	glaucum-1_2	stachydeum	0.11298	1.59862	0.109905	0.00975784	154.676	52.5477	41.8793
exaltatum	glaucum-1_2	trolliifolium	0.00023988	0.0037454	0.997012	2.5732e-05	330.363	47.0544	47.0318
exaltatum	glaucum-1_2	viridescens	0.0857637	1.26437	0.206098	0.00717359	149.448	51.2222	43.1302
exaltatum	glaucum-1_2	xantholeucum	0.0396521	0.602661	0.546734	0.00403062	200.48	46.9991	43.4141
glaucum-3_4	exaltatum	gypsophilum	0.0647175	1.20358	0.228752	0.0041987	250	54.4965	47.8715
exaltatum	glaucum-3_4	hesperium	0.0864346	1.42988	0.152751	0.00512256	184.285	53.2674	44.7917
glaucum-3_4	exaltatum	lineapetalum	0.00245767	0.0439344	0.964957	0.000218376	229.681	50.9861	50.7361
exaltatum	glaucum-3_4	multiplex	0.0230266	0.464861	0.642031	0.00293356	211.324	57.3929	54.8093
exaltatum	glaucum-3_4	novomexicanum	0.0589826	1.09282	0.274472	0.0110336	120.904	60.7512	53.9838
exaltatum	glaucum-3_4	nudicaule	0.00887922	0.150345	0.880492	0.000832731	435.623	40.2413	39.533
glaucum-3_4	exaltatum	nuttallianum-14	0.0638853	1.06985	0.284685	0.00627942	221.51	47.7908	42.0512
exaltatum	glaucum-3_4	nuttallianum-7_9	0.116848	2.20669	0.0273355	0.0160142	262.993	49.865	39.431
exaltatum	glaucum-3_4	occidentale	0.401444	11.4138	2.3e-16	0.123928	120.048	129.222	55.1905
exaltatum	glaucum-3_4	parryi	0.0230844	0.416826	0.676806	0.00131231	185.287	51.9366	49.5929
glaucum-3_4	exaltatum	patens	0.0118478	0.181394	0.856058	0.00107766	654.67	29.3576	28.6701
glaucum-3_4	exaltatum	ramosum-1_5	0.00503292	0.0952568	0.924111	0.00126385	118.579	62.7504	62.122
glaucum-3_4	exaltatum	ramosum-3	0.0156504	0.278051	0.780973	0.00283355	104.885	62.8681	60.9306
glaucum-3_4	exaltatum	ramosum-4_10	0.0189455	0.377141	0.706069	0.00500871	121.057	61.8504	59.5504
exaltatum	glaucum-3_4	sapellonis	0.0146207	0.279123	0.78015	0.00347647	117.461	61.9865	60.2001
exaltatum	glaucum-3_4	scaposum	0.103818	1.89393	0.0582348	0.0121553	219.935	52.3676	42.5169
glaucum-3_4	exaltatum	scopulorum	0.0579212	1.10208	0.270426	0.0106	126.642	65.4965	58.3247
exaltatum	glaucum-3_4	stachydeum	0.0769482	1.24552	0.212941	0.00615437	177.464	51.5365	44.1719
glaucum-3_4	exaltatum	trolliifolium	0.0568159	1.00787	0.313515	0.00552083	355.279	49.3759	44.0668
exaltatum	glaucum-3_4	viridescens	0.00932797	0.159746	0.873081	0.000733508	168.369	48.0909	47.202
glaucum-3_4	exaltatum	xantholeucum	0.0147508	0.263005	0.792547	0.00146247	228.577	48.7283	47.3116
gypsophilum	hesperium	exaltatum	0.14424	3.3224	0.000892475	0.0314085	194.582	122.492	91.61
gypsophilum	exaltatum	lineapetalum	0.338012	8.335	2.3e-16	0.0733968	148.944	166.833	82.5417
gypsophilum	exaltatum	multiplex	0.417176	10.8409	2.3e-16	0.120874	127.838	189.31	77.8552
novomexicanum	exaltatum	gypsophilum	0.0892338	1.57715	0.114762	0.00719469	191.519	67.0087	56.0295
gypsophilum	exaltatum	nudicaule	0.182343	4.19658	2.70975e-05	0.0465011	316.062	124.347	85.9931
gypsophilum	exaltatum	nuttallianum-14	0.395043	9.42813	2.3e-16	0.0959715	141.231	156.557	67.8906
gypsophilum	exaltatum	nuttallianum-7_9	0.377744	9.24694	2.3e-16	0.117903	162.874	144.239	65.1453
occidentale	exaltatum	gypsophilum	0.115052	2.16499	0.0303888	0.0092749	198.683	69.02	54.7769
gypsophilum	parryi	exaltatum	0.176691	4.09886	4.15195e-05	0.0319416	384.251	102.16	71.4797
gypsophilum	exaltatum	patens	0.0890401	1.96916	0.0489351	0.0211166	481.16	78.3542	65.5417
exaltatum	ramosum-1_5	gypsophilum	0.0190193	0.357283	0.72088	0.00145633	210.051	60.5544	58.294
ramosum-3	exaltatum	gypsophilum	0.0138199	0.226912	0.820492	0.0011274	201.128	61.6424	59.9618
ramosum-4_10	exaltatum	gypsophilum	0.049297	0.918217	0.358505	0.00385094	208.492	64.4986	58.4382
sapellonis	exaltatum	gypsophilum	0.0237315	0.430319	0.666964	0.00194947	203.28	65.0816	62.0642
gypsophilum	exaltatum	scaposum	0.319286	7.88834	3.06233e-15	0.0963435	134.975	162.654	83.9248
exaltatum	scopulorum	gypsophilum	0.0152491	0.283201	0.777022	0.00128744	197.644	65.4219	63.4566
gypsophilum	exaltatum	stachydeum	0.39204	9.10218	2.3e-16	0.0702255	100.491	147.147	64.265
gypsophilum	exaltatum	trolliifolium	0.356629	8.46634	2.3e-16	0.081224	251.672	147.499	69.9502
gypsophilum	exaltatum	viridescens	0.396382	9.42277	2.3e-16	0.0709332	98.0174	154.649	66.8507
gypsophilum	exaltatum	xantholeucum	0.354439	8.59445	2.3e-16	0.0907656	145.998	169.958	81.0064
hesperium	exaltatum	lineapetalum	0.214433	4.31473	1.598e-05	0.0355568	125.594	106.406	68.8299
hesperium	exaltatum	multiplex	0.196556	4.35616	1.32366e-05	0.0484973	113.08	120.506	80.9151
exaltatum	novomexicanum	hesperium	0.0487925	0.799874	0.423784	0.0037255	134.972	62.6563	56.8264
exaltatum	hesperium	nudicaule	0.0769168	1.50745	0.131695	0.0176168	290.507	91.9306	78.7986
hesperium	exaltatum	nuttallianum-14	0.248115	4.89359	9.90106e-07	0.0472848	129.552	102.302	61.6285
hesperium	exaltatum	nuttallianum-7_9	0.199676	4.09559	4.21086e-05	0.0510162	150.422	93.9913	62.7031
occidentale	exaltatum	hesperium	0.067435	1.17836	0.238655	0.00525212	141.06	65.8171	57.5012
parryi	hesperium	exaltatum	0.050478	1.00391	0.315424	0.00925471	201.073	88.5174	80.0104
exaltatum	hesperium	patens	0.0865307	1.53481	0.124831	0.0172908	458.5	60.4722	50.8403
exaltatum	ramosum-1_5	hesperium	0.158976	2.75183	0.00592635	0.0111266	141.384	65.7454	47.7089
exaltatum	ramosum-3	hesperium	0.127392	1.88189	0.0598504	0.00887455	137.17	60.3507	46.7118
exaltatum	ramosum-4_10	hesperium	0.0975874	1.69807	0.0894936	0.00684448	150.509	62.9649	51.7684
exaltatum	sapellonis	hesperium	0.0810653	1.36918	0.170944	0.00599492	146.75	64.1319	54.5139
hesperium	exaltatum	scaposum	0.131013	2.65356	0.00796469	0.0306471	114.774	96.3698	74.0434
exaltatum	scopulorum	hesperium	0.0985104	1.69209	0.0906292	0.00811358	141.951	70.7986	58.1007
hesperium	exaltatum	stachydeum	0.149707	2.85538	0.00429847	0.0243145	93.9722	102.156	75.5521
hesperium	exaltatum	trolliifolium	0.211582	4.28006	1.86843e-05	0.0391193	240.507	99.375	64.6667
hesperium	exaltatum	viridescens	0.251378	4.78314	1.72582e-06	0.0368708	76.037	103.502	61.919
hesperium	exaltatum	xantholeucum	0.242113	4.98691	6.13535e-07	0.049023	131.363	112.261	68.4971
lineapetalum	multiplex	exaltatum	0.103796	2.4987	0.012465	0.0207675	225.194	116.506	94.5947
exaltatum	novomexicanum	lineapetalum	0.0153128	0.264531	0.791371	0.0016331	168.891	59.513	57.7179
exaltatum	lineapetalum	nudicaule	0.00869957	0.179654	0.857424	0.00181401	290.922	81.7274	80.3177
nuttallianum-14	lineapetalum	exaltatum	0.0596474	1.30144	0.193106	0.01016	328.688	88.2708	78.3333
nuttallianum-7_9	lineapetalum	exaltatum	0.207947	5.11096	3.2053e-07	0.0369381	248.012	110.47	72.4358
exaltatum	occidentale	lineapetalum	0.0160625	0.298074	0.765647	0.0018265	171.301	64.2451	62.2138
parryi	exaltatum	lineapetalum	0.171865	3.53951	0.000400873	0.0339519	131.939	118.78	83.9392
exaltatum	lineapetalum	patens	0.125329	2.37782	0.0174156	0.0240976	485.49	65.2535	50.7188
exaltatum	ramosum-1_5	lineapetalum	0.037156	0.664065	0.506648	0.00358003	176.08	55.924	51.9171
exaltatum	ramosum-3	lineapetalum	0.140887	2.21847	0.0265226	0.0145611	175.771	63.7708	48.0208
exaltatum	ramosum-4_10	lineapetalum	0.00430508	0.0751534	0.940093	0.000417475	175.497	55.0809	54.6087
exaltatum	sapellonis	lineapetalum	0.014343	0.253352	0.799996	0.00149242	180.307	58.4427	56.7899
lineapetalum	exaltatum	scaposum	0.0700901	1.5516	0.120758	0.0191976	112.707	111.484	96.8793
scopulorum	exaltatum	lineapetalum	0.028053	0.501056	0.616331	0.0031198	174.338	62.4141	59.0078
stachydeum	exaltatum	lineapetalum	0.132329	2.29084	0.0219726	0.0205569	129.413	92.2986	70.7257
exaltatum	lineapetalum	trolliifolium	0.168306	3.74926	0.00017736	0.0395403	222.634	123.141	87.6615
lineapetalum	viridescens	exaltatum	0.279393	5.87422	4.24844e-09	0.04961	166.233	111.538	62.8229
lineapetalum	xantholeucum	exaltatum	0.00127722	0.0292546	0.976662	0.000205324	458.335	80.9809	80.7743
novomexicanum	exaltatum	multiplex	0.0483115	0.926296	0.354292	0.00717772	148.615	65.8008	59.736
multiplex	exaltatum	nudicaule	0.00279431	0.0642647	0.948759	0.000532639	329.298	79.9328	79.4873
nuttallianum-14	multiplex	exaltatum	0.147066	3.47951	0.000502329	0.0286761	167.476	113.792	84.6134
nuttallianum-7_9	multiplex	exaltatum	0.289823	7.56512	3.87492e-14	0.0571451	166.197	138.301	76.1487
exaltatum	occidentale	multiplex	0.0340397	0.730194	0.465271	0.00588311	153.642	74.6072	69.6952
parryi	exaltatum	multiplex	0.228896	5.01095	5.41627e-07	0.0588285	116.036	128.288	80.498
exaltatum	multiplex	patens	0.119134	2.45478	0.014097	0.0199993	545.224	59.6841	46.9771
exaltatum	ramosum-1_5	multiplex	0.096704	1.95079	0.0510824	0.0141396	159.533	69.2259	57.0176
exaltatum	ramosum-3	multiplex	0.0474144	0.835039	0.403696	0.00669787	155.187	60.7734	55.2712
exaltatum	ramosum-4_10	multiplex	0.0545454	1.11777	0.263665	0.00784136	157.206	66.675	59.7776
sapellonis	exaltatum	multiplex	0.038027	0.756184	0.449539	0.00547191	160.867	64.4365	59.7154
exaltatum	multiplex	scaposum	0.0114952	0.286664	0.774369	0.00274436	117.495	98.7484	96.5039
scopulorum	exaltatum	multiplex	0.0116465	0.230314	0.817848	0.00179905	153.912	65.539	64.03
stachydeum	exaltatum	multiplex	0.191054	3.81906	0.00013396	0.0399216	112.37	102.681	69.7395
exaltatum	multiplex	trolliifolium	0.0744041	1.77752	0.0754828	0.0149523	249.179	102.589	88.3805
multiplex	viridescens	exaltatum	0.206393	4.87009	1.11547e-06	0.0258986	418.311	75.378	49.5863
xantholeucum	multiplex	exaltatum	0.130306	3.23216	0.00122858	0.0258287	191.533	117.074	90.0803
novomexicanum	exaltatum	nudicaule	0.004153	0.0690203	0.944973	0.000507019	363.595	49.9531	49.5399
novomexicanum	exaltatum	nuttallianum-14	0.0694288	1.15077	0.249827	0.00800199	163.205	54.3125	47.2604
exaltatum	novomexicanum	nuttallianum-7_9	0.00483539	0.0836696	0.933319	0.000780897	204.141	50.8698	50.3802
novomexicanum	exaltatum	occidentale	0.0332784	0.616645	0.537469	0.00885667	76.0454	79.6183	74.4899
exaltatum	novomexicanum	parryi	0.0808612	1.36954	0.170829	0.00578175	139.528	66.4167	56.4792
exaltatum	novomexicanum	patens	0.0176848	0.253447	0.799923	0.00188417	568.533	32.7691	31.6302
novomexicanum	ramosum-1_5	exaltatum	0.141377	2.48413	0.0129867	0.0142943	155.489	55.4266	41.6957
novomexicanum	ramosum-3	exaltatum	0.225101	3.55001	0.00038522	0.0218365	228.516	55.2561	34.9505
novomexicanum	ramosum-4_10	exaltatum	0.103523	1.95812	0.0502161	0.0122587	123.341	63.0959	51.2577
novomexicanum	sapellonis	exaltatum	0.162808	2.85268	0.00433528	0.0126033	328.493	43.9692	31.6567
novomexicanum	exaltatum	scaposum	0.00984382	0.167143	0.867257	0.0013765	161.23	54.4991	53.4366
novomexicanum	scopulorum	exaltatum	0.132915	2.38758	0.0169595	0.0161975	139.829	64.2526	49.1762
exaltatum	novomexicanum	stachydeum	0.0960463	1.50729	0.131735	0.0096512	122.61	62.7839	51.7804
novomexicanum	exaltatum	trolliifolium	0.00118979	0.0206966	0.983488	0.000139898	294.505	54.0538	53.9253
novomexicanum	exaltatum	viridescens	0.00385907	0.0634356	0.94942	0.000373698	115.278	56.9034	56.4659
novomexicanum	exaltatum	xantholeucum	0.0299594	0.522615	0.601242	0.00358877	175.214	58.3718	54.976
nuttallianum-14	exaltatum	nudicaule	0.045827	0.892854	0.371935	0.00879672	274.797	75.1198	68.5365
nuttallianum-7_9	exaltatum	nudicaule	0.0287941	0.658635	0.51013	0.00644461	254.687	89.5095	84.4991
exaltatum	occidentale	nudicaule	0.0188671	0.328252	0.742721	0.00222392	377.46	48.8458	47.0367
parryi	exaltatum	nudicaule	0.00449691	0.0899983	0.928289	0.00100769	297.557	83.7656	83.0156
exaltatum	nudicaule	patens	0.448469	11.9669	2.3e-16	0.185743	289.286	183.196	69.7552
exaltatum	ramosum-1_5	nudicaule	0.0500324	0.829441	0.406855	0.00575555	400.343	50.6276	45.803
exaltatum	ramosum-3	nudicaule	0.0490173	0.716941	0.473411	0.00559182	375.25	47.2604	42.8437
exaltatum	ramosum-4_10	nudicaule	0.0497651	0.849665	0.395511	0.00527524	393.134	46.708	42.2795
exaltatum	sapellonis	nudicaule	0.000185199	0.00307676	0.997545	2.093e-05	391.63	46.8802	46.8628
exaltatum	scaposum	nudicaule	0.0438529	0.888856	0.37408	0.00776113	281.142	72.3403	66.2622
exaltatum	scopulorum	nudicaule	0.020547	0.354262	0.723142	0.00257983	370.648	51.3073	49.2413
exaltatum	stachydeum	nudicaule	0.0215703	0.35959	0.719154	0.00367486	286.5	65.5312	62.7639
exaltatum	trolliifolium	nudicaule	0.188499	4.54276	5.55224e-06	0.0621966	194.066	153.292	104.667
exaltatum	viridescens	nudicaule	0.0482763	0.848489	0.396166	0.00785453	297.962	64.6146	58.6632
xantholeucum	exaltatum	nudicaule	0.0395064	0.798892	0.424353	0.00799701	289.024	81.0156	74.8576
nuttallianum-7_9	nuttallianum-14	exaltatum	0.21229	5.23385	1.66014e-07	0.0335553	285.727	96.0082	62.3832
occidentale	exaltatum	nuttallianum-14	0.0147265	0.265566	0.790573	0.00192549	169.498	57.7795	56.1024
parryi	exaltatum	nuttallianum-14	0.258491	5.18945	2.10913e-07	0.0552797	123.984	112.637	66.3663
exaltatum	nuttallianum-14	patens	0.0649657	1.16541	0.243854	0.0120394	441.938	56.5208	49.625
ramosum-1_5	exaltatum	nuttallianum-14	0.035062	0.613089	0.539817	0.00386888	167.491	50.1753	46.776
ramosum-3	exaltatum	nuttallianum-14	0.0156804	0.237916	0.811946	0.00179907	168.13	49.2552	47.7344
exaltatum	ramosum-4_10	nuttallianum-14	0.0594318	1.06449	0.287106	0.00687653	169.974	54.5365	48.4177
sapellonis	exaltatum	nuttallianum-14	0.00473272	0.0829627	0.933881	0.000582453	173.001	54.3637	53.8516
nuttallianum-14	exaltatum	scaposum	0.0656641	1.46238	0.143638	0.0186485	99.9158	109.067	95.6259
scopulorum	exaltatum	nuttallianum-14	0.0668982	1.20633	0.227692	0.00882284	168.301	61.079	53.4193
stachydeum	exaltatum	nuttallianum-14	0.226645	3.93122	8.45176e-05	0.0386345	124.913	88.0139	55.4896
exaltatum	nuttallianum-14	trolliifolium	0.194389	4.29905	1.71533e-05	0.0472609	204.384	123.057	83.0017
nuttallianum-14	viridescens	exaltatum	0.275527	5.60787	2.04829e-08	0.0493295	153.585	105.898	60.1476
nuttallianum-14	xantholeucum	exaltatum	0.0667144	1.49574	0.134722	0.00980471	383.316	77.6007	67.8941
exaltatum	occidentale	nuttallianum-7_9	0.127881	2.52838	0.0114592	0.0242405	199.201	65.4977	50.6453
parryi	exaltatum	nuttallianum-7_9	0.173573	3.63712	0.000275705	0.0499955	148.123	100.457	70.7413
exaltatum	nuttallianum-7_9	patens	0.120447	2.57765	0.00994758	0.0250651	432.576	69.9375	54.901
exaltatum	ramosum-1_5	nuttallianum-7_9	0.0694645	1.30188	0.192957	0.0109961	213.54	54.273	47.2227
exaltatum	ramosum-3	nuttallianum-7_9	0.170498	2.87276	0.00406908	0.0294044	209.808	59.9748	42.5026
exaltatum	ramosum-4_10	nuttallianum-7_9	0.0877016	1.65501	0.0979232	0.0140685	209.533	56.5618	47.4406
exaltatum	sapellonis	nuttallianum-7_9	0.0936383	1.74115	0.0816577	0.0156459	216.42	58.4375	48.4306
nuttallianum-7_9	exaltatum	scaposum	0.186067	4.64179	3.45404e-06	0.0566278	93.2151	140.807	96.6283
scopulorum	exaltatum	nuttallianum-7_9	0.0076264	0.143747	0.8857	0.00129097	208.925	53.4457	52.6367
stachydeum	exaltatum	nuttallianum-7_9	0.0674146	1.23782	0.215783	0.0165502	149.961	75.7043	66.1418
exaltatum	nuttallianum-7_9	trolliifolium	0.154031	3.77289	0.000161367	0.0393948	189.251	128.772	94.397
nuttallianum-7_9	viridescens	exaltatum	0.454041	11.1974	2.3e-16	0.0866306	129.707	137.811	51.7448
nuttallianum-7_9	xantholeucum	exaltatum	0.218819	5.44036	5.31732e-08	0.0393146	231.776	112.758	72.2704
occidentale	exaltatum	parryi	0.0189591	0.338042	0.735331	0.00135859	142.982	62.4227	60.0998
exaltatum	occidentale	patens	0.0382959	0.597204	0.550371	0.00423191	579.381	35.4439	32.8293
exaltatum	ramosum-1_5	occidentale	0.123362	2.4595	0.0139129	0.0317132	80.602	85.8294	66.9787
exaltatum	ramosum-3	occidentale	0.0941021	1.67607	0.0937242	0.024509	79.5582	79.3082	65.6658
exaltatum	ramosum-4_10	occidentale	0.0511244	1.02815	0.303878	0.0128835	76.0608	79.1351	71.4372
exaltatum	sapellonis	occidentale	0.0232227	0.444927	0.656372	0.00604199	82.0528	77.9486	74.4104
exaltatum	occidentale	scaposum	0.0398469	0.768608	0.442126	0.00618915	160.042	62.7257	57.9184
scopulorum	exaltatum	occidentale	0.0205252	0.393297	0.6941	0.00555263	80.9538	79.242	76.0545
exaltatum	occidentale	stachydeum	0.0415191	0.683918	0.494027	0.00416989	127.124	60.4051	55.5891
occidentale	exaltatum	trolliifolium	0.0389252	0.717533	0.473045	0.00463288	302.196	57.5046	53.1956
exaltatum	occidentale	viridescens	0.0458313	0.81052	0.417641	0.0049515	122.863	67.467	61.5538
exaltatum	occidentale	xantholeucum	0.0404507	0.765054	0.44424	0.00541497	168.949	64.7948	59.7567
parryi	exaltatum	patens	0.0244183	0.448759	0.653605	0.00524837	475.403	61.7639	58.8194
exaltatum	ramosum-1_5	parryi	0.11099	1.98348	0.0473141	0.00737751	141.285	65.2986	52.2517
exaltatum	ramosum-3	parryi	0.0636483	0.977973	0.328088	0.0042357	138.542	58.8958	51.8472
exaltatum	ramosum-4_10	parryi	0.0848352	1.50828	0.131483	0.00552146	151.143	63.0764	53.2111
exaltatum	sapellonis	parryi	0.135738	2.35065	0.0187409	0.00937652	143.725	68.9852	52.4957
parryi	exaltatum	scaposum	0.164726	3.46324	0.000533713	0.0419628	119.59	109.411	78.4635
exaltatum	scopulorum	parryi	0.104195	1.82791	0.0675634	0.00739818	134.774	67.8712	55.0622
parryi	exaltatum	stachydeum	0.187672	3.54413	0.000393915	0.0307197	95.0394	103.453	70.7581
parryi	exaltatum	trolliifolium	0.213848	4.36898	1.24831e-05	0.0423276	241.678	105.345	68.2269
parryi	exaltatum	viridescens	0.253126	4.87988	1.06149e-06	0.0398927	85.8252	109.395	65.2002
parryi	exaltatum	xantholeucum	0.216261	4.58529	4.53348e-06	0.0495183	130.899	122.772	79.1126
exaltatum	ramosum-1_5	patens	0.0856481	1.28676	0.198177	0.00873564	592.03	34.572	29.1172
exaltatum	ramosum-3	patens	0.127141	1.70411	0.0883603	0.013367	583.75	35.6458	27.6042
ramosum-4_10	exaltatum	patens	0.0405736	0.631354	0.527809	0.00398284	609.495	32.2274	29.7142
exaltatum	sapellonis	patens	0.0373221	0.543017	0.587118	0.00388938	593.161	33.4635	31.0556
exaltatum	scaposum	patens	0.114713	2.19257	0.0283381	0.0180804	469.986	52.6528	41.816
scopulorum	exaltatum	patens	0.0936703	1.39855	0.161949	0.00928256	576.951	32.7569	27.1458
exaltatum	stachydeum	patens	0.0936554	1.3804	0.167463	0.0142046	479.375	48.2708	40.0035
exaltatum	trolliifolium	patens	0.257792	5.70111	1.19033e-08	0.0759258	354.104	111.812	65.9792
exaltatum	viridescens	patens	0.166021	2.51447	0.0119213	0.024009	472.354	49.1389	35.1458
exaltatum	xantholeucum	patens	0.0249431	0.468055	0.639745	0.00442223	470.519	54.3247	51.6806
ramosum-1_5	ramosum-3	exaltatum	0.0903668	1.52203	0.128001	0.00905375	155.557	50.1389	41.8281
ramosum-4_10	ramosum-1_5	exaltatum	0.0618561	1.21382	0.224817	0.00710575	139.656	59.4004	52.4799
sapellonis	ramosum-1_5	exaltatum	0.0222051	0.415034	0.678117	0.00243776	157.081	54.2266	51.8707
exaltatum	ramosum-1_5	scaposum	0.166988	3.14357	0.00166898	0.0241982	168.951	67.8464	48.4297
ramosum-1_5	scopulorum	exaltatum	0.00172515	0.0321326	0.974366	0.000224348	120.928	59.9813	59.7747
exaltatum	ramosum-1_5	stachydeum	0.15285	2.50754	0.0121573	0.0142598	138.677	63.8611	46.9271
exaltatum	ramosum-1_5	trolliifolium	0.0345035	0.606234	0.544359	0.0037404	313.771	52.6256	49.1152
exaltatum	ramosum-1_5	viridescens	0.084793	1.43157	0.152266	0.00745504	122.604	56.7153	47.849
exaltatum	ramosum-1_5	xantholeucum	0.0640741	1.15263	0.249061	0.00712455	178.628	56.553	49.7422
ramosum-4_10	ramosum-3	exaltatum	0.135108	2.37032	0.0177726	0.014851	129.084	58.151	44.308
sapellonis	ramosum-3	exaltatum	0.116293	1.91331	0.0557087	0.0106992	236.617	48.0616	38.0477
exaltatum	ramosum-3	scaposum	0.145031	2.33296	0.0196505	0.0204516	164.632	61.7899	46.1372
scopulorum	ramosum-3	exaltatum	0.112666	1.89299	0.0583594	0.0146611	130.917	64.8785	51.7396
exaltatum	ramosum-3	stachydeum	0.188629	2.80693	0.00500168	0.0185547	133.139	65.1146	44.4479
exaltatum	ramosum-3	trolliifolium	0.0609869	0.951101	0.341553	0.00673409	305.611	51.8889	45.9236
exaltatum	ramosum-3	viridescens	0.153301	2.21605	0.0266881	0.0141186	122.299	61.5694	45.2014
exaltatum	ramosum-3	xantholeucum	0.0269765	0.420399	0.674194	0.00312913	173.668	53.4028	50.5972
ramosum-4_10	sapellonis	exaltatum	0.035113	0.702559	0.482331	0.00410937	127.941	58.9282	54.9303
exaltatum	ramosum-4_10	scaposum	0.0895243	1.64491	0.0999892	0.0124153	171.527	60.8698	50.8667
ramosum-4_10	scopulorum	exaltatum	0.0256006	0.504476	0.613927	0.00351783	137.324	66.1711	62.8677
exaltatum	ramosum-4_10	stachydeum	0.115587	1.96329	0.0496124	0.0100709	132.777	58.4451	46.334
exaltatum	ramosum-4_10	trolliifolium	0.0443882	0.803681	0.421581	0.00473808	311.082	53.3149	48.783
exaltatum	ramosum-4_10	viridescens	0.0981613	1.66895	0.0951265	0.00914626	118.418	61.7361	50.6993
exaltatum	ramosum-4_10	xantholeucum	0.0517638	0.952872	0.340655	0.0059222	183.818	58.6168	52.847
exaltatum	sapellonis	scaposum	0.0585903	1.03485	0.300737	0.00833905	176.472	60.6334	53.9216
scopulorum	sapellonis	exaltatum	0.0241197	0.453368	0.650283	0.00311448	153.568	62.0681	59.1445
exaltatum	sapellonis	stachydeum	0.134686	2.20622	0.0273684	0.0131497	131.681	64.5451	49.2222
sapellonis	exaltatum	trolliifolium	0.0407689	0.734821	0.462449	0.00443503	312.102	52.9184	48.7726
sapellonis	exaltatum	viridescens	0.00426044	0.070284	0.943968	0.000404087	128.661	56.474	55.9948
exaltatum	sapellonis	xantholeucum	0.0366758	0.663522	0.506996	0.00459714	185.895	62.2488	57.8443
exaltatum	scopulorum	scaposum	0.0147903	0.269428	0.787601	0.00235164	167.708	62.2391	60.4249
stachydeum	exaltatum	scaposum	0.23969	4.27522	1.90953e-05	0.0475473	117.986	94.0399	57.6753
scaposum	exaltatum	trolliifolium	0.0148813	0.322071	0.747399	0.00275849	216.833	82.9392	80.5069
exaltatum	viridescens	scaposum	0.161538	3.38833	0.000703198	0.0371227	109.385	96.5226	69.6753
xantholeucum	exaltatum	scaposum	0.0932485	2.11561	0.0343777	0.0261152	106.419	117.912	97.7975
exaltatum	scopulorum	stachydeum	0.054718	0.874166	0.382028	0.00534972	128.615	58.6632	52.5764
exaltatum	scopulorum	trolliifolium	0.00521246	0.0953372	0.924047	0.000602332	300.684	52.8993	52.3507
exaltatum	scopulorum	viridescens	0.0310064	0.522953	0.601007	0.00315719	118.323	60.6146	56.9687
exaltatum	scopulorum	xantholeucum	0.0345545	0.647978	0.516999	0.00473967	177.91	66.2989	61.8701
exaltatum	stachydeum	trolliifolium	0.00512223	0.0897026	0.928524	0.000858778	226.396	71.8819	71.1493
stachydeum	exaltatum	viridescens	0.241169	4.01739	5.88453e-05	0.0323891	83.5856	96.0405	58.7176
stachydeum	exaltatum	xantholeucum	0.243697	4.36575	1.26685e-05	0.0400998	125.473	92.3495	56.1586
exaltatum	viridescens	trolliifolium	0.124721	2.26072	0.0237765	0.0204702	240.983	78.6562	61.2118
exaltatum	xantholeucum	trolliifolium	0.220289	4.99749	5.80826e-07	0.0519311	216.877	127.009	81.1534
xantholeucum	viridescens	exaltatum	0.274671	5.86799	4.41106e-09	0.0494615	167.214	109.174	62.1233
glaucescens	geyeri	geraniifolium	0.0461428	1.0202	0.307636	0.00891184	173.121	92.1241	83.9974
geraniifolium	glaucum-1_2	geyeri	0.0425155	0.828671	0.407291	0.0108339	89.7103	97.8492	89.8683
geraniifolium	glaucum-3_4	geyeri	0.111801	2.6129	0.00897774	0.0297035	87.4131	116.01	92.6787
geyeri	geraniifolium	gypsophilum	0.0687441	1.4691	0.141805	0.00616879	246.658	84.0764	73.2604
geyeri	geraniifolium	hesperium	0.0707334	1.43165	0.152245	0.00598213	167.644	83.2305	72.2339
geraniifolium	geyeri	lineapetalum	0.0969986	2.07004	0.0384488	0.0120225	202.967	88.2174	72.6168
geraniifolium	geyeri	multiplex	0.130176	3.07853	0.00208024	0.022883	173.076	98.8702	76.0941
geraniifolium	novomexicanum	geyeri	0.0467147	0.962847	0.335624	0.00953655	166.301	81.3792	74.1153
geraniifolium	geyeri	nudicaule	0.076745	1.53477	0.124841	0.0101981	442.037	69.0304	59.1901
geraniifolium	geyeri	nuttallianum-14	0.238556	4.81042	1.50615e-06	0.0319743	184.329	82.5473	50.7487
geraniifolium	geyeri	nuttallianum-7_9	0.172093	3.79818	0.00014576	0.0349464	222.048	85.0996	60.11
geyeri	occidentale	geraniifolium	0.0180804	0.399947	0.689196	0.00369921	160.327	93.6521	90.3257
geyeri	geraniifolium	parryi	0.0552704	1.13522	0.256284	0.00451475	168.422	84.2274	75.4045
geraniifolium	geyeri	patens	0.0721832	1.3193	0.18707	0.00865804	710.191	45.0638	38.9961
geraniifolium	ramosum-1_5	geyeri	0.163578	3.52211	0.000428129	0.0349506	142.535	96.5109	69.3754
geraniifolium	ramosum-3	geyeri	0.266194	5.59619	2.19117e-08	0.065934	148.461	115.332	66.8394
geraniifolium	ramosum-4_10	geyeri	0.144901	3.24984	0.00115471	0.0313667	154.844	95.0676	71.0037
geraniifolium	sapellonis	geyeri	0.137285	2.94576	0.00322163	0.0277009	180.461	89.162	67.636
geyeri	geraniifolium	scaposum	0.00511928	0.111175	0.911477	0.000903543	183.572	77.5475	76.7576
geraniifolium	scopulorum	geyeri	0.0906605	1.92505	0.0542236	0.0115233	520.298	50.2928	41.9316
geyeri	geraniifolium	stachydeum	0.0440362	0.847752	0.396576	0.00511127	158.442	78.9874	72.3242
geraniifolium	geyeri	trolliifolium	0.161289	3.23217	0.00122852	0.0196825	333.095	72.7378	52.533
geraniifolium	geyeri	viridescens	0.0896443	1.80821	0.0705735	0.0104707	141.816	88.8216	74.207
geraniifolium	geyeri	xantholeucum	0.180253	3.88123	0.000103929	0.0250559	193.791	83.7339	58.1576
geraniifolium	glaucum-1_2	glaucescens	0.0700792	1.40594	0.159742	0.0203538	100.758	107.192	93.1519
geraniifolium	glaucum-3_4	glaucescens	0.262258	7.19294	6.34102e-13	0.0877851	101.148	161.387	94.3249
glaucescens	geraniifolium	gypsophilum	0.109578	2.35598	0.0184737	0.0104797	241.57	94.3064	75.6797
glaucescens	geraniifolium	hesperium	0.108092	2.14719	0.0317785	0.00997729	164.493	94.3003	75.9028
geraniifolium	glaucescens	lineapetalum	0.0953011	2.07774	0.037733	0.0130274	205.363	99.0977	81.8529
geraniifolium	glaucescens	multiplex	0.0993884	2.34392	0.0190821	0.0203497	184.577	113.8	93.2242
geraniifolium	novomexicanum	glaucescens	0.0792359	1.65429	0.0980681	0.0173214	180.735	86.1688	73.5161
geraniifolium	glaucescens	nudicaule	0.122182	2.40007	0.0163921	0.0182329	436.757	80.3403	62.8455
geraniifolium	glaucescens	nuttallianum-14	0.109096	2.1766	0.0295106	0.0155311	202.168	81.6211	65.5638
geraniifolium	glaucescens	nuttallianum-7_9	0.199474	4.37397	1.22008e-05	0.0423356	228.761	95.3913	63.6638
glaucescens	occidentale	geraniifolium	0.0920781	2.03969	0.0413814	0.0144927	389.71	79.8926	66.4204
glaucescens	geraniifolium	parryi	0.0915238	1.85245	0.063961	0.00778584	161.701	91.7752	76.3845
geraniifolium	glaucescens	patens	0.194133	3.37885	0.000727898	0.026939	715.927	58.0885	39.2014
geraniifolium	ramosum-1_5	glaucescens	0.222027	4.748	2.05433e-06	0.0493379	156.227	100.385	63.9076
geraniifolium	ramosum-3	glaucescens	0.194319	3.86956	0.000109033	0.0450536	160.572	96.9622	65.4102
geraniifolium	ramosum-4_10	glaucescens	0.0840548	1.76647	0.0773178	0.0172856	161.749	81.475	68.8403
geraniifolium	sapellonis	glaucescens	0.141162	2.95781	0.00309837	0.0310664	187.761	94.2648	70.9436
glaucescens	geraniifolium	scaposum	0.0554823	1.19132	0.233529	0.0097096	184.835	82.651	73.9618
geraniifolium	scopulorum	glaucescens	0.0099906	0.202263	0.839711	0.00129572	537.517	45.7205	44.816
geraniifolium	glaucescens	stachydeum	0.0164939	0.31537	0.752481	0.00201728	149.979	81.7969	79.1424
geraniifolium	glaucescens	trolliifolium	0.0997812	1.96792	0.0490767	0.0131652	336.07	75.0391	61.4227
geraniifolium	glaucescens	viridescens	0.0707343	1.42037	0.155499	0.00953868	137.674	101.455	88.0503
geraniifolium	glaucescens	xantholeucum	0.0884405	1.82866	0.06745	0.0132818	193.257	83.0191	69.5278
glaucum-3_4	glaucum-1_2	geraniifolium	0.0373549	0.710601	0.477331	0.00625142	169.408	76.3924	70.8906
geraniifolium	glaucum-1_2	gypsophilum	0.0386107	0.724545	0.468731	0.00354903	212.421	79.2509	73.3585
geraniifolium	glaucum-1_2	hesperium	0.0434629	0.762731	0.445624	0.00376943	148.582	77.0677	70.6476
geraniifolium	glaucum-1_2	lineapetalum	0.14936	2.8458	0.00443002	0.0188813	189.586	88.4818	65.4852
geraniifolium	glaucum-1_2	multiplex	0.134973	2.81299	0.00490827	0.0241069	166.65	95.6059	72.8667
geraniifolium	novomexicanum	glaucum-1_2	0.0214106	0.388605	0.697568	0.0034833	156.143	68.2459	65.3848
geraniifolium	glaucum-1_2	nudicaule	0.0853713	1.50749	0.131684	0.0119352	396.76	68.1146	57.3993
geraniifolium	glaucum-1_2	nuttallianum-14	0.169886	2.84693	0.00441428	0.0207303	185.091	67.5599	47.9384
geraniifolium	glaucum-1_2	nuttallianum-7_9	0.120285	2.25119	0.0243735	0.0212996	213.993	67.1194	52.7062
geraniifolium	glaucum-1_2	occidentale	0.0464327	0.923266	0.355868	0.0135975	89.4721	100.338	91.4339
geraniifolium	glaucum-1_2	parryi	0.00227238	0.040724	0.967516	0.000182764	152.652	74.2769	73.9401
geraniifolium	glaucum-1_2	patens	0.102886	1.62608	0.103932	0.0125805	656.195	44.888	36.513
geraniifolium	ramosum-1_5	glaucum-1_2	0.0813532	1.53938	0.123712	0.0137754	150.081	76.9026	65.3314
geraniifolium	ramosum-3	glaucum-1_2	0.0995296	1.76662	0.0772911	0.0177735	142.233	77.9062	63.8021
geraniifolium	ramosum-4_10	glaucum-1_2	0.0235606	0.45199	0.651276	0.00395371	144.999	71.7199	68.4181
geraniifolium	sapellonis	glaucum-1_2	0.15453	2.95229	0.00315432	0.0267015	174.122	83.9219	61.4566
geraniifolium	glaucum-1_2	scaposum	0.00668445	0.124553	0.900877	0.00112329	167.792	69.679	68.7537
scopulorum	geraniifolium	glaucum-1_2	0.0104476	0.18477	0.853409	0.000949722	500.921	36.2684	35.5184
geraniifolium	glaucum-1_2	stachydeum	0.108001	1.81631	0.0693235	0.0124868	134.967	79.7938	64.2383
geraniifolium	glaucum-1_2	trolliifolium	0.143827	2.47116	0.0134674	0.0177431	316.305	67.4332	50.4748
geraniifolium	glaucum-1_2	viridescens	0.100881	1.77228	0.0763483	0.0112344	128.817	80.822	66.0095
geraniifolium	glaucum-1_2	xantholeucum	0.0317695	0.559452	0.575853	0.0043058	180.918	66.0812	62.0117
geraniifolium	glaucum-3_4	gypsophilum	0.00671104	0.142655	0.886562	0.000597224	230.313	80.0825	79.0148
glaucum-3_4	geraniifolium	hesperium	0.0140383	0.271557	0.785962	0.00113584	160.276	76.8108	74.684
geraniifolium	glaucum-3_4	lineapetalum	0.00897792	0.186238	0.852258	0.00102781	202.865	76.3863	75.0269
geraniifolium	glaucum-3_4	multiplex	0.068363	1.57265	0.115801	0.0111695	182.498	90.5286	78.943
geraniifolium	novomexicanum	glaucum-3_4	0.0285925	0.58787	0.556619	0.0075034	165.411	75.7582	71.5464
geraniifolium	glaucum-3_4	nudicaule	0.0607136	1.18381	0.236488	0.00720538	452.516	62.2852	55.1549
geraniifolium	glaucum-3_4	nuttallianum-14	0.0592581	1.10212	0.270411	0.00687706	189.899	62.9826	55.9358
geraniifolium	glaucum-3_4	nuttallianum-7_9	0.0696754	1.48795	0.136763	0.0119168	226.586	68.4188	59.5056
geraniifolium	glaucum-3_4	occidentale	0.342021	10.1466	2.3e-16	0.135839	82.1419	188.546	92.4423
geraniifolium	glaucum-3_4	parryi	0.000774938	0.0158572	0.987348	5.85412e-05	160.128	75.1089	74.9926
geraniifolium	glaucum-3_4	patens	0.0606749	1.06011	0.289093	0.00692019	750.628	43.3845	38.421
geraniifolium	ramosum-1_5	glaucum-3_4	0.112038	2.39156	0.0167769	0.0276834	149.787	79.8266	63.7415
geraniifolium	ramosum-3	glaucum-3_4	0.192025	3.73193	0.000190015	0.0484318	157.137	83.6523	56.701
geraniifolium	ramosum-4_10	glaucum-3_4	0.0386933	0.820681	0.411828	0.00993086	156.317	78.2491	72.4193
geraniifolium	sapellonis	glaucum-3_4	0.143992	2.99168	0.00277445	0.0373784	175.493	87.2967	65.321
glaucum-3_4	geraniifolium	scaposum	0.0157225	0.32874	0.742352	0.00261085	184.194	76.9403	74.5584
geraniifolium	scopulorum	glaucum-3_4	0.00529619	0.103157	0.917838	0.000758557	532.938	40.0391	39.6172
geraniifolium	glaucum-3_4	stachydeum	0.0805974	1.52351	0.127631	0.00854909	144.979	77.5694	65.9983
geraniifolium	glaucum-3_4	trolliifolium	0.0497708	0.951253	0.341476	0.00558907	339.981	61.8299	55.967
geraniifolium	glaucum-3_4	viridescens	0.0231392	0.452496	0.650912	0.0025102	137.257	78.6458	75.0885
geraniifolium	glaucum-3_4	xantholeucum	0.0292478	0.592388	0.55359	0.00369227	198.488	67.3264	63.5
gypsophilum	hesperium	geraniifolium	0.141242	3.43531	0.000591875	0.0397847	221.027	146.942	110.57
gypsophilum	geraniifolium	lineapetalum	0.296263	7.73388	1.04321e-14	0.0653264	169.434	189.976	103.137
gypsophilum	geraniifolium	multiplex	0.331208	9.3606	2.3e-16	0.0950355	143.211	202.546	101.758
novomexicanum	geraniifolium	gypsophilum	0.0680905	1.32991	0.183549	0.00468512	314.914	64.2296	56.0404
gypsophilum	geraniifolium	nudicaule	0.136257	3.38414	0.000714023	0.0351442	364.595	140.859	107.076
gypsophilum	geraniifolium	nuttallianum-14	0.301382	7.39782	1.38441e-13	0.0700134	159.075	154.741	83.0694
gypsophilum	geraniifolium	nuttallianum-7_9	0.317627	8.49816	2.3e-16	0.100743	183.554	163.219	84.5278
occidentale	geraniifolium	gypsophilum	0.0893176	1.87146	0.0612814	0.00818208	230.911	87.5	73.151
gypsophilum	parryi	geraniifolium	0.246579	6.11008	9.95842e-10	0.0569938	441.91	133.321	80.5781
gypsophilum	geraniifolium	patens	0.0435822	1.03912	0.29875	0.0106497	583.637	85.658	78.5035
geraniifolium	ramosum-1_5	gypsophilum	0.0281928	0.566043	0.571365	0.00185252	301.231	59.8336	56.5524
ramosum-3	geraniifolium	gypsophilum	0.00379452	0.0685079	0.945381	0.000258074	286.853	57.638	57.2023
ramosum-4_10	geraniifolium	gypsophilum	0.0138797	0.282968	0.777201	0.000936808	308.83	60.7335	59.0707
sapellonis	geraniifolium	gypsophilum	0.03652	0.726969	0.467245	0.00252664	316.479	63.2934	58.8333
gypsophilum	geraniifolium	scaposum	0.368824	9.76572	2.3e-16	0.114173	148.122	197.193	90.9274
geraniifolium	scopulorum	gypsophilum	0.0145427	0.282273	0.777734	0.000639253	642.59	37.9701	36.8815
gypsophilum	geraniifolium	stachydeum	0.393916	9.59621	2.3e-16	0.0764433	110.181	182.309	79.2691
gypsophilum	geraniifolium	trolliifolium	0.295797	7.47319	7.82707e-14	0.0648875	272.482	147.867	80.3588
gypsophilum	geraniifolium	viridescens	0.369723	9.43064	2.3e-16	0.0674658	115.543	180.467	83.0417
gypsophilum	geraniifolium	xantholeucum	0.317438	8.00824	1.16357e-15	0.0787909	165.113	172.054	89.1409
hesperium	geraniifolium	lineapetalum	0.220846	4.84098	1.29201e-06	0.0398625	155.924	134.434	85.7969
hesperium	geraniifolium	multiplex	0.171984	4.15987	3.18435e-05	0.0429428	136.444	136.094	96.1516
geraniifolium	novomexicanum	hesperium	0.0135814	0.253448	0.799922	0.000965177	232.197	64.7183	62.9839
geraniifolium	hesperium	nudicaule	0.0975372	2.10047	0.0356873	0.0230842	326.183	110.64	90.9748
hesperium	geraniifolium	nuttallianum-14	0.179874	3.67405	0.000238738	0.0331952	149.441	100.618	69.9392
hesperium	geraniifolium	nuttallianum-7_9	0.166311	3.71456	0.000203556	0.0439767	172.825	107.421	76.7852
occidentale	geraniifolium	hesperium	0.118248	2.33663	0.0194583	0.00972602	163.873	83.2808	65.668
parryi	hesperium	geraniifolium	0.0313746	0.689505	0.490506	0.00775802	214.063	104.44	98.0859
geraniifolium	hesperium	patens	0.104465	2.0346	0.0418909	0.0203983	551.479	66.2899	53.75
geraniifolium	ramosum-1_5	hesperium	0.0637188	1.19982	0.230208	0.00420337	225.732	63.921	56.263
geraniifolium	ramosum-3	hesperium	0.00948749	0.162348	0.871031	0.000607839	225.25	56.9878	55.9167
geraniifolium	ramosum-4_10	hesperium	0.0130394	0.24908	0.803299	0.000832262	217.596	59.3064	57.7797
geraniifolium	sapellonis	hesperium	0.00918105	0.169858	0.865122	0.000590039	244.283	59.0629	57.9883
hesperium	geraniifolium	scaposum	0.229797	5.01533	5.29433e-07	0.0555032	130.943	119.674	74.9499
scopulorum	geraniifolium	hesperium	0.0762284	1.36095	0.17353	0.0032627	555.844	40.1372	34.4514
hesperium	geraniifolium	stachydeum	0.173179	3.47243	0.000515773	0.0291935	112.294	122.45	86.2992
hesperium	geraniifolium	trolliifolium	0.157667	3.27335	0.00106282	0.0278264	267.478	97.2176	70.7367
hesperium	geraniifolium	viridescens	0.217336	4.49341	7.00911e-06	0.0345683	99.5521	126.566	81.3733
hesperium	geraniifolium	xantholeucum	0.228279	4.86945	1.11908e-06	0.0456741	151.62	117.589	73.8805
lineapetalum	multiplex	geraniifolium	0.137268	3.56704	0.000361041	0.032359	282.231	136.455	103.515
geraniifolium	novomexicanum	lineapetalum	0.0111523	0.218398	0.827119	0.00115161	276.353	66.3481	64.8845
geraniifolium	lineapetalum	nudicaule	0.0502059	1.10476	0.269263	0.0104536	334.935	100.94	91.2891
nuttallianum-14	lineapetalum	geraniifolium	0.102782	2.37533	0.0175335	0.0206238	359.794	96.5078	78.5182
nuttallianum-7_9	lineapetalum	geraniifolium	0.199992	5.15162	2.58249e-07	0.0434716	281.671	123.467	82.3129
geraniifolium	occidentale	lineapetalum	0.152143	3.29168	0.000995905	0.0195012	198.286	95.7704	70.477
parryi	geraniifolium	lineapetalum	0.104327	2.35411	0.0185673	0.0194174	157.122	119.24	96.7109
geraniifolium	lineapetalum	patens	0.14942	2.97485	0.00293128	0.0291957	590.328	75.0625	55.5469
geraniifolium	ramosum-1_5	lineapetalum	0.086266	1.71182	0.086929	0.00905413	272.362	74.1532	62.3754
geraniifolium	ramosum-3	lineapetalum	0.110241	2.01558	0.0438444	0.0105206	259.656	66.4323	53.2396
ramosum-4_10	geraniifolium	lineapetalum	0.00583269	0.113805	0.909392	0.000521655	266.223	58.5304	57.8516
geraniifolium	sapellonis	lineapetalum	0.0573092	1.13107	0.258028	0.00596301	294.335	71.0903	63.3837
lineapetalum	geraniifolium	scaposum	0.118705	2.86707	0.00414298	0.0332046	119.697	136.414	107.465
geraniifolium	scopulorum	lineapetalum	0.00352014	0.0679929	0.945791	0.000220052	621.255	38.852	38.5794
stachydeum	geraniifolium	lineapetalum	0.122712	2.43573	0.0148618	0.0197991	153.382	109.719	85.7344
geraniifolium	lineapetalum	trolliifolium	0.202654	4.70052	2.59499e-06	0.0460933	245.313	136.911	90.7708
lineapetalum	viridescens	geraniifolium	0.255024	5.69567	1.22887e-08	0.0582862	191.592	132.812	78.8368
xantholeucum	lineapetalum	geraniifolium	0.0182622	0.441037	0.659186	0.00375275	500.528	94.3333	90.9497
geraniifolium	novomexicanum	multiplex	0.0409821	0.873656	0.382306	0.0057048	270.972	72.1423	66.462
geraniifolium	multiplex	nudicaule	0.0421481	1.0179	0.308727	0.00803082	384.903	97.6861	89.7846
nuttallianum-14	multiplex	geraniifolium	0.194664	4.86669	1.1348e-06	0.0449357	183.676	127.2	85.7471
nuttallianum-7_9	multiplex	geraniifolium	0.289409	8.086	6.16586e-16	0.0704658	191.269	158.489	87.3431
geraniifolium	occidentale	multiplex	0.156575	3.81464	0.000136382	0.0294749	178.319	108.149	78.8668
parryi	geraniifolium	multiplex	0.166575	3.96198	7.43299e-05	0.0414302	138.257	133.454	95.3425
geraniifolium	multiplex	patens	0.145614	3.16353	0.00155871	0.0257903	658.482	73.5133	54.8254
geraniifolium	ramosum-1_5	multiplex	0.182785	4.09768	4.17316e-05	0.0248773	246.509	82.0256	56.6735
geraniifolium	ramosum-3	multiplex	0.125808	2.58909	0.00962292	0.0171876	237.599	74.1743	57.5964
geraniifolium	ramosum-4_10	multiplex	0.0731375	1.67811	0.0933253	0.00963085	248.649	72.4282	62.5558
geraniifolium	sapellonis	multiplex	0.101832	2.23153	0.0256458	0.0140775	277.177	77.2362	62.9598
multiplex	geraniifolium	scaposum	0.0478729	1.26651	0.205332	0.0121182	130.416	122.476	111.286
scopulorum	geraniifolium	multiplex	0.00948933	0.205364	0.837287	0.000772517	625.501	39.5907	38.8464
stachydeum	geraniifolium	multiplex	0.143425	3.09274	0.00198318	0.0319652	131.399	119.931	89.8442
geraniifolium	multiplex	trolliifolium	0.142	3.51135	0.000445829	0.0273764	276.304	115.517	86.7898
multiplex	viridescens	geraniifolium	0.164979	4.01079	6.05163e-05	0.0269162	497.717	89.5414	64.1805
xantholeucum	multiplex	geraniifolium	0.160952	4.24691	2.16735e-05	0.0385203	208.814	131.516	95.0499
geraniifolium	novomexicanum	nudicaule	0.0243585	0.441063	0.659167	0.00249806	529.859	50.4861	48.0851
novomexicanum	geraniifolium	nuttallianum-14	0.0277775	0.494534	0.620929	0.00290079	259.102	52.5135	49.6749
novomexicanum	geraniifolium	nuttallianum-7_9	0.00926269	0.175155	0.860958	0.00131682	300.555	52.21	51.2517
geraniifolium	novomexicanum	occidentale	0.0077732	0.159096	0.873593	0.00171074	167.942	75.515	74.35
geraniifolium	novomexicanum	parryi	0.00890852	0.166051	0.868116	0.000539754	232.256	59.2804	58.2335
geraniifolium	novomexicanum	patens	0.0727204	1.13203	0.25762	0.00724293	811.031	36.8398	31.8451
geraniifolium	novomexicanum	ramosum-1_5	0.234407	5.51135	3.56095e-08	0.103098	95.9065	134.971	83.7103
novomexicanum	ramosum-3	geraniifolium	0.0190188	0.374639	0.707929	0.0034354	196.624	72.4627	69.7578
geraniifolium	novomexicanum	ramosum-4_10	0.0468531	1.06666	0.286123	0.0201474	107.841	103.144	93.9111
novomexicanum	sapellonis	geraniifolium	0.126176	2.76705	0.00565661	0.0189902	305.737	69.5439	53.9606
novomexicanum	geraniifolium	scaposum	0.0943686	1.75117	0.0799163	0.0115553	258.364	58.477	48.3919
geraniifolium	scopulorum	novomexicanum	0.0511794	1.11652	0.264199	0.0104069	444.782	60.2802	54.4104
geraniifolium	novomexicanum	stachydeum	0.0870189	1.50507	0.132307	0.00789189	216.502	63.7708	53.5608
geraniifolium	novomexicanum	trolliifolium	0.0744892	1.36308	0.172859	0.00724938	409.643	53.2539	45.8702
novomexicanum	geraniifolium	viridescens	0.0314753	0.576836	0.56405	0.00289837	209.96	65.5135	61.5152
novomexicanum	geraniifolium	xantholeucum	0.00841633	0.158136	0.874349	0.000886657	270.308	53.0438	52.1584
nuttallianum-14	geraniifolium	nudicaule	0.0473963	1.00701	0.313928	0.0103857	280.557	90.9844	82.75
geraniifolium	nuttallianum-7_9	nudicaule	0.000396689	0.00953203	0.992395	9.14417e-05	279.653	98.5104	98.4323
geraniifolium	occidentale	nudicaule	0.112955	2.23791	0.0252269	0.0155501	445.953	73.2739	58.4006
geraniifolium	parryi	nudicaule	0.0340227	0.743434	0.457219	0.00746499	340.016	96.5321	90.1797
geraniifolium	nudicaule	patens	0.468938	13.3827	2.3e-16	0.194541	370.365	209.297	75.6667
geraniifolium	ramosum-1_5	nudicaule	0.0778043	1.45525	0.145601	0.00787541	518.003	53.3307	45.6311
geraniifolium	ramosum-3	nudicaule	0.13735	2.2867	0.0222131	0.0141853	511.943	54.7083	41.4948
geraniifolium	ramosum-4_10	nudicaule	0.0213172	0.397624	0.690908	0.00209808	515.684	48.7174	46.6837
geraniifolium	sapellonis	nudicaule	0.129107	2.30658	0.0210781	0.0134939	535.931	57.658	44.4722
geraniifolium	scaposum	nudicaule	0.0731923	1.59403	0.110929	0.0130994	328.995	84.1319	72.6563
geraniifolium	scopulorum	nudicaule	0.0336525	0.600039	0.54848	0.00234698	864.584	33.0352	30.8841
geraniifolium	stachydeum	nudicaule	0.0594251	1.10361	0.269764	0.0109723	333.314	83.9861	74.5642
geraniifolium	trolliifolium	nudicaule	0.177547	4.53602	5.73246e-06	0.0622925	188.96	172.538	120.509
geraniifolium	viridescens	nudicaule	0.0979926	1.91712	0.055223	0.0168509	351.538	84.1823	69.1562
xantholeucum	geraniifolium	nudicaule	0.0572027	1.23767	0.215838	0.0117141	306.272	91.1571	81.2925
nuttallianum-7_9	nuttallianum-14	geraniifolium	0.152098	3.76483	0.000166663	0.0282992	313.085	96.5117	71.0291
geraniifolium	occidentale	nuttallianum-14	0.189633	3.80744	0.000140414	0.0254412	197.714	80.23	54.6519
parryi	geraniifolium	nuttallianum-14	0.180784	3.80765	0.000140293	0.0352681	145.004	106.029	73.5616
geraniifolium	nuttallianum-14	patens	0.0952233	1.7898	0.0734853	0.018349	479.271	64.0677	52.9271
geraniifolium	ramosum-1_5	nuttallianum-14	0.142176	2.61931	0.0088109	0.0150656	247.155	60.7396	45.6181
geraniifolium	ramosum-3	nuttallianum-14	0.129055	2.10504	0.0352876	0.0127169	248.987	53.4714	41.2474
geraniifolium	ramosum-4_10	nuttallianum-14	0.0901579	1.67247	0.0944325	0.00944121	259.615	57.3786	47.888
geraniifolium	sapellonis	nuttallianum-14	0.199292	3.70956	0.000207618	0.0218625	277.974	65.7669	43.9093
nuttallianum-14	geraniifolium	scaposum	0.133867	3.21341	0.0013117	0.0417626	97.7287	137.316	104.892
geraniifolium	scopulorum	nuttallianum-14	0.13951	2.56538	0.0103064	0.00929331	585.407	37.3585	28.2109
stachydeum	geraniifolium	nuttallianum-14	0.14409	2.60178	0.0092741	0.0246052	144.545	90.2153	67.4913
geraniifolium	nuttallianum-14	trolliifolium	0.197559	4.50811	6.54068e-06	0.047552	211.17	130.47	87.4236
nuttallianum-14	viridescens	geraniifolium	0.388503	8.49919	2.3e-16	0.0855994	167.382	127.019	55.9392
nuttallianum-14	xantholeucum	geraniifolium	0.117644	2.66204	0.00776676	0.0204232	402.983	84.8837	67.0139
geraniifolium	occidentale	nuttallianum-7_9	0.14703	3.25941	0.00111643	0.0292488	222.674	82.7467	61.5332
parryi	geraniifolium	nuttallianum-7_9	0.171944	3.85343	0.000116474	0.0484014	174.225	111.781	78.9805
geraniifolium	nuttallianum-7_9	patens	0.164801	3.68863	0.000225461	0.0365957	497.357	83.6003	59.944
geraniifolium	ramosum-1_5	nuttallianum-7_9	0.0486166	0.980933	0.326626	0.00701362	286.457	55.9635	50.7743
geraniifolium	ramosum-3	nuttallianum-7_9	0.17467	3.1979	0.00138431	0.0266288	282.389	61.8216	43.4362
geraniifolium	ramosum-4_10	nuttallianum-7_9	0.0832696	1.70852	0.08754	0.0122231	291.833	58.5526	49.5509
geraniifolium	sapellonis	nuttallianum-7_9	0.0920825	1.81424	0.0696412	0.0131501	314.545	57.1578	47.5189
nuttallianum-7_9	geraniifolium	scaposum	0.206368	5.51623	3.46356e-08	0.0654538	105.133	165.37	108.791
geraniifolium	scopulorum	nuttallianum-7_9	0.0536963	1.09259	0.274575	0.0054962	636.887	37.7305	33.885
stachydeum	geraniifolium	nuttallianum-7_9	0.108447	2.17625	0.0295367	0.0263991	169.255	89.7183	72.1628
geraniifolium	nuttallianum-7_9	trolliifolium	0.177396	4.57235	4.82283e-06	0.0457022	204.062	142.986	99.8989
nuttallianum-7_9	viridescens	geraniifolium	0.429308	10.7295	2.3e-16	0.105448	146.622	156.999	62.6862
nuttallianum-7_9	xantholeucum	geraniifolium	0.196011	4.9701	6.69174e-07	0.0438525	253.19	122.379	82.2665
occidentale	geraniifolium	parryi	0.0515307	1.03251	0.301832	0.00417655	166.541	83.1646	75.0136
geraniifolium	occidentale	patens	0.172338	3.06364	0.00218665	0.0201031	700.209	48.3325	34.1224
geraniifolium	ramosum-1_5	occidentale	0.144563	3.13456	0.0017211	0.0324142	143.28	89.5312	66.9149
geraniifolium	ramosum-3	occidentale	0.149145	2.98153	0.00286811	0.0345749	154.966	90.0443	66.671
geraniifolium	ramosum-4_10	occidentale	0.0506116	1.09402	0.273948	0.0112173	152.661	82.053	74.1475
geraniifolium	sapellonis	occidentale	0.117865	2.45891	0.0139361	0.0262802	178.643	88.0838	69.5091
geraniifolium	occidentale	scaposum	0.0177965	0.377942	0.705473	0.00301718	174.742	75.212	72.5818
scopulorum	geraniifolium	occidentale	0.0107915	0.224804	0.822131	0.00142856	521.92	44.2308	43.2863
geraniifolium	occidentale	stachydeum	0.0997109	1.89483	0.0581146	0.0111824	150.732	82.5547	67.5842
geraniifolium	occidentale	trolliifolium	0.107448	2.15471	0.0311844	0.0133359	333.084	70.296	56.6554
geraniifolium	occidentale	viridescens	0.11073	2.30128	0.0213758	0.0134499	141.747	94.7977	75.8967
geraniifolium	occidentale	xantholeucum	0.0846827	1.77702	0.0755653	0.012529	193.65	80.0994	67.5924
geraniifolium	parryi	patens	0.0318758	0.637448	0.523833	0.00674679	585.83	68.4809	64.25
geraniifolium	ramosum-1_5	parryi	0.019305	0.375139	0.707557	0.00113628	214.612	58.8043	56.5768
geraniifolium	ramosum-3	parryi	0.0109649	0.192677	0.847212	0.000655144	207.965	56.9045	55.6701
ramosum-4_10	geraniifolium	parryi	0.0286042	0.551511	0.581283	0.00168597	226.976	60.3016	56.9477
geraniifolium	sapellonis	parryi	0.0748594	1.43001	0.152715	0.00438877	232.698	61.7834	53.1775
parryi	geraniifolium	scaposum	0.24063	5.43082	5.60964e-08	0.0622402	139.58	132.698	81.2222
scopulorum	geraniifolium	parryi	0.102626	1.9289	0.0537435	0.00380858	524.299	38.6396	31.4469
parryi	geraniifolium	stachydeum	0.182699	3.74346	0.000181506	0.0309976	108.255	120.102	82.9965
parryi	geraniifolium	trolliifolium	0.155779	3.35015	0.000807679	0.0283672	264.909	97.7075	71.3689
parryi	geraniifolium	viridescens	0.218032	4.62344	3.77428e-06	0.035355	107.486	125.691	80.6927
parryi	geraniifolium	xantholeucum	0.194835	4.35516	1.32969e-05	0.0402925	149.005	114.469	77.1372
geraniifolium	ramosum-1_5	patens	0.102632	1.71123	0.0870395	0.00908642	790.717	34.1706	27.8095
geraniifolium	ramosum-3	patens	0.229923	3.58554	0.000336383	0.0231952	755.849	41.9167	26.2448
geraniifolium	ramosum-4_10	patens	0.0148012	0.255556	0.798294	0.00136519	805.551	32.8646	31.9059
geraniifolium	sapellonis	patens	0.142927	2.34461	0.019047	0.0148381	805.878	41.7878	31.3364
geraniifolium	scaposum	patens	0.102484	2.06399	0.0390182	0.016103	556.503	56.7856	46.2283
scopulorum	geraniifolium	patens	0.053874	0.848843	0.395968	0.00373901	1113.55	24.2995	21.8151
geraniifolium	stachydeum	patens	0.11725	1.91339	0.0556986	0.0195053	570.321	59.5799	47.0747
geraniifolium	trolliifolium	patens	0.251901	5.95458	2.60737e-09	0.0766953	400.906	122.481	73.191
geraniifolium	viridescens	patens	0.205427	3.56232	0.000367587	0.0322977	564.554	61.934	40.8247
geraniifolium	xantholeucum	patens	0.0325852	0.640612	0.521775	0.00605449	536.277	60.9019	57.0582
geraniifolium	ramosum-3	ramosum-1_5	0.298999	6.78696	1.1452e-11	0.138948	89.5308	143.73	77.5638
geraniifolium	ramosum-1_5	ramosum-4_10	0.123023	2.97976	0.00288473	0.0544011	90.6112	117.346	91.6362
geraniifolium	sapellonis	ramosum-1_5	0.317831	8.00005	1.24369e-15	0.140411	108.894	147.835	76.526
geraniifolium	ramosum-1_5	scaposum	0.0188715	0.383052	0.701681	0.00241707	237.526	57.7391	55.6003
geraniifolium	scopulorum	ramosum-1_5	0.0353768	0.779045	0.435953	0.0072414	468.315	52.2591	48.6879
geraniifolium	ramosum-1_5	stachydeum	0.135161	2.5221	0.0116655	0.0124736	203.779	70.2943	53.5547
geraniifolium	ramosum-1_5	trolliifolium	0.0983406	1.89001	0.0587564	0.00927148	402.289	53.7496	44.1246
geraniifolium	ramosum-1_5	viridescens	0.044993	0.837436	0.402347	0.00394869	195.83	63.8908	58.389
geraniifolium	ramosum-1_5	xantholeucum	0.103414	2.05315	0.0400579	0.0112846	252.982	61.4998	49.972
geraniifolium	ramosum-3	ramosum-4_10	0.137395	3.10289	0.00191642	0.0643934	95.8378	114.096	86.5312
ramosum-3	sapellonis	geraniifolium	0.108809	2.20862	0.0272014	0.0199266	210.808	80.1168	64.3928
geraniifolium	ramosum-3	scaposum	0.0607444	1.09421	0.273862	0.00809909	239.194	60.3151	53.4071
geraniifolium	scopulorum	ramosum-3	0.0217381	0.442453	0.658161	0.00355195	427.472	55.6111	53.2448
geraniifolium	ramosum-3	stachydeum	0.226113	3.7394	0.000184461	0.0222617	209.462	76.5608	48.3229
geraniifolium	ramosum-3	trolliifolium	0.187086	3.12017	0.00180748	0.0188159	394.76	59.2378	40.566
geraniifolium	ramosum-3	viridescens	0.183852	3.14231	0.00167623	0.0171069	189.204	75.3863	51.9714
geraniifolium	ramosum-3	xantholeucum	0.104212	1.80798	0.0706096	0.011188	248.398	57.2283	46.4262
geraniifolium	sapellonis	ramosum-4_10	0.0853002	2.03209	0.0421449	0.0371232	119.07	108.34	91.3101
ramosum-4_10	geraniifolium	scaposum	0.0445912	0.890991	0.372934	0.00580746	245.943	61.5257	56.2729
scopulorum	geraniifolium	ramosum-4_10	0.00817138	0.187043	0.851627	0.00202835	468.353	55.3703	54.4727
geraniifolium	ramosum-4_10	stachydeum	0.0609138	1.12184	0.26193	0.0051557	207.856	60.1267	53.2222
geraniifolium	ramosum-4_10	trolliifolium	0.0617855	1.16936	0.242259	0.00585923	407.501	52.5844	46.4646
geraniifolium	ramosum-4_10	viridescens	0.0543626	1.01033	0.312339	0.00489989	198.478	66.6535	59.7802
ramosum-4_10	geraniifolium	xantholeucum	0.0232204	0.456993	0.647676	0.0024704	261.712	55.8241	53.2905
sapellonis	geraniifolium	scaposum	8.70587e-05	0.00167834	0.998661	1.15443e-05	268.595	59.8307	59.8203
geraniifolium	scopulorum	sapellonis	0.085475	2.00052	0.0454444	0.0221511	445.946	68.0935	57.3696
geraniifolium	sapellonis	stachydeum	0.207276	3.70662	0.000210041	0.0196789	230.73	75.7739	49.7548
geraniifolium	sapellonis	trolliifolium	0.153467	2.94675	0.00321129	0.0149326	423.566	57.7079	42.352
geraniifolium	sapellonis	viridescens	0.0654475	1.21368	0.224872	0.00591424	219.684	67.8451	59.51
geraniifolium	sapellonis	xantholeucum	0.0780814	1.53028	0.125948	0.00864389	280.559	60.8138	52.0048
scopulorum	geraniifolium	scaposum	0.0588618	1.11842	0.263389	0.00491557	587.403	38.4607	34.1847
stachydeum	geraniifolium	scaposum	0.232994	4.65505	3.23909e-06	0.0491458	135.001	110.598	68.7995
geraniifolium	scaposum	trolliifolium	0.0312736	0.704375	0.481199	0.00578675	258.02	90.7409	85.2374
geraniifolium	viridescens	scaposum	0.0979339	2.16242	0.0305861	0.0229413	126.083	104.295	85.6892
xantholeucum	geraniifolium	scaposum	0.168544	4.0955	4.21261e-05	0.0491239	112.997	144.11	102.539
geraniifolium	scopulorum	stachydeum	0.022598	0.386805	0.698901	0.00135439	552.319	38.3776	36.6814
geraniifolium	scopulorum	trolliifolium	0.128328	2.40577	0.0161385	0.00901499	753.05	39.9861	30.8906
scopulorum	geraniifolium	viridescens	0.0128907	0.235693	0.813671	0.000733761	537.615	37.5825	36.6259
geraniifolium	scopulorum	xantholeucum	0.112073	2.20101	0.0277354	0.00811701	592.782	40.7161	32.5095
geraniifolium	stachydeum	trolliifolium	0.0602233	1.14768	0.251102	0.0103354	258.819	84.158	74.5972
stachydeum	geraniifolium	viridescens	0.205562	3.82274	0.000131975	0.0299568	97.5312	115.823	76.3247
stachydeum	geraniifolium	xantholeucum	0.203611	3.88701	0.000101487	0.0335327	146.568	95.2433	63.0194
geraniifolium	viridescens	trolliifolium	0.192051	3.77882	0.000157571	0.0321761	271.333	94.8663	64.2986
geraniifolium	xantholeucum	trolliifolium	0.251387	5.98562	2.15573e-09	0.0586269	235.834	138.466	82.8342
xantholeucum	viridescens	geraniifolium	0.323571	7.38277	1.55029e-13	0.0759283	173.398	131.575	67.2431
glaucescens	geyeri	glaucum-1_2	0.00372845	0.0786205	0.937335	0.000754631	148.982	85.296	84.6623
geyeri	glaucescens	glaucum-3_4	0.080869	2.19959	0.0278361	0.0342488	150.933	127.949	108.803
glaucescens	geyeri	gypsophilum	0.0173794	0.397277	0.691163	0.00148061	318.437	78.1033	75.4349
glaucescens	geyeri	hesperium	0.0875581	1.85291	0.0638946	0.0071056	242.326	84.6072	70.9839
glaucescens	geyeri	lineapetalum	0.0174685	0.400392	0.688868	0.00218317	260.868	82.5655	79.7305
geyeri	glaucescens	multiplex	0.00116077	0.0289152	0.976932	0.000219416	253.551	96.1871	95.9641
glaucescens	geyeri	novomexicanum	0.137031	3.09846	0.00194531	0.0382718	165.218	114.064	86.5705
geyeri	glaucescens	nudicaule	0.0326157	0.682277	0.495064	0.00404599	516.76	63.6224	59.6033
glaucescens	geyeri	nuttallianum-14	0.110606	2.40119	0.016342	0.0150588	237.016	77.1997	61.8229
geyeri	glaucescens	nuttallianum-7_9	0.0725617	1.72109	0.0852345	0.0151769	282.992	81.3874	70.3753
occidentale	glaucescens	geyeri	0.0210122	0.548859	0.583102	0.00547741	342.584	98.912	94.8408
glaucescens	geyeri	parryi	0.0732432	1.63068	0.102959	0.00542155	239.225	81.3937	70.2843
geyeri	glaucescens	patens	0.099047	1.87912	0.0602286	0.0129575	792.424	51.7053	42.3859
glaucescens	geyeri	ramosum-1_5	0.0856608	1.99356	0.0462007	0.0294069	146.999	110.82	93.3322
glaucescens	geyeri	ramosum-3	0.181889	4.22231	2.41814e-05	0.0485525	140.151	126.782	87.7591
glaucescens	geyeri	ramosum-4_10	0.130587	3.11661	0.00182945	0.0446684	157.351	109.235	84.0009
glaucescens	geyeri	sapellonis	0.117019	2.71215	0.00668478	0.0372805	166.997	116.693	92.2438
glaucescens	geyeri	scaposum	0.0290784	0.651574	0.514676	0.00439399	256.472	71.3018	67.2722
glaucescens	geyeri	scopulorum	0.158881	3.65869	0.000253509	0.036755	152.391	107.188	77.7974
glaucescens	geyeri	stachydeum	0.00966898	0.196709	0.844055	0.00102155	218.554	71.1567	69.7938
glaucescens	geyeri	trolliifolium	0.0996136	2.11855	0.0341286	0.0122514	394.07	72.1833	59.1052
geyeri	glaucescens	viridescens	0.0158946	0.335529	0.737226	0.0018594	213.998	85.6076	82.9288
glaucescens	geyeri	xantholeucum	0.109249	2.46059	0.0138708	0.0154457	244.311	83.3956	66.9685
glaucum-1_2	glaucum-3_4	geyeri	0.161988	3.44539	0.000570232	0.0316294	155.615	88.6636	63.9431
geyeri	glaucum-1_2	gypsophilum	0.101366	2.03168	0.0421861	0.00865594	230.214	79.9709	65.2504
geyeri	glaucum-1_2	hesperium	0.140506	2.69886	0.00695775	0.011826	152.312	84.2648	63.5026
geyeri	glaucum-1_2	lineapetalum	0.0683405	1.35997	0.173839	0.00836981	186.47	79.5065	69.3346
geyeri	glaucum-1_2	multiplex	0.0468854	1.03265	0.301765	0.00843031	171.484	89.0108	81.0379
glaucum-1_2	novomexicanum	geyeri	0.0532534	1.07477	0.282476	0.0127297	81.7677	94.7017	85.1253
geyeri	glaucum-1_2	nudicaule	0.0890044	1.6964	0.0898099	0.0114292	423.039	64.5864	54.0291
glaucum-1_2	geyeri	nuttallianum-14	0.0301638	0.551159	0.581525	0.0038696	170.181	61.1007	57.5226
glaucum-1_2	geyeri	nuttallianum-7_9	0.0498683	1.03568	0.300349	0.0100505	212.62	69.4633	62.8644
geyeri	occidentale	glaucum-1_2	0.0338468	0.706629	0.479797	0.00649709	139.421	84.3432	78.8207
geyeri	glaucum-1_2	parryi	0.0488191	0.939968	0.347234	0.00360605	158.396	73.1233	66.316
geyeri	glaucum-1_2	patens	0.0643176	1.098	0.272204	0.0070867	675.916	39.7752	34.9679
glaucum-1_2	ramosum-1_5	geyeri	0.16652	3.54416	0.000393865	0.0392924	84.9991	105.742	75.553
glaucum-1_2	ramosum-3	geyeri	0.276448	5.61027	2.02012e-08	0.0742788	78.7526	124.383	70.5061
glaucum-1_2	ramosum-4_10	geyeri	0.110374	2.36779	0.0178946	0.0269891	84.0845	102.44	82.0744
glaucum-1_2	sapellonis	geyeri	0.106317	2.19349	0.0282724	0.025776	95.5036	100.616	81.2779
geyeri	glaucum-1_2	scaposum	0.00753646	0.150916	0.880042	0.00121325	170.692	67.1923	66.1871
glaucum-1_2	scopulorum	geyeri	0.0846601	1.68164	0.0926384	0.0207376	83.9701	93.4648	78.8746
geyeri	glaucum-1_2	stachydeum	0.0929932	1.67803	0.0933404	0.00979567	136.949	71.286	59.1558
glaucum-1_2	geyeri	trolliifolium	0.0111721	0.212571	0.831661	0.0014005	324.016	60.8889	59.5434
geyeri	glaucum-1_2	viridescens	0.00962077	0.179268	0.857728	0.00111051	129.426	78.2509	76.7595
glaucum-1_2	geyeri	xantholeucum	0.117975	2.32041	0.0203186	0.0157434	174.314	71.9774	56.7865
geyeri	glaucum-3_4	gypsophilum	0.0621006	1.41431	0.157271	0.00499124	274.365	78.3438	69.1823
geyeri	glaucum-3_4	hesperium	0.0598257	1.2342	0.217129	0.00469807	192.177	80.8103	71.6871
glaucum-3_4	geyeri	lineapetalum	0.0975486	2.12818	0.0333222	0.0107295	232.162	80.9957	66.5981
glaucum-3_4	geyeri	multiplex	0.0332293	0.806818	0.419771	0.00550427	209.137	88.7195	83.0129
novomexicanum	glaucum-3_4	geyeri	0.108115	2.53143	0.0113598	0.0262663	90.0425	107.895	86.8411
glaucum-3_4	geyeri	nudicaule	0.0778969	1.648	0.0993518	0.00939083	490.997	66.9653	57.2865
glaucum-3_4	geyeri	nuttallianum-14	0.18237	3.68255	0.000230909	0.0219983	205.525	73.6189	50.9089
glaucum-3_4	geyeri	nuttallianum-7_9	0.105968	2.41435	0.0157631	0.0195341	254.655	75.3044	60.8738
geyeri	occidentale	glaucum-3_4	0.257753	7.74279	9.72594e-15	0.119397	132.867	160.801	94.8946
geyeri	glaucum-3_4	parryi	0.0603972	1.34757	0.177796	0.00422327	184.117	76.5531	67.8326
glaucum-3_4	geyeri	patens	0.00865948	0.163223	0.870343	0.000968137	747.052	41.2535	40.5451
ramosum-1_5	glaucum-3_4	geyeri	0.00622632	0.148565	0.881897	0.00154828	88.4998	100.444	99.2012
glaucum-3_4	ramosum-3	geyeri	0.137507	3.1368	0.00170804	0.0404183	85.2292	123.97	93.9983
ramosum-4_10	glaucum-3_4	geyeri	0.016294	0.402362	0.687418	0.00419678	87.3432	103.727	100.401
sapellonis	glaucum-3_4	geyeri	0.0298894	0.710905	0.477143	0.00733559	93.9405	99.661	93.8763
glaucum-3_4	geyeri	scaposum	0.0225009	0.491519	0.623059	0.00337045	214.429	70.728	67.6152
scopulorum	glaucum-3_4	geyeri	0.0261705	0.600307	0.548302	0.00710094	85.6667	102.929	97.6788
geyeri	glaucum-3_4	stachydeum	0.0707634	1.4058	0.159782	0.00710399	176.115	73.4119	63.7088
glaucum-3_4	geyeri	trolliifolium	0.122809	2.57622	0.00998862	0.0139619	361.663	68.2131	53.2912
glaucum-3_4	geyeri	viridescens	0.0677278	1.41973	0.155687	0.00738829	163.941	84.2852	73.5924
glaucum-3_4	geyeri	xantholeucum	0.140326	3.03583	0.00239877	0.0176317	214.651	77.3125	58.2847
gypsophilum	hesperium	geyeri	0.238707	6.1074	1.0127e-09	0.0715172	232.904	160.236	98.4789
gypsophilum	geyeri	lineapetalum	0.36382	9.80197	2.3e-16	0.083527	159.131	211.937	98.862
gypsophilum	geyeri	multiplex	0.418173	12.0461	2.3e-16	0.135432	137.687	254.805	104.537
geyeri	novomexicanum	gypsophilum	0.0155036	0.322756	0.74688	0.00130175	253.002	75.224	72.9271
gypsophilum	geyeri	nudicaule	0.155237	3.99058	6.59122e-05	0.0404727	362.126	151.077	110.475
gypsophilum	geyeri	nuttallianum-14	0.414253	10.5718	2.3e-16	0.110457	145.624	197.978	81.9974
gypsophilum	geyeri	nuttallianum-7_9	0.412201	11.4014	2.3e-16	0.148519	170.193	200.344	83.3889
geyeri	occidentale	gypsophilum	0.040065	0.910456	0.362582	0.00315179	305.549	72.2674	66.6997
gypsophilum	parryi	geyeri	0.245974	6.40233	1.53023e-10	0.0654141	452.532	136.944	82.8741
gypsophilum	geyeri	patens	0.0768846	1.91625	0.0553332	0.0198352	582.042	97.1458	83.2743
geyeri	ramosum-1_5	gypsophilum	0.0756511	1.71981	0.085467	0.00594755	270.202	76.0422	65.3461
geyeri	ramosum-3	gypsophilum	0.0868692	1.7153	0.0862908	0.00671485	284.613	72.7778	61.1441
geyeri	ramosum-4_10	gypsophilum	0.0881905	1.97774	0.0479584	0.00719661	274.589	80.6304	67.5613
geyeri	sapellonis	gypsophilum	0.024676	0.533765	0.593504	0.0020859	255.876	77.319	73.5951
gypsophilum	geyeri	scaposum	0.326825	8.80924	2.3e-16	0.104697	149.655	202.747	102.865
geyeri	scopulorum	gypsophilum	0.0914763	1.97765	0.0479681	0.00796353	237.574	81.1714	67.5655
gypsophilum	geyeri	stachydeum	0.362749	9.00098	2.3e-16	0.0739513	117.049	187.011	87.4505
gypsophilum	geyeri	trolliifolium	0.383016	9.93119	2.3e-16	0.0921756	264.151	182.565	81.4447
gypsophilum	geyeri	viridescens	0.404139	10.6167	2.3e-16	0.081649	106.797	210.144	89.1768
gypsophilum	geyeri	xantholeucum	0.407638	10.7807	2.3e-16	0.110652	147.981	211.803	89.1308
hesperium	geyeri	lineapetalum	0.217975	5.04891	4.44341e-07	0.0405761	152.194	142.423	91.4453
hesperium	geyeri	multiplex	0.242804	6.2657	3.71165e-10	0.071145	132.676	174.952	106.592
geyeri	novomexicanum	hesperium	0.0546996	1.09794	0.272231	0.00426519	180.421	76.273	68.3615
geyeri	hesperium	nudicaule	0.124491	2.83197	0.00462628	0.030843	340.117	125.619	97.8047
hesperium	geyeri	nuttallianum-14	0.326873	7.28464	3.22533e-13	0.0710982	139.144	140.38	71.2153
hesperium	geyeri	nuttallianum-7_9	0.276778	6.64786	2.97387e-11	0.0846139	166.044	137.849	78.0838
occidentale	geyeri	hesperium	0.043074	0.886495	0.375351	0.00339266	224.269	76.8728	70.5239
parryi	hesperium	geyeri	0.0357463	0.828793	0.407222	0.00937588	238.405	105.487	98.2054
geyeri	hesperium	patens	0.103445	2.14875	0.0316542	0.0214923	549.236	71.6875	58.2465
geyeri	ramosum-1_5	hesperium	0.059056	1.23002	0.218689	0.00448108	187.016	75.842	67.3837
geyeri	ramosum-3	hesperium	0.062332	1.16501	0.244016	0.00437854	203.252	67.566	59.6372
geyeri	ramosum-4_10	hesperium	0.0950036	2.02631	0.0427334	0.00728781	202.412	81.1076	67.0337
geyeri	sapellonis	hesperium	0.0416938	0.863731	0.387735	0.00323089	188.5	76.7532	70.6091
hesperium	geyeri	scaposum	0.186358	4.38464	1.1618e-05	0.0465454	136.686	123.618	84.7811
geyeri	scopulorum	hesperium	0.0657059	1.33712	0.181183	0.00542055	174.484	77.6191	68.0479
hesperium	geyeri	stachydeum	0.143242	3.04862	0.00229893	0.0248023	112.171	123.563	92.5998
hesperium	geyeri	trolliifolium	0.233631	5.37052	7.85111e-08	0.04682	264.738	125.172	77.761
hesperium	geyeri	viridescens	0.231614	5.12849	2.92069e-07	0.0407123	98.9722	145.941	91.0503
hesperium	geyeri	xantholeucum	0.351944	8.23808	2.3e-16	0.0768433	143.99	151.74	72.737
lineapetalum	multiplex	geyeri	0.150026	4.0552	5.00906e-05	0.042823	275.363	153.989	113.812
novomexicanum	geyeri	lineapetalum	0.0382369	0.81445	0.415387	0.00453953	203.409	79.9262	74.0391
geyeri	lineapetalum	nudicaule	0.0641711	1.4809	0.138634	0.0133683	351.336	104.063	91.513
nuttallianum-14	lineapetalum	geyeri	0.00171706	0.0408576	0.967409	0.000449693	344.685	100.27	99.9266
nuttallianum-7_9	lineapetalum	geyeri	0.106698	2.8372	0.00455106	0.0290409	269.013	126.133	101.812
occidentale	geyeri	lineapetalum	0.00965957	0.21739	0.827904	0.00110662	259.455	74.8546	73.4223
parryi	geyeri	lineapetalum	0.149236	3.55257	0.000381483	0.0304417	147.954	138.273	102.362
geyeri	lineapetalum	patens	0.138631	2.97106	0.00296774	0.026125	607.07	73.6641	55.7266
ramosum-1_5	geyeri	lineapetalum	0.0420287	0.928309	0.353247	0.00460527	232.405	74.9609	68.9141
ramosum-3	geyeri	lineapetalum	0.0135853	0.267905	0.788773	0.00151239	236.096	71.5651	69.6467
ramosum-4_10	geyeri	lineapetalum	0.110895	2.41213	0.0158597	0.012022	211.375	80.5071	64.4339
geyeri	sapellonis	lineapetalum	0.0022785	0.0489288	0.960976	0.000270604	222.95	78.2782	77.9223
lineapetalum	geyeri	scaposum	0.109658	2.76121	0.00575876	0.031108	134.814	138.208	110.892
scopulorum	geyeri	lineapetalum	0.0956841	2.05855	0.0395378	0.0106983	211.79	75.3563	62.1949
stachydeum	geyeri	lineapetalum	0.146728	3.14145	0.00168115	0.0246844	147.272	118.539	88.204
geyeri	lineapetalum	trolliifolium	0.126787	3.08447	0.00203915	0.029764	252.659	132.699	102.836
lineapetalum	viridescens	geyeri	0.262982	5.9551	2.59907e-09	0.0734968	198.081	148.996	86.947
lineapetalum	xantholeucum	geyeri	0.0515807	1.29666	0.194747	0.0128574	496.888	108.377	97.7452
novomexicanum	geyeri	multiplex	0.0454835	1.05965	0.289302	0.00802404	187.054	90.9402	83.0275
geyeri	multiplex	nudicaule	0.0228529	0.589389	0.5556	0.0041183	403.406	94.4495	90.229
nuttallianum-14	multiplex	geyeri	0.0897842	2.33415	0.0195878	0.0266025	182.365	130.726	109.186
nuttallianum-7_9	multiplex	geyeri	0.208361	5.84382	5.10159e-09	0.0634403	181.053	165.304	108.296
geyeri	occidentale	multiplex	0.0318026	0.78304	0.433604	0.00587594	242.206	93.0831	87.345
parryi	geyeri	multiplex	0.24676	6.25212	4.04911e-10	0.0701949	129.8	166.063	100.329
geyeri	multiplex	patens	0.113548	2.63766	0.00834804	0.0190359	680.125	68.9623	54.8982
geyeri	ramosum-1_5	multiplex	0.0244967	0.595654	0.551406	0.00406253	205.583	86.0219	81.9082
ramosum-3	geyeri	multiplex	0.0282323	0.6204	0.534994	0.00457433	212.74	80.5444	76.1214
ramosum-4_10	geyeri	multiplex	0.0154094	0.381884	0.702547	0.00256114	191.324	87.2874	84.6381
sapellonis	geyeri	multiplex	0.00671615	0.159667	0.873143	0.00114408	198.958	87.1572	85.9943
multiplex	geyeri	scaposum	0.0390428	1.06799	0.285526	0.00992382	156.321	126.005	116.535
scopulorum	geyeri	multiplex	0.0730543	1.71721	0.0859411	0.0120469	186.586	83.7689	72.3628
stachydeum	geyeri	multiplex	0.218318	5.16355	2.42309e-07	0.051248	126.786	136.911	87.8429
geyeri	multiplex	trolliifolium	0.0426205	1.12657	0.259924	0.00843317	285.333	111.247	102.152
multiplex	viridescens	geyeri	0.126504	3.1659	0.00154605	0.0265802	496.123	99.4692	77.1289
xantholeucum	multiplex	geyeri	0.0786024	2.20672	0.0273335	0.0227543	209.699	135.29	115.572
novomexicanum	geyeri	nudicaule	0.0489593	0.980304	0.326936	0.00586391	452.99	62.9549	57.0781
novomexicanum	geyeri	nuttallianum-14	0.187881	3.73915	0.000184643	0.024785	183.032	78.049	53.3598
novomexicanum	geyeri	nuttallianum-7_9	0.122812	2.63894	0.00831661	0.0228358	224.471	75.7593	59.1864
occidentale	geyeri	novomexicanum	0.0447	0.992342	0.321031	0.0121345	157.269	100.424	91.83
geyeri	novomexicanum	parryi	0.0571663	1.14989	0.250188	0.00430898	175.668	79.4774	70.8819
geyeri	novomexicanum	patens	0.0427617	0.756645	0.449263	0.00501058	707.329	43.3095	39.7574
novomexicanum	ramosum-1_5	geyeri	0.130647	2.8555	0.00429697	0.0232565	185.573	80.2467	61.7016
novomexicanum	ramosum-3	geyeri	0.311087	6.48028	9.15498e-11	0.0616882	277.746	98.1124	51.5534
novomexicanum	ramosum-4_10	geyeri	0.100914	2.28032	0.0225886	0.0199996	149.13	86.4102	70.5688
novomexicanum	sapellonis	geyeri	0.133013	2.88859	0.00386969	0.0175118	400.357	60.6838	46.4355
novomexicanum	geyeri	scaposum	0.0713393	1.49132	0.135876	0.0112158	189.834	75.3483	65.3136
novomexicanum	scopulorum	geyeri	0.0958432	2.05918	0.0394769	0.0185864	156.838	77.4852	63.9314
geyeri	novomexicanum	stachydeum	0.121411	2.30855	0.0209687	0.0134238	156.3	81.0035	63.4635
novomexicanum	geyeri	trolliifolium	0.0586951	1.20678	0.227517	0.00746085	343.943	70.0977	62.3251
novomexicanum	geyeri	viridescens	0.109643	2.16852	0.0301189	0.0124784	151.691	88.5282	71.0334
novomexicanum	geyeri	xantholeucum	0.185485	3.9782	6.94404e-05	0.0247189	193.173	82.2598	56.5184
nuttallianum-14	geyeri	nudicaule	0.0374309	0.824607	0.409594	0.00691002	313.108	80.2847	74.4913
nuttallianum-7_9	geyeri	nudicaule	0.000390042	0.00969148	0.992267	8.31535e-05	318.876	95.7357	95.661
geyeri	occidentale	nudicaule	0.0145981	0.303849	0.761243	0.00172659	517.613	58.3407	56.6619
geyeri	parryi	nudicaule	0.0348665	0.821116	0.41158	0.00833257	339.425	109.938	102.53
geyeri	nudicaule	patens	0.457404	13.4583	2.3e-16	0.186351	363.062	209.031	77.8229
ramosum-1_5	geyeri	nudicaule	0.0481759	0.999583	0.317512	0.00554932	482.342	60.9657	55.3615
geyeri	ramosum-3	nudicaule	0.0087142	0.161369	0.871803	0.000958306	487.622	52.954	52.0391
ramosum-4_10	geyeri	nudicaule	0.0326771	0.697204	0.485675	0.00357373	476.741	57.1203	53.5054
sapellonis	geyeri	nudicaule	0.0629841	1.31156	0.189669	0.00730187	468.326	62.1315	54.7687
scaposum	geyeri	nudicaule	0.0125558	0.290752	0.771241	0.00224238	341.352	82.9544	80.8971
geyeri	scopulorum	nudicaule	0.070224	1.45379	0.146005	0.00846235	427.575	59.3598	51.5699
geyeri	stachydeum	nudicaule	0.0179232	0.364705	0.715331	0.00309877	341.201	78.8307	76.0547
geyeri	trolliifolium	nudicaule	0.185664	4.88063	1.05748e-06	0.060355	221.288	170.866	117.354
geyeri	viridescens	nudicaule	0.0907766	1.87683	0.0605418	0.0148016	357.814	80.5347	67.1302
xantholeucum	geyeri	nudicaule	0.0345384	0.775449	0.438074	0.00696767	342.339	92.0438	85.898
nuttallianum-7_9	nuttallianum-14	geyeri	0.16391	4.28764	1.80578e-05	0.0392386	302.984	109.411	78.5946
occidentale	geyeri	nuttallianum-14	0.0468205	0.992464	0.320971	0.0061868	234.035	68.4913	62.3646
parryi	geyeri	nuttallianum-14	0.305681	6.87635	6.14068e-12	0.0708874	133.667	145.149	77.1858
geyeri	nuttallianum-14	patens	0.083871	1.6872	0.0915653	0.0152787	516.802	60.375	51.0313
ramosum-1_5	geyeri	nuttallianum-14	0.101505	2.07989	0.0375354	0.0131086	197.23	71.5252	58.3429
ramosum-3	geyeri	nuttallianum-14	0.135367	2.50253	0.0123309	0.016292	207.964	65.6207	49.9731
ramosum-4_10	geyeri	nuttallianum-14	0.115438	2.42946	0.0151211	0.0141186	194.541	69.4387	55.0661
sapellonis	geyeri	nuttallianum-14	0.062646	1.28446	0.198983	0.00875005	192.906	74.418	65.6437
nuttallianum-14	geyeri	scaposum	0.143563	3.5333	0.000410405	0.0411794	127.477	130.72	97.8984
scopulorum	geyeri	nuttallianum-14	0.168068	3.51401	0.000441402	0.0220599	193.437	74.658	53.1736
stachydeum	geyeri	nuttallianum-14	0.265238	5.20544	1.93542e-07	0.0468334	125.313	105.354	61.1823
geyeri	nuttallianum-14	trolliifolium	0.150292	3.61936	0.000295337	0.0348419	234.209	123.648	91.3377
nuttallianum-14	viridescens	geyeri	0.206352	4.4771	7.56647e-06	0.0598401	164.306	123.113	80.9948
nuttallianum-14	xantholeucum	geyeri	0.064185	1.56332	0.117977	0.0151238	403.908	98.0838	86.2522
occidentale	geyeri	nuttallianum-7_9	0.0352833	0.818258	0.41321	0.00711261	279.608	74.4757	69.3993
parryi	geyeri	nuttallianum-7_9	0.253384	6.14577	7.95783e-10	0.080935	160.161	136.293	81.1871
geyeri	nuttallianum-7_9	patens	0.148742	3.50863	0.000450416	0.0320434	548.262	82.3659	61.036
ramosum-1_5	geyeri	nuttallianum-7_9	0.134469	3.07637	0.0020954	0.0247046	240.29	76.3402	58.243
ramosum-3	geyeri	nuttallianum-7_9	0.0252114	0.516686	0.605376	0.00463709	251.049	62.4089	59.3394
ramosum-4_10	geyeri	nuttallianum-7_9	0.0924738	2.06336	0.0390781	0.0172256	241.092	74.7412	62.0881
sapellonis	geyeri	nuttallianum-7_9	0.0469295	1.05527	0.291304	0.00909791	238.47	74.3813	67.7129
nuttallianum-7_9	geyeri	scaposum	0.197593	5.35967	8.33718e-08	0.0609767	126.556	160.772	107.72
scopulorum	geyeri	nuttallianum-7_9	0.106102	2.39968	0.0164092	0.0203565	224.897	72.784	58.8204
stachydeum	geyeri	nuttallianum-7_9	0.18366	4.00455	6.21344e-05	0.0489357	163.684	105.154	72.5221
geyeri	nuttallianum-7_9	trolliifolium	0.132166	3.58494	0.000337157	0.0327886	227.515	136.257	104.444
nuttallianum-7_9	viridescens	geyeri	0.331556	8.24544	2.3e-16	0.101807	144.701	159.855	80.2478
nuttallianum-7_9	xantholeucum	geyeri	0.164591	4.36139	1.2924e-05	0.0462145	251.507	135.132	96.9358
geyeri	occidentale	parryi	0.0161276	0.348544	0.727432	0.00112992	224.57	70.7172	68.4724
geyeri	occidentale	patens	0.0460026	0.876331	0.38085	0.00526004	770.271	42.4757	38.7396
occidentale	geyeri	ramosum-1_5	0.00774243	0.182538	0.855161	0.00273351	138.421	100.782	99.2337
occidentale	geyeri	ramosum-3	0.175464	3.95555	7.63599e-05	0.0456072	140.599	124.429	87.2817
occidentale	geyeri	ramosum-4_10	0.0528988	1.24233	0.214115	0.0193761	144.893	102.485	92.1871
occidentale	geyeri	sapellonis	0.0279413	0.636852	0.524221	0.00889048	151.306	104.077	98.4187
geyeri	occidentale	scaposum	0.00178488	0.0395285	0.968469	0.000274438	240.601	68.2088	67.9657
occidentale	geyeri	scopulorum	0.0555879	1.26278	0.206667	0.0136931	139.467	99.5796	89.0918
geyeri	occidentale	stachydeum	0.0906179	1.80155	0.0716167	0.00930782	210.395	74.3329	61.9805
occidentale	geyeri	trolliifolium	0.0962386	2.02736	0.0426255	0.0113968	392.863	67.4848	55.6359
geyeri	occidentale	viridescens	0.0258721	0.535956	0.591989	0.00288739	202.48	82.1602	78.0161
occidentale	geyeri	xantholeucum	0.0736521	1.62746	0.10364	0.010047	236.531	74.0383	63.8803
geyeri	parryi	patens	0.00121142	0.0261199	0.979162	0.000273952	562.75	71.7431	71.5694
geyeri	ramosum-1_5	parryi	0.0704166	1.47097	0.141298	0.00481038	188.085	74.5017	64.6997
geyeri	ramosum-3	parryi	0.0453334	0.853721	0.39326	0.0031173	191.413	69.1163	63.1215
geyeri	ramosum-4_10	parryi	0.0684599	1.45297	0.146232	0.00483009	187.205	77.5125	67.5795
geyeri	sapellonis	parryi	0.0794614	1.66694	0.0955264	0.00568275	179.659	77.9353	66.4614
parryi	geyeri	scaposum	0.211131	5.02464	5.04381e-07	0.0572331	143.309	136.344	88.8074
geyeri	scopulorum	parryi	0.0948479	1.97716	0.048024	0.00709693	172.536	78.4076	64.8225
parryi	geyeri	stachydeum	0.172233	3.69262	0.000221959	0.029399	116.293	119.644	84.4861
parryi	geyeri	trolliifolium	0.270678	6.22654	4.76842e-10	0.0544787	262.076	125.181	71.849
parryi	geyeri	viridescens	0.254458	5.74182	9.36652e-09	0.0439291	100.472	141.851	84.3038
parryi	geyeri	xantholeucum	0.291887	7.00433	2.48169e-12	0.0688633	138.004	148.443	81.3652
geyeri	ramosum-1_5	patens	0.0240177	0.457227	0.647508	0.00258838	748.321	39.4531	37.6024
geyeri	ramosum-3	patens	0.15873	2.67139	0.00755367	0.0163374	729.755	41.4427	30.0885
ramosum-4_10	geyeri	patens	0.0541704	1.04289	0.296999	0.00595508	785.684	41.9882	37.6729
geyeri	sapellonis	patens	0.0410009	0.763505	0.445162	0.00462517	740.156	42.5586	39.2062
geyeri	scaposum	patens	0.0768715	1.64595	0.0997743	0.0127953	570.091	59.2695	50.8077
scopulorum	geyeri	patens	0.020377	0.370276	0.711177	0.00218576	684.848	36.513	35.0547
geyeri	stachydeum	patens	0.0509953	0.936573	0.348978	0.00794013	576.477	54.1719	48.9149
geyeri	trolliifolium	patens	0.261073	6.34367	2.24358e-10	0.0741628	423.967	117.648	68.9358
geyeri	viridescens	patens	0.217938	4.0431	5.27501e-05	0.0311519	588.481	58.0677	37.2865
geyeri	xantholeucum	patens	0.0402271	0.84059	0.400578	0.00725512	560.012	60.7639	56.0642
ramosum-1_5	ramosum-3	geyeri	0.183579	4.13944	3.48148e-05	0.0419105	180.997	99.5069	68.6389
ramosum-4_10	ramosum-1_5	geyeri	0.00807965	0.193236	0.846774	0.00163718	157.543	80.5359	79.2449
sapellonis	ramosum-1_5	geyeri	0.0645322	1.4692	0.141778	0.012183	201.227	79.8173	70.1402
geyeri	ramosum-1_5	scaposum	0.0146872	0.329538	0.741749	0.00222879	205.781	70.5258	68.4842
scopulorum	ramosum-1_5	geyeri	0.032884	0.733303	0.463374	0.00679901	131.564	78.4429	73.4481
geyeri	ramosum-1_5	stachydeum	0.126683	2.48404	0.0129903	0.0121867	171.16	73.1493	56.6997
ramosum-1_5	geyeri	trolliifolium	0.0557778	1.17285	0.240854	0.0062773	365.284	62.1905	55.6194
ramosum-1_5	geyeri	viridescens	0.0637594	1.31145	0.189706	0.00659491	171.032	78.206	68.831
ramosum-1_5	geyeri	xantholeucum	0.145912	3.17795	0.00148321	0.018181	210.68	75.8483	56.5323
ramosum-4_10	ramosum-3	geyeri	0.198527	4.44902	8.62648e-06	0.0449272	149.437	99.9309	66.8253
sapellonis	ramosum-3	geyeri	0.228691	4.8994	9.61284e-07	0.0451294	280.385	90.8837	57.0521
geyeri	ramosum-3	scaposum	0.0110532	0.225246	0.821788	0.00164848	214.399	65.9041	64.4631
scopulorum	ramosum-3	geyeri	0.153285	3.2616	0.00110784	0.0369404	143.328	94.5308	69.4023
geyeri	ramosum-3	stachydeum	0.168501	3.1134	0.00184947	0.016748	181.302	73.2656	52.1354
ramosum-3	geyeri	trolliifolium	0.0135886	0.25457	0.799055	0.00156585	353.181	58.4688	56.901
geyeri	ramosum-3	viridescens	0.037688	0.700767	0.483449	0.00385105	173.958	72.8733	67.5799
ramosum-3	geyeri	xantholeucum	0.125517	2.46993	0.0135138	0.0165018	215.705	73.2465	56.9097
ramosum-4_10	sapellonis	geyeri	0.00199303	0.0460343	0.963283	0.000408578	154.47	80.3	79.9805
ramosum-4_10	geyeri	scaposum	0.0318433	0.711995	0.476468	0.0049058	206.006	73.9942	69.4272
scopulorum	ramosum-4_10	geyeri	0.0567012	1.2954	0.195183	0.0125188	150.313	86.7592	77.4484
geyeri	ramosum-4_10	stachydeum	0.10042	2.00484	0.0449798	0.00985755	171.045	73.3226	59.9403
ramosum-4_10	geyeri	trolliifolium	0.0927973	2.01478	0.0439281	0.0107511	355.762	67.2571	55.8345
ramosum-4_10	geyeri	viridescens	0.0242232	0.50685	0.61226	0.00269283	155.015	81.8715	77.999
ramosum-4_10	geyeri	xantholeucum	0.158977	3.50756	0.000452241	0.020142	209.436	79.0571	57.3686
sapellonis	geyeri	scaposum	0.00809498	0.173633	0.862154	0.00123935	202.173	71.2391	70.0951
sapellonis	scopulorum	geyeri	0.015689	0.34661	0.728884	0.00295932	172.368	70.4708	68.2937
geyeri	sapellonis	stachydeum	0.122324	2.40425	0.0162056	0.013845	166.582	84.8929	66.3877
sapellonis	geyeri	trolliifolium	0.0401406	0.851341	0.39458	0.00491789	366.826	66.918	61.753
sapellonis	geyeri	viridescens	0.0424681	0.871536	0.383462	0.00474312	164.331	83.1661	76.39
sapellonis	geyeri	xantholeucum	0.098742	2.15265	0.0313458	0.0135364	204.225	79.7754	65.4368
scopulorum	geyeri	scaposum	0.0251742	0.542804	0.587265	0.00410175	197.419	72.2553	68.7067
stachydeum	geyeri	scaposum	0.235807	5.05143	4.38517e-07	0.0507349	131.746	116.234	71.8763
scaposum	geyeri	trolliifolium	0.079823	1.90559	0.0567038	0.0158301	249.347	104.64	89.1697
geyeri	viridescens	scaposum	0.0408225	0.941553	0.346422	0.00995684	143.363	103.844	95.6984
xantholeucum	geyeri	scaposum	0.148674	3.69114	0.000223253	0.0400431	140.864	133.658	99.0587
geyeri	scopulorum	stachydeum	0.0314784	0.5952	0.55171	0.00336938	155.587	68.181	64.0195
scopulorum	geyeri	trolliifolium	0.0548801	1.17102	0.241592	0.0068044	337.918	64.9227	58.1675
scopulorum	geyeri	viridescens	0.0376872	0.748154	0.454367	0.00417161	144.913	74.7391	69.3103
scopulorum	geyeri	xantholeucum	0.139886	3.07596	0.00209824	0.0189561	199.191	77.6598	58.599
stachydeum	geyeri	trolliifolium	0.0729717	1.48134	0.138517	0.0123742	253.316	87.2153	75.3524
stachydeum	geyeri	viridescens	0.238031	4.72448	2.30699e-06	0.0342093	97.3733	120.516	74.1736
stachydeum	geyeri	xantholeucum	0.293466	6.21136	5.25289e-10	0.0529224	133.782	116.85	63.8273
geyeri	viridescens	trolliifolium	0.096196	1.98096	0.0475958	0.0162726	273.694	87.276	71.9583
geyeri	xantholeucum	trolliifolium	0.179875	4.41127	1.02768e-05	0.0409664	256.894	131.974	91.7344
xantholeucum	viridescens	geyeri	0.206215	4.65325	3.26749e-06	0.0599307	175.296	131.102	86.2752
glaucum-1_2	glaucum-3_4	glaucescens	0.282962	7.29842	2.91176e-13	0.0824975	166.196	132.849	74.2483
glaucescens	glaucum-1_2	gypsophilum	0.0823314	1.6421	0.100568	0.00757548	223.291	85.5291	72.5169
glaucescens	glaucum-1_2	hesperium	0.165139	3.1007	0.00193066	0.0142755	160.158	89.2778	63.9705
glaucescens	glaucum-1_2	lineapetalum	0.0504121	1.02751	0.304182	0.00655434	191.203	83.7982	75.7548
glaucescens	glaucum-1_2	multiplex	0.0507012	1.12126	0.262176	0.00967357	172.917	96.7069	87.3738
novomexicanum	glaucum-1_2	glaucescens	0.0126979	0.253601	0.799804	0.00337629	98.4844	89.6528	87.4045
glaucum-1_2	glaucescens	nudicaule	0.0570137	1.07427	0.282703	0.00810804	421.99	68.8316	61.4062
glaucescens	glaucum-1_2	nuttallianum-14	0.114862	2.11251	0.0346427	0.0151357	187.332	71.8437	57.0399
glaucescens	glaucum-1_2	nuttallianum-7_9	0.0440253	0.925852	0.354523	0.00958331	219.076	81.847	74.9442
glaucescens	occidentale	glaucum-1_2	0.123866	2.6573	0.00787701	0.0202616	368.337	86.4795	67.417
glaucescens	glaucum-1_2	parryi	0.0835231	1.57437	0.115403	0.00673283	161.562	83.0052	70.2083
glaucum-1_2	glaucescens	patens	0.0666207	1.1357	0.256083	0.00862924	673.162	47.0443	41.1675
glaucum-1_2	ramosum-1_5	glaucescens	0.0872267	1.83839	0.0660054	0.0243997	99.0362	103.816	87.1578
glaucum-1_2	ramosum-3	glaucescens	0.071302	1.35049	0.17686	0.0197772	94.7153	94.4531	81.8802
ramosum-4_10	glaucum-1_2	glaucescens	0.00308666	0.065516	0.947763	0.000806917	93.997	89.1988	88.6498
glaucum-1_2	sapellonis	glaucescens	0.0237656	0.48365	0.628635	0.00646256	106.698	93.9705	89.6076
glaucescens	glaucum-1_2	scaposum	0.0629066	1.25624	0.209028	0.00984962	177.344	70.9451	62.5475
scopulorum	glaucum-1_2	glaucescens	0.0623524	1.23055	0.21849	0.0167696	97.7216	90.2771	79.6799
glaucescens	glaucum-1_2	stachydeum	0.0745323	1.323	0.185837	0.00898672	141.21	82.0343	70.6541
glaucescens	glaucum-1_2	trolliifolium	0.0759273	1.40605	0.159709	0.00987962	327.157	68.1832	58.5599
glaucum-1_2	glaucescens	viridescens	0.0334633	0.620869	0.534686	0.00395857	134.141	82.1684	76.8472
glaucescens	glaucum-1_2	xantholeucum	0.000449242	0.00876076	0.99301	6.51089e-05	188.093	69.5929	69.5304
glaucescens	glaucum-3_4	gypsophilum	0.0737399	1.63665	0.101703	0.0069017	294.587	92.9792	80.2083
glaucescens	glaucum-3_4	hesperium	0.111913	2.27051	0.0231766	0.00909491	225.431	89.092	71.158
glaucum-3_4	glaucescens	lineapetalum	0.0516784	1.17136	0.241456	0.00635049	263.446	88.2912	79.6141
glaucum-3_4	glaucescens	multiplex	0.0444778	1.10376	0.269698	0.00831604	253.277	105.85	96.8349
novomexicanum	glaucum-3_4	glaucescens	0.231403	6.11632	9.5762e-10	0.0737868	110.194	148.548	92.7183
glaucum-3_4	glaucescens	nudicaule	0.110464	2.29209	0.0219003	0.013706	524.748	70.7878	56.7044
glaucum-3_4	glaucescens	nuttallianum-14	0.0658301	1.38049	0.167435	0.0082843	254.508	72.7734	63.7839
glaucum-3_4	glaucescens	nuttallianum-7_9	0.144405	3.35126	0.000804433	0.0266919	294.263	85.8329	64.1715
glaucescens	occidentale	glaucum-3_4	0.23652	7.1877	6.58934e-13	0.0886005	358.282	125.671	77.5945
glaucescens	glaucum-3_4	parryi	0.0834455	1.76391	0.0777474	0.00628609	221.964	85.2517	72.1198
glaucum-3_4	glaucescens	patens	0.11709	2.15436	0.0312116	0.0150294	801.959	53.0026	41.8915
ramosum-1_5	glaucum-3_4	glaucescens	0.111665	2.97241	0.0029547	0.0376364	103.804	139.651	111.595
ramosum-3	glaucum-3_4	glaucescens	0.151534	3.87388	0.000107116	0.0508273	102.291	133.217	98.1558
ramosum-4_10	glaucum-3_4	glaucescens	0.228892	6.28592	3.25924e-10	0.0718901	103.487	144.934	90.9434
sapellonis	glaucum-3_4	glaucescens	0.164945	4.36105	1.29439e-05	0.0532324	111.523	142.148	101.894
glaucescens	glaucum-3_4	scaposum	0.0450119	0.991886	0.321253	0.00672642	245.513	74.6067	68.1796
scopulorum	glaucum-3_4	glaucescens	0.270248	7.1942	6.28259e-13	0.0876282	105.754	146.472	84.1478
glaucescens	glaucum-3_4	stachydeum	0.0616958	1.21512	0.224321	0.00665448	204.601	79.5	70.2604
glaucum-3_4	glaucescens	trolliifolium	0.0232659	0.473713	0.635705	0.00273472	409.373	65.4375	62.4618
glaucum-3_4	glaucescens	viridescens	0.0476655	0.976411	0.328861	0.00576919	197.701	93.1458	84.6701
glaucum-3_4	glaucescens	xantholeucum	0.0318885	0.696983	0.485814	0.00434688	253.103	76.179	71.4707
gypsophilum	hesperium	glaucescens	0.179875	4.50204	6.73055e-06	0.0573948	240.262	148.418	103.165
gypsophilum	glaucescens	lineapetalum	0.315845	8.76815	2.3e-16	0.0755821	162.709	215.907	112.258
gypsophilum	glaucescens	multiplex	0.371492	10.9179	2.3e-16	0.120997	139.792	247.476	113.41
glaucescens	novomexicanum	gypsophilum	0.0576537	1.21196	0.225526	0.00517713	245.75	84.1128	74.9427
gypsophilum	glaucescens	nudicaule	0.162929	4.28966	1.78949e-05	0.0459514	355.228	161.117	115.971
gypsophilum	glaucescens	nuttallianum-14	0.325907	8.38615	2.3e-16	0.0842219	155.064	180.71	91.8733
gypsophilum	glaucescens	nuttallianum-7_9	0.417509	11.7841	2.3e-16	0.14631	172.953	201.585	82.8364
glaucescens	occidentale	gypsophilum	0.0848601	1.90914	0.0562439	0.00575973	530.982	67.3607	56.8225
gypsophilum	parryi	glaucescens	0.231684	6.00438	1.92061e-09	0.0658348	468.825	133.644	83.3663
gypsophilum	glaucescens	patens	0.0947876	2.36536	0.0180128	0.0245175	592.688	100.059	82.7326
glaucescens	ramosum-1_5	gypsophilum	0.12947	2.89195	0.0038286	0.0107672	261.467	84.9058	65.4405
glaucescens	ramosum-3	gypsophilum	0.132951	2.65139	0.00801608	0.0123615	238.847	91.5625	70.0729
glaucescens	ramosum-4_10	gypsophilum	0.0845251	1.89096	0.0586298	0.00755864	253.826	87.9845	74.27
glaucescens	sapellonis	gypsophilum	0.0894283	1.89354	0.058286	0.007911	253.171	86.5651	72.3533
gypsophilum	glaucescens	scaposum	0.289159	8.02783	9.92153e-16	0.0892156	147.405	189.904	104.713
glaucescens	scopulorum	gypsophilum	0.158315	3.4292	0.000605361	0.0155898	218.343	97.3121	70.7114
gypsophilum	glaucescens	stachydeum	0.324731	8.02974	9.76758e-16	0.0657611	113.366	182.783	93.1719
gypsophilum	glaucescens	trolliifolium	0.300959	7.87307	3.46034e-15	0.0710151	272.37	165.186	88.759
gypsophilum	glaucescens	viridescens	0.381011	10.1379	2.3e-16	0.0771851	108.907	207.477	92.9942
gypsophilum	glaucescens	xantholeucum	0.331256	8.77516	2.3e-16	0.0894438	148.473	196.273	98.5961
hesperium	glaucescens	lineapetalum	0.199399	4.65779	3.19617e-06	0.0378297	150.311	141.939	94.7448
hesperium	glaucescens	multiplex	0.180896	4.64932	3.33035e-06	0.0521568	137.089	163.271	113.25
glaucescens	novomexicanum	hesperium	0.15406	3.10396	0.00190947	0.0134517	167.624	93.8325	68.7804
glaucescens	hesperium	nudicaule	0.0839526	1.89988	0.0574487	0.0202767	325.323	114.208	96.5174
hesperium	glaucescens	nuttallianum-14	0.174227	3.76229	0.000168367	0.0365817	147.828	119.863	84.2934
hesperium	glaucescens	nuttallianum-7_9	0.284585	6.96172	3.36146e-12	0.0814665	173.314	134.868	75.1111
glaucescens	occidentale	hesperium	0.101811	2.10917	0.0349303	0.00631427	450.801	65.8724	53.6988
parryi	hesperium	glaucescens	0.0170568	0.38795	0.698053	0.0050113	237.801	105.797	102.249
glaucescens	hesperium	patens	0.0524403	1.09809	0.272164	0.0113915	539.559	72.4028	65.1875
glaucescens	ramosum-1_5	hesperium	0.19385	3.9913	6.57109e-05	0.0151674	181.359	88.8779	60.015
glaucescens	ramosum-3	hesperium	0.116698	2.15221	0.0313808	0.00979082	174.293	85.474	67.6094
glaucescens	ramosum-4_10	hesperium	0.164696	3.44439	0.000572352	0.014274	176.54	97.0578	69.6085
glaucescens	sapellonis	hesperium	0.136549	2.81583	0.00486515	0.0116022	173.315	92.1063	69.9744
hesperium	glaucescens	scaposum	0.127529	2.97163	0.00296226	0.0323965	125.443	118.851	91.966
glaucescens	scopulorum	hesperium	0.127422	2.548	0.0108341	0.0118537	155.594	91.7973	71.0473
hesperium	glaucescens	stachydeum	0.158423	3.31208	0.000926041	0.029435	107.282	136.952	99.4936
hesperium	glaucescens	trolliifolium	0.122093	2.68093	0.00734177	0.0241323	266.74	108.834	85.1499
hesperium	glaucescens	viridescens	0.232178	5.00512	5.58262e-07	0.0408995	98.5208	145.806	90.8576
hesperium	glaucescens	xantholeucum	0.239086	5.51312	3.52533e-08	0.0521803	138.984	134.712	82.7255
lineapetalum	multiplex	glaucescens	0.148228	4.06957	4.70995e-05	0.0462341	291.344	152.38	113.038
novomexicanum	glaucescens	lineapetalum	0.0399003	0.858269	0.390744	0.0053584	201.948	89.997	83.0907
lineapetalum	glaucescens	nudicaule	0.025546	0.604491	0.545517	0.00553028	353.293	101.408	96.3559
nuttallianum-14	lineapetalum	glaucescens	0.0553815	1.31323	0.189105	0.0140463	367.888	97.3672	87.1484
nuttallianum-7_9	lineapetalum	glaucescens	0.118005	3.16902	0.00152955	0.0346565	274.1	127.605	100.668
glaucescens	occidentale	lineapetalum	0.0280812	0.652274	0.514225	0.00280515	474.612	68.8364	65.076
parryi	glaucescens	lineapetalum	0.138861	3.33569	0.000850883	0.028666	150.699	139.567	105.532
glaucescens	lineapetalum	patens	0.0843779	1.80249	0.071469	0.0171254	613.49	75.9931	64.1667
glaucescens	ramosum-1_5	lineapetalum	0.0093809	0.211274	0.832674	0.00115563	224.75	81.6337	80.1163
ramosum-3	glaucescens	lineapetalum	0.00633573	0.129982	0.89658	0.000850958	202.25	85.2083	84.1354
ramosum-4_10	glaucescens	lineapetalum	0.0588863	1.286	0.198442	0.00689182	207.377	82.367	73.2059
sapellonis	glaucescens	lineapetalum	0.0247265	0.53491	0.592712	0.00325686	220.321	88.4249	84.1576
lineapetalum	glaucescens	scaposum	0.0591477	1.50931	0.13122	0.0163663	130.82	130.291	115.739
scopulorum	glaucescens	lineapetalum	0.0263556	0.566336	0.571166	0.00353856	189.26	83.8346	79.5291
stachydeum	glaucescens	lineapetalum	0.178458	3.89291	9.9048e-05	0.0312652	158.611	128.632	89.6736
glaucescens	lineapetalum	trolliifolium	0.214137	5.33101	9.76661e-08	0.0500285	259.845	145.075	93.901
lineapetalum	viridescens	glaucescens	0.221967	5.21297	1.85845e-07	0.067966	200.171	140.296	89.3273
lineapetalum	xantholeucum	glaucescens	0.0295616	0.754715	0.45042	0.00750621	510.438	98.4063	92.7552
novomexicanum	glaucescens	multiplex	0.0483257	1.14489	0.252253	0.00955195	187.392	105.111	95.4202
multiplex	glaucescens	nudicaule	0.0226285	0.584899	0.558616	0.00451245	405.713	103.35	98.7762
nuttallianum-14	multiplex	glaucescens	0.1899	5.0573	4.25239e-07	0.0601376	190.227	147.788	100.616
nuttallianum-7_9	multiplex	glaucescens	0.210867	6.07803	1.21664e-09	0.0676923	190.467	168.67	109.923
glaucescens	occidentale	multiplex	0.0326041	0.844785	0.398231	0.0047567	485.405	77.8546	72.9381
parryi	glaucescens	multiplex	0.246432	6.38944	1.66495e-10	0.0729446	131.41	174.906	105.744
glaucescens	multiplex	patens	0.00861644	0.194745	0.845592	0.00161335	699.246	69.4799	68.2928
glaucescens	ramosum-1_5	multiplex	0.0485127	1.17456	0.240172	0.00888407	202.33	99.5598	90.3469
ramosum-3	glaucescens	multiplex	0.0163552	0.369782	0.711545	0.00302958	186.926	93.4342	90.4271
glaucescens	ramosum-4_10	multiplex	0.00534382	0.131445	0.895423	0.000976469	187.99	95.7485	94.7306
sapellonis	glaucescens	multiplex	0.0258096	0.624553	0.532265	0.00491852	204.887	102.473	97.3168
glaucescens	multiplex	scaposum	0.0179789	0.49464	0.620854	0.00450451	164.365	124.226	119.838
scopulorum	glaucescens	multiplex	0.0207303	0.484113	0.628305	0.00414913	168.685	96.7012	92.7733
stachydeum	glaucescens	multiplex	0.18358	4.47906	7.49728e-06	0.045211	135.837	142.766	98.4784
glaucescens	multiplex	trolliifolium	0.138888	3.61571	0.00029953	0.028515	303.657	128.79	97.3776
multiplex	viridescens	glaucescens	0.160963	4.07363	4.62851e-05	0.0343204	517.67	99.8009	72.1268
xantholeucum	multiplex	glaucescens	0.132777	3.71339	0.000204498	0.0407366	218.619	140.609	107.647
novomexicanum	glaucescens	nudicaule	0.0781168	1.5394	0.123707	0.0105305	445.826	71.1632	60.8507
novomexicanum	glaucescens	nuttallianum-14	0.0352407	0.689226	0.490681	0.00501488	203.895	74.5117	69.4388
novomexicanum	glaucescens	nuttallianum-7_9	0.17509	3.81643	0.000135396	0.0357724	233.797	89.875	63.092
glaucescens	occidentale	novomexicanum	0.0710288	1.61756	0.105757	0.0146245	376.877	80.1977	69.5605
glaucescens	novomexicanum	parryi	0.0417506	0.833281	0.404686	0.00347706	173.89	86.6814	79.7335
novomexicanum	glaucescens	patens	0.090044	1.56096	0.118533	0.0120578	698.983	52.5	43.8264
novomexicanum	ramosum-1_5	glaucescens	0.138237	2.9845	0.00284044	0.0270516	212.709	83.4972	63.2159
novomexicanum	ramosum-3	glaucescens	0.0957012	1.80475	0.0711143	0.018271	286.214	72.8594	60.1319
novomexicanum	ramosum-4_10	glaucescens	0.00208548	0.0455646	0.963657	0.000421268	161.575	74.2448	73.9358
novomexicanum	sapellonis	glaucescens	0.0576066	1.18456	0.236191	0.00818206	417.571	57.8663	51.5625
glaucescens	novomexicanum	scaposum	0.010314	0.213076	0.831268	0.00165065	190.473	74.9972	73.4659
scopulorum	novomexicanum	glaucescens	0.0433116	0.883924	0.376737	0.00878409	170.549	71.5336	65.5944
glaucescens	novomexicanum	stachydeum	0.0880303	1.66179	0.0965541	0.0106867	146.917	86.9258	72.8598
glaucescens	novomexicanum	trolliifolium	0.0111581	0.219742	0.826072	0.00150266	336.136	70.7977	69.2352
novomexicanum	glaucescens	viridescens	0.0477507	0.925544	0.354683	0.00566433	142.643	87.8446	79.8377
novomexicanum	glaucescens	xantholeucum	0.05228	1.06984	0.28469	0.00762194	190.257	79.3231	71.4411
nuttallianum-14	glaucescens	nudicaule	0.0799769	1.76133	0.0781831	0.0169069	301.043	94.033	80.1059
nuttallianum-7_9	glaucescens	nudicaule	0.0964755	2.44319	0.014558	0.0221769	319.657	112.558	92.7509
glaucescens	occidentale	nudicaule	0.0100642	0.211147	0.832773	0.000986775	752.371	48.9614	47.9857
glaucescens	parryi	nudicaule	0.00471515	0.109243	0.91301	0.00115466	336.521	108.021	107.007
glaucescens	nudicaule	patens	0.390251	10.7607	2.3e-16	0.166499	392.604	207.222	90.8854
ramosum-1_5	glaucescens	nudicaule	0.0813624	1.62653	0.103837	0.0102005	472.37	67.2726	57.1493
ramosum-3	glaucescens	nudicaule	0.0792632	1.47664	0.139772	0.0103885	446.473	66.7335	56.9314
ramosum-4_10	glaucescens	nudicaule	0.0398385	0.821249	0.411505	0.00505843	456.81	65.8878	60.8392
sapellonis	glaucescens	nudicaule	0.0574542	1.14938	0.250398	0.00762715	460.641	69.6584	62.089
scaposum	glaucescens	nudicaule	0.0568322	1.30374	0.192322	0.0104696	319.582	88.5069	78.9878
scopulorum	glaucescens	nudicaule	0.0173198	0.345673	0.729588	0.00253754	406.151	66.6914	64.4206
glaucescens	stachydeum	nudicaule	0.000231199	0.00462625	0.996309	4.26426e-05	343.484	82.6198	82.5816
glaucescens	trolliifolium	nudicaule	0.1728	4.52761	5.96533e-06	0.0604409	196.769	177.217	124.995
glaucescens	viridescens	nudicaule	0.0178434	0.368538	0.712472	0.00306706	362.622	79.0286	76.2578
xantholeucum	glaucescens	nudicaule	0.0760074	1.72555	0.0844289	0.0169262	328.085	103.262	88.6736
nuttallianum-7_9	nuttallianum-14	glaucescens	0.109741	2.87139	0.00408668	0.02717	316.979	101.396	81.342
glaucescens	occidentale	nuttallianum-14	0.101304	2.13699	0.032599	0.0109449	453.191	62.5664	51.056
parryi	glaucescens	nuttallianum-14	0.178253	3.97074	7.16491e-05	0.0394505	144.752	124.672	86.9497
glaucescens	nuttallianum-14	patens	0.04836	0.96701	0.333539	0.0100031	504.969	66.2014	60.0938
glaucescens	ramosum-1_5	nuttallianum-14	0.0192872	0.398715	0.690103	0.00268812	216.003	72.0234	69.2977
ramosum-3	glaucescens	nuttallianum-14	0.0186394	0.34717	0.728464	0.00255028	197.521	67.4583	64.9896
glaucescens	ramosum-4_10	nuttallianum-14	0.00978439	0.202654	0.839406	0.00130732	196.395	69.4474	68.1016
glaucescens	sapellonis	nuttallianum-14	0.0414535	0.83855	0.401722	0.00609988	208.669	77.0495	70.9158
nuttallianum-14	glaucescens	scaposum	0.095492	2.37321	0.017634	0.0284842	118.289	131.989	108.978
scopulorum	glaucescens	nuttallianum-14	0.0356148	0.729224	0.465864	0.00525504	185.178	75.3207	70.1402
stachydeum	glaucescens	nuttallianum-14	0.167142	3.32581	0.000881628	0.0303811	146.811	102.356	73.0399
glaucescens	nuttallianum-14	trolliifolium	0.207237	4.96136	7.00031e-07	0.0486771	226.78	133.054	87.3733
nuttallianum-14	viridescens	glaucescens	0.274149	6.17606	6.57207e-10	0.08442	167.665	130.28	74.217
nuttallianum-14	xantholeucum	glaucescens	0.0791633	1.93534	0.0529486	0.0182907	423.368	91.1766	77.7999
occidentale	glaucescens	nuttallianum-7_9	0.0524372	1.22446	0.220778	0.00877546	497.635	68.2952	61.4897
parryi	glaucescens	nuttallianum-7_9	0.245658	5.9367	2.90808e-09	0.0734755	166.994	131.984	79.9262
glaucescens	nuttallianum-7_9	patens	0.0475175	1.11015	0.266932	0.0105009	525.559	75.2435	68.4171
ramosum-1_5	glaucescens	nuttallianum-7_9	0.118271	2.68971	0.0071514	0.0217867	243.983	77.5454	61.1426
ramosum-3	glaucescens	nuttallianum-7_9	0.0244453	0.505487	0.613217	0.00508207	231.934	73.0838	69.5959
ramosum-4_10	glaucescens	nuttallianum-7_9	0.130886	2.99536	0.00274122	0.0248034	235.74	81.2845	62.4692
sapellonis	glaucescens	nuttallianum-7_9	0.109297	2.45439	0.0141125	0.0225759	253.985	86.2872	69.2837
nuttallianum-7_9	glaucescens	scaposum	0.180903	5.00739	5.51726e-07	0.0546905	127.936	158.175	109.714
scopulorum	glaucescens	nuttallianum-7_9	0.0946787	2.08889	0.0367174	0.0200973	210.624	80.4224	66.511
stachydeum	glaucescens	nuttallianum-7_9	0.216161	4.81469	1.47425e-06	0.0587948	172.164	115.293	74.3086
glaucescens	nuttallianum-7_9	trolliifolium	0.164938	4.34613	1.38561e-05	0.0415629	236.391	144.115	103.306
nuttallianum-7_9	viridescens	glaucescens	0.32498	8.24165	2.3e-16	0.106239	136.228	160.848	81.9449
nuttallianum-7_9	xantholeucum	glaucescens	0.145755	3.91833	8.91651e-05	0.042463	258.813	128.939	96.1338
glaucescens	occidentale	parryi	0.129428	2.70871	0.00675446	0.007419	430.533	66.6441	51.3698
occidentale	glaucescens	patens	0.0779115	1.4417	0.149387	0.00855566	1042.06	42.6341	36.4709
glaucescens	occidentale	ramosum-1_5	0.0507362	1.20632	0.227694	0.0141576	368.627	85.302	77.0642
glaucescens	occidentale	ramosum-3	0.0262991	0.574787	0.565435	0.0048509	368.403	78.658	74.6267
glaucescens	occidentale	ramosum-4_10	0.136583	3.1631	0.00156101	0.0346131	386.065	82.6836	62.8114
glaucescens	occidentale	sapellonis	0.0758794	1.72364	0.0847733	0.0182931	397.726	84.9744	72.9883
glaucescens	occidentale	scaposum	0.0617264	1.40824	0.15906	0.00711527	463.856	57.783	51.0642
glaucescens	occidentale	scopulorum	0.12832	2.82162	0.00477813	0.0233868	356.177	82.0224	63.3661
glaucescens	occidentale	stachydeum	0.131794	2.63385	0.00844236	0.0119387	428.938	71.0417	54.4965
glaucescens	occidentale	trolliifolium	0.0480415	1.00757	0.31366	0.00479612	617.929	55.9397	50.8112
occidentale	glaucescens	viridescens	0.00693598	0.149249	0.881357	0.000642828	407.444	68.8073	67.8594
glaucescens	occidentale	xantholeucum	0.0430734	0.94037	0.347028	0.00480271	454.966	61.0029	55.9647
parryi	glaucescens	patens	0.0725554	1.55814	0.119199	0.0163697	581.839	78.6094	67.974
glaucescens	ramosum-1_5	parryi	0.121576	2.52721	0.0114973	0.00911677	187.339	86.1427	67.4673
glaucescens	ramosum-3	parryi	0.0526036	0.980556	0.326812	0.00408862	167.668	79.2066	71.2899
glaucescens	ramosum-4_10	parryi	0.0911078	1.94095	0.0522644	0.00715765	173.167	88.4769	73.7012
glaucescens	sapellonis	parryi	0.105985	2.19679	0.0280357	0.00861551	166.113	91.1098	73.648
parryi	glaucescens	scaposum	0.180954	4.32794	1.50513e-05	0.0470172	140.169	131.551	91.2365
glaucescens	scopulorum	parryi	0.131643	2.65867	0.00784507	0.0110366	147.047	90.7535	69.6389
parryi	glaucescens	stachydeum	0.149797	3.16583	0.00154644	0.0270866	109.184	126.076	93.2257
parryi	glaucescens	trolliifolium	0.175157	3.9851	6.74521e-05	0.0357962	263.822	116.409	81.7075
parryi	glaucescens	viridescens	0.253368	5.66389	1.47975e-08	0.0444803	99.2118	143.896	85.7187
parryi	glaucescens	xantholeucum	0.201757	4.80383	1.55656e-06	0.0470792	144.43	135.22	89.8173
ramosum-1_5	glaucescens	patens	0.0176729	0.3247	0.745408	0.00221491	730.957	45.2873	43.7144
glaucescens	ramosum-3	patens	0.0690424	1.17373	0.240502	0.00841953	688.984	44.9462	39.1406
ramosum-4_10	glaucescens	patens	0.082539	1.53564	0.124626	0.0104246	727.481	49.1512	41.6561
sapellonis	glaucescens	patens	0.0509335	0.936486	0.349023	0.00687609	714.714	51.1359	46.1793
scaposum	glaucescens	patens	0.00795687	0.169179	0.865656	0.00140857	546.771	58.5004	57.5768
scopulorum	glaucescens	patens	0.127355	2.27878	0.02268	0.0155953	649.655	46.2734	35.8186
stachydeum	glaucescens	patens	0.0284182	0.515772	0.606013	0.00514075	569.045	61.2569	57.8715
glaucescens	trolliifolium	patens	0.19354	4.59573	4.3123e-06	0.0608196	418.429	121.818	82.3108
glaucescens	viridescens	patens	0.0510606	0.917279	0.358996	0.00820681	580.226	56	50.559
xantholeucum	glaucescens	patens	0.0482397	1.00315	0.315787	0.0100805	547.405	71.3199	64.7556
ramosum-3	ramosum-1_5	glaucescens	0.0585369	1.20422	0.228504	0.0130688	212.224	80.6055	71.6905
ramosum-4_10	ramosum-1_5	glaucescens	0.154646	3.48349	0.000494929	0.0300923	173.263	83.1308	60.8627
sapellonis	ramosum-1_5	glaucescens	0.117071	2.5623	0.0103982	0.0235796	229.174	84.4184	66.724
glaucescens	ramosum-1_5	scaposum	0.127169	2.85522	0.00430066	0.0193346	208.668	80.4488	62.296
scopulorum	ramosum-1_5	glaucescens	0.19988	4.26703	1.98088e-05	0.0422664	148.908	87.4551	58.3179
glaucescens	ramosum-1_5	stachydeum	0.0923674	1.79241	0.0730678	0.010219	169.908	82.5174	68.5625
ramosum-1_5	glaucescens	trolliifolium	0.00478354	0.0978201	0.922075	0.000605405	362.82	67.0994	66.4605
ramosum-1_5	glaucescens	viridescens	0.00242626	0.0489192	0.960984	0.000271136	157.111	79.9774	79.5903
glaucescens	ramosum-1_5	xantholeucum	0.0185558	0.395584	0.692412	0.00254645	206.452	74.0942	71.3945
ramosum-4_10	ramosum-3	glaucescens	0.102082	2.1056	0.035239	0.0203128	170.08	75.9806	61.9049
sapellonis	ramosum-3	glaucescens	0.0276736	0.543942	0.586481	0.00510394	296.66	65.7609	62.2192
glaucescens	ramosum-3	scaposum	0.0814284	1.62938	0.103232	0.0131485	195.438	78.2318	66.4505
scopulorum	ramosum-3	glaucescens	0.142992	2.79552	0.00518171	0.0306764	161.501	78.7752	59.0651
glaucescens	ramosum-3	stachydeum	0.138099	2.49397	0.0126323	0.016355	153.219	86.0174	65.1424
glaucescens	ramosum-3	trolliifolium	0.0729552	1.3431	0.17924	0.00892345	340.411	65.9774	57.0052
glaucescens	ramosum-3	viridescens	0.0604158	1.1073	0.268165	0.00718796	143.995	87.9427	77.9219
ramosum-3	glaucescens	xantholeucum	0.00521434	0.102116	0.918665	0.000767932	197.047	72.2921	71.5421
ramosum-4_10	sapellonis	glaucescens	0.0262151	0.573229	0.56649	0.00509875	165.69	74.4384	70.6353
glaucescens	ramosum-4_10	scaposum	0.0255893	0.574549	0.565596	0.00402058	194.701	75.7532	71.973
scopulorum	ramosum-4_10	glaucescens	0.0592742	1.24984	0.211357	0.0118908	161.804	74.4273	66.0977
glaucescens	ramosum-4_10	stachydeum	0.063464	1.28002	0.200537	0.00686741	149.399	78.4436	69.0811
glaucescens	ramosum-4_10	trolliifolium	0.0112052	0.232135	0.816433	0.00137732	351.216	66.3987	64.9272
glaucescens	ramosum-4_10	viridescens	0.00172066	0.0351478	0.971962	0.000213125	138.312	88.9432	88.6377
ramosum-4_10	glaucescens	xantholeucum	0.0484495	1.02465	0.305528	0.00651828	201.915	75.7364	68.7367
glaucescens	sapellonis	scaposum	0.0504901	1.08014	0.280081	0.00788152	201.255	77.6788	70.2118
scopulorum	sapellonis	glaucescens	0.0813148	1.71094	0.0870922	0.0166169	188.254	77.5941	65.9239
glaucescens	sapellonis	stachydeum	0.123751	2.46846	0.0135696	0.0150097	163.283	91.0122	70.967
glaucescens	sapellonis	trolliifolium	0.0583369	1.18042	0.237834	0.0073616	365.806	70.6775	62.8859
sapellonis	glaucescens	viridescens	0.0244901	0.487767	0.625715	0.00291738	150.405	87.7326	83.5382
glaucescens	sapellonis	xantholeucum	0.0121759	0.255269	0.798515	0.00179226	211.968	78.2947	76.411
glaucescens	scopulorum	scaposum	0.0564948	1.22162	0.221852	0.00961989	178.349	78.6666	70.2534
stachydeum	glaucescens	scaposum	0.185786	3.94913	7.84352e-05	0.0399915	141.78	112.165	77.0178
scaposum	glaucescens	trolliifolium	0.0175225	0.422524	0.672642	0.003444	246.027	98.0425	94.6658
glaucescens	viridescens	scaposum	0.110817	2.55639	0.0105765	0.0262634	148.055	109.654	87.7756
xantholeucum	glaucescens	scaposum	0.0960717	2.39126	0.0167905	0.0277166	133.698	137.808	113.65
glaucescens	scopulorum	stachydeum	0.074565	1.39178	0.163988	0.00897024	135.87	80.1619	69.0369
glaucescens	scopulorum	trolliifolium	0.108438	2.23609	0.0253456	0.0139521	324.523	71.0208	57.125
glaucescens	scopulorum	viridescens	0.0107995	0.212803	0.831481	0.00141274	126.066	85.4718	83.6454
scopulorum	glaucescens	xantholeucum	0.00208282	0.0443524	0.964624	0.000333338	183.802	79.7687	79.4371
glaucescens	stachydeum	trolliifolium	0.0434546	0.86634	0.386303	0.00740841	266.191	86.4201	79.2222
stachydeum	glaucescens	viridescens	0.26224	5.24869	1.53186e-07	0.0396697	105.132	130.653	76.3646
stachydeum	glaucescens	xantholeucum	0.200466	4.13149	3.60426e-05	0.0361886	156.189	109.106	72.6665
glaucescens	viridescens	trolliifolium	0.181715	3.90984	9.23558e-05	0.0308831	283.757	97.3438	67.4063
glaucescens	xantholeucum	trolliifolium	0.227305	5.70577	1.15819e-08	0.0544981	247.202	144.963	91.2665
xantholeucum	viridescens	glaucescens	0.276441	6.49322	8.40227e-11	0.0826842	176.329	131.977	74.8121
glaucum-3_4	glaucum-1_2	gypsophilum	0.011983	0.234107	0.814902	0.000863714	290.65	63.1189	61.6241
glaucum-3_4	glaucum-1_2	hesperium	0.0607865	1.08154	0.279455	0.00436331	219.046	68.5165	60.6641
glaucum-3_4	glaucum-1_2	lineapetalum	0.132906	2.57035	0.0101595	0.0133661	273.698	71.4414	54.6793
glaucum-3_4	glaucum-1_2	multiplex	0.0570221	1.22421	0.220872	0.00799695	258.444	73.5254	65.5926
glaucum-1_2	glaucum-3_4	novomexicanum	0.039697	0.765123	0.444198	0.00846102	153.456	72.1385	66.6298
glaucum-3_4	glaucum-1_2	nudicaule	0.0685131	1.24358	0.213655	0.00777818	498.83	57.1979	49.8628
glaucum-3_4	glaucum-1_2	nuttallianum-14	0.109195	1.83969	0.0658136	0.0104438	251.972	52.1211	41.8589
glaucum-3_4	glaucum-1_2	nuttallianum-7_9	0.104294	2.11042	0.0348221	0.0164909	299.86	61.9765	50.2699
glaucum-1_2	glaucum-3_4	occidentale	0.370251	10.7977	2.3e-16	0.119885	165.382	154.829	71.1576
glaucum-1_2	glaucum-3_4	parryi	0.0199381	0.382191	0.702319	0.00128759	224.594	63.1892	60.7188
glaucum-1_2	glaucum-3_4	patens	0.00627538	0.102713	0.918191	0.000644227	770.828	35.4948	35.0521
glaucum-1_2	glaucum-3_4	ramosum-1_5	0.0171963	0.340026	0.733837	0.0044488	161.809	74.8644	72.3331
glaucum-1_2	glaucum-3_4	ramosum-3	0.0326581	0.612817	0.539998	0.00587072	137.07	70.9536	66.4657
glaucum-1_2	glaucum-3_4	ramosum-4_10	0.0387087	0.759929	0.447297	0.0104038	159.257	72.5635	67.1552
glaucum-1_2	glaucum-3_4	sapellonis	0.0322589	0.644936	0.518969	0.00871863	148.774	81.8314	76.7168
glaucum-1_2	glaucum-3_4	scaposum	0.0127856	0.238228	0.811704	0.00151982	259.034	50.9523	49.6658
glaucum-3_4	glaucum-1_2	scopulorum	0.0258197	0.488573	0.625144	0.00475913	153.679	68.6999	65.2415
glaucum-3_4	glaucum-1_2	stachydeum	0.034693	0.584995	0.558551	0.00304166	211.267	58.3281	54.4167
glaucum-3_4	glaucum-1_2	trolliifolium	0.0791666	1.38508	0.166027	0.00750984	397.099	50.4913	43.0833
glaucum-3_4	glaucum-1_2	viridescens	0.00223073	0.0395504	0.968452	0.000199145	198.799	60.4505	60.1814
glaucum-3_4	glaucum-1_2	xantholeucum	0.0369399	0.679383	0.496895	0.00376001	259.717	52.1701	48.4531
gypsophilum	hesperium	glaucum-1_2	0.190121	4.59607	4.30541e-06	0.0520257	205.84	141.074	96.0012
gypsophilum	glaucum-1_2	lineapetalum	0.348105	9.06099	2.3e-16	0.0758654	160.253	185.691	89.7934
gypsophilum	glaucum-1_2	multiplex	0.37305	10.2799	2.3e-16	0.109848	147.141	206.462	94.2728
novomexicanum	glaucum-1_2	gypsophilum	0.0377361	0.709602	0.477951	0.00299628	210.452	68.8689	63.8602
gypsophilum	glaucum-1_2	nudicaule	0.205801	5.1189	3.07318e-07	0.0523198	342.742	143.003	94.1884
gypsophilum	glaucum-1_2	nuttallianum-14	0.364914	8.78294	2.3e-16	0.0850271	157.333	155.521	72.3628
gypsophilum	glaucum-1_2	nuttallianum-7_9	0.404781	10.5416	2.3e-16	0.136946	173.409	176.596	74.8255
occidentale	glaucum-1_2	gypsophilum	0.0651635	1.30603	0.191543	0.00578563	220.751	79.6726	69.9243
gypsophilum	parryi	glaucum-1_2	0.207099	5.05257	4.35913e-07	0.0471326	425.429	119.476	78.4797
gypsophilum	glaucum-1_2	patens	0.12733	3.00661	0.00264181	0.0300913	561.326	90.1424	69.7795
glaucum-1_2	ramosum-1_5	gypsophilum	0.0399057	0.786675	0.431472	0.0032677	216.316	71.866	66.3504
glaucum-1_2	ramosum-3	gypsophilum	0.00737992	0.128338	0.897881	0.000568499	210.273	63.1563	62.2309
ramosum-4_10	glaucum-1_2	gypsophilum	0.00665908	0.134213	0.893234	0.000536105	217.096	68.9979	68.0851
sapellonis	glaucum-1_2	gypsophilum	0.00756266	0.146818	0.883275	0.000613931	217.666	68.8116	67.7786
gypsophilum	glaucum-1_2	scaposum	0.330597	8.52945	2.3e-16	0.0943673	138.361	166.492	83.7598
glaucum-1_2	scopulorum	gypsophilum	0.011597	0.222466	0.823951	0.00101465	199.542	70.6463	69.0265
gypsophilum	glaucum-1_2	stachydeum	0.378685	9.3161	2.3e-16	0.0755844	107.077	176.938	79.7387
gypsophilum	glaucum-1_2	trolliifolium	0.349465	8.65023	2.3e-16	0.0782087	258.627	151.575	73.0694
gypsophilum	glaucum-1_2	viridescens	0.412189	10.5612	2.3e-16	0.0775109	108.412	185.725	77.3061
gypsophilum	glaucum-1_2	xantholeucum	0.327635	8.04366	8.71915e-16	0.0810569	154.93	165.109	83.6175
hesperium	glaucum-1_2	lineapetalum	0.288511	6.09464	1.09682e-09	0.0462334	147.363	119.231	65.8368
hesperium	glaucum-1_2	multiplex	0.248615	5.73503	9.74952e-09	0.061962	141.947	138.176	83.1507
novomexicanum	glaucum-1_2	hesperium	0.0299747	0.535351	0.592407	0.00240341	141.579	69.8863	65.8186
glaucum-1_2	hesperium	nudicaule	0.0142878	0.300549	0.763758	0.00322663	318.059	92.1267	89.5312
hesperium	glaucum-1_2	nuttallianum-14	0.258738	5.136	2.80651e-07	0.0458157	143.398	99.7517	58.7431
hesperium	glaucum-1_2	nuttallianum-7_9	0.275396	5.87251	4.29252e-09	0.0734915	174.977	112.474	63.901
occidentale	glaucum-1_2	hesperium	0.174022	3.27486	0.00105716	0.0152091	158.617	89.8406	63.2069
parryi	hesperium	glaucum-1_2	0.0438568	0.92836	0.353221	0.0109052	206.054	100.33	91.8993
glaucum-1_2	hesperium	patens	0.0540136	1.02518	0.305277	0.00997955	511.276	58.1181	52.1615
ramosum-1_5	glaucum-1_2	hesperium	0.0511298	0.945815	0.344243	0.00407699	149.697	73.0596	65.952
glaucum-1_2	ramosum-3	hesperium	0.0136439	0.222667	0.823795	0.00100208	144.425	62.1042	60.4323
glaucum-1_2	ramosum-4_10	hesperium	0.00115276	0.0215683	0.982792	9.00096e-05	146.245	68.9059	68.7472
glaucum-1_2	sapellonis	hesperium	0.00754751	0.137688	0.890487	0.000593062	149.816	68.717	67.6875
hesperium	glaucum-1_2	scaposum	0.208266	4.40187	1.07322e-05	0.0466878	132.146	105.667	69.2399
scopulorum	glaucum-1_2	hesperium	0.0814087	1.43871	0.150233	0.00716737	141.942	76.7387	65.1849
hesperium	glaucum-1_2	stachydeum	0.200561	3.95823	7.55067e-05	0.0335207	113.123	118.967	79.2185
hesperium	glaucum-1_2	trolliifolium	0.2622	5.34415	9.08407e-08	0.0465911	259.249	102.826	60.1053
hesperium	glaucum-1_2	viridescens	0.275001	5.56519	2.61867e-08	0.0424857	95.9167	124.01	70.5156
hesperium	glaucum-1_2	xantholeucum	0.28495	5.96936	2.38189e-09	0.0544235	145.201	112.911	62.8328
lineapetalum	multiplex	glaucum-1_2	0.0888809	2.26409	0.0235688	0.0221289	248.66	131.408	109.955
novomexicanum	glaucum-1_2	lineapetalum	0.048879	0.89995	0.368147	0.00560044	178.542	71.4358	64.7778
lineapetalum	glaucum-1_2	nudicaule	0.00132013	0.0287764	0.977043	0.000264661	331.643	87.5703	87.3394
nuttallianum-14	lineapetalum	glaucum-1_2	0.113416	2.49914	0.0124494	0.0224074	327.548	92.9557	74.0182
nuttallianum-7_9	lineapetalum	glaucum-1_2	0.218468	5.5366	3.084e-08	0.0487975	251.893	123.379	79.1359
occidentale	glaucum-1_2	lineapetalum	0.0655018	1.29802	0.19428	0.00851455	187.644	83.9178	73.6001
parryi	glaucum-1_2	lineapetalum	0.171525	3.70597	0.000210579	0.0334222	142.175	123.884	87.6076
glaucum-1_2	lineapetalum	patens	0.0852833	1.70452	0.0882831	0.0156856	568.057	65.5833	55.276
ramosum-1_5	glaucum-1_2	lineapetalum	0.0705563	1.372	0.170062	0.00780544	181.793	71.8746	62.4006
ramosum-3	glaucum-1_2	lineapetalum	0.0358587	0.621857	0.534036	0.00435204	182.469	73.1458	68.0816
ramosum-4_10	glaucum-1_2	lineapetalum	0.143541	2.7752	0.00551677	0.0154542	188.177	75.9252	56.8644
sapellonis	glaucum-1_2	lineapetalum	0.0627652	1.18857	0.234607	0.00720579	190.156	73.7118	65.0052
lineapetalum	glaucum-1_2	scaposum	0.119953	2.74446	0.00606109	0.0312632	124.012	120.581	94.7513
scopulorum	glaucum-1_2	lineapetalum	0.131618	2.48501	0.0129548	0.0161985	180.487	78.9245	60.5651
stachydeum	glaucum-1_2	lineapetalum	0.176965	3.30378	0.00095389	0.0277076	150.94	104.895	73.3516
glaucum-1_2	lineapetalum	trolliifolium	0.147466	3.33755	0.000845214	0.0323047	247.273	115.969	86.1615
lineapetalum	viridescens	glaucum-1_2	0.238787	5.14293	2.70493e-07	0.0573768	174.5	130.668	80.2934
xantholeucum	lineapetalum	glaucum-1_2	0.012624	0.287694	0.773581	0.00241278	459.707	83.9045	81.8125
novomexicanum	glaucum-1_2	multiplex	0.035207	0.727063	0.467188	0.00583569	163.52	79.0819	73.7029
multiplex	glaucum-1_2	nudicaule	0.0728477	1.70711	0.0878015	0.0139991	368.553	96.4473	83.3495
nuttallianum-14	multiplex	glaucum-1_2	0.20378	4.87303	1.09901e-06	0.0493333	166.781	126.55	83.7047
nuttallianum-7_9	multiplex	glaucum-1_2	0.286671	7.71629	1.19767e-14	0.0740902	169.796	159.641	88.5049
occidentale	glaucum-1_2	multiplex	0.0329728	0.748556	0.454125	0.00643719	175.352	94.9485	88.8869
parryi	glaucum-1_2	multiplex	0.2378	5.4872	4.08362e-08	0.0635251	130.483	145.318	89.4826
glaucum-1_2	multiplex	patens	0.0811231	1.74859	0.0803623	0.0138665	643.083	64.1599	54.5313
glaucum-1_2	ramosum-1_5	multiplex	0.0385341	0.837602	0.402254	0.00662877	165.37	85.8319	79.4624
ramosum-3	glaucum-1_2	multiplex	0.00837471	0.162535	0.870884	0.00135051	163.843	73.8724	72.6453
ramosum-4_10	glaucum-1_2	multiplex	0.0528363	1.15145	0.249547	0.00899864	168.054	86.8438	78.1273
sapellonis	glaucum-1_2	multiplex	0.0420683	0.893386	0.371651	0.00692323	171.086	81.9545	75.3375
multiplex	glaucum-1_2	scaposum	0.0481351	1.24183	0.214299	0.0113553	136.871	109.273	99.236
scopulorum	glaucum-1_2	multiplex	0.106189	2.18539	0.0288604	0.018205	160.708	84.0032	67.8753
stachydeum	glaucum-1_2	multiplex	0.224797	4.72101	2.34674e-06	0.050207	136.026	123.396	78.0999
glaucum-1_2	multiplex	trolliifolium	0.0751443	1.8336	0.0667129	0.0150529	276.958	105.356	90.6288
multiplex	viridescens	glaucum-1_2	0.118192	2.78975	0.00527491	0.0202935	461.559	85.4188	67.3614
xantholeucum	multiplex	glaucum-1_2	0.179139	4.4927	7.0327e-06	0.0445745	197.698	132.57	92.2892
novomexicanum	glaucum-1_2	nudicaule	0.107793	1.89161	0.058543	0.0131984	406.258	61.7248	49.7127
novomexicanum	glaucum-1_2	nuttallianum-14	0.0688049	1.14593	0.251826	0.00724835	170.8	51.793	45.1246
novomexicanum	glaucum-1_2	nuttallianum-7_9	0.0401909	0.738278	0.460345	0.00652667	214.013	55.7615	51.4525
glaucum-1_2	novomexicanum	occidentale	0.0131621	0.261316	0.793849	0.00352932	87.4503	86.9989	84.7385
glaucum-1_2	novomexicanum	parryi	0.052781	0.917784	0.358732	0.00360339	148.793	66.4701	59.8051
glaucum-1_2	novomexicanum	patens	0.0349583	0.542816	0.587256	0.00345677	654.426	33.8459	31.5595
novomexicanum	ramosum-1_5	glaucum-1_2	0.054196	1.03157	0.302275	0.00702167	186.021	57.5611	51.6427
novomexicanum	ramosum-3	glaucum-1_2	0.0536615	0.900802	0.367694	0.00674478	258.679	52.1393	46.8286
ramosum-4_10	novomexicanum	glaucum-1_2	0.00671178	0.13118	0.895633	0.00100247	140.959	62.4966	61.6633
novomexicanum	sapellonis	glaucum-1_2	0.0727385	1.38028	0.1675	0.00754986	364.452	46.8424	40.49
novomexicanum	glaucum-1_2	scaposum	0.0390629	0.704975	0.480826	0.00548133	165.655	59.5955	55.1146
novomexicanum	scopulorum	glaucum-1_2	0.0178621	0.323168	0.746568	0.00268724	145.731	60.2986	58.1823
glaucum-1_2	novomexicanum	stachydeum	0.0260238	0.421416	0.673451	0.00288471	128.135	69.5779	66.0484
novomexicanum	glaucum-1_2	trolliifolium	0.027528	0.483888	0.628466	0.00302653	312.566	52.9119	50.0768
novomexicanum	glaucum-1_2	viridescens	0.0540663	0.957263	0.338434	0.00596594	125.843	76.7478	68.8746
novomexicanum	glaucum-1_2	xantholeucum	0.0134801	0.240698	0.809789	0.00160663	175.701	57.2361	55.7135
nuttallianum-14	glaucum-1_2	nudicaule	0.141719	2.84638	0.00442195	0.0273297	279.672	84.8073	63.7535
nuttallianum-7_9	glaucum-1_2	nudicaule	0.10218	2.40768	0.0160544	0.0230034	294.763	102.736	83.6871
occidentale	glaucum-1_2	nudicaule	0.0418215	0.782987	0.433635	0.00592722	428.941	67.446	62.0311
parryi	glaucum-1_2	nudicaule	0.0677251	1.45314	0.146184	0.0147603	324.941	95.9757	83.8003
glaucum-1_2	nudicaule	patens	0.449259	12.7465	2.3e-16	0.184086	344.99	196.922	74.8333
ramosum-1_5	glaucum-1_2	nudicaule	0.143467	2.61011	0.00905135	0.0192076	422.255	70.6528	52.9236
ramosum-3	glaucum-1_2	nudicaule	0.0190608	0.308068	0.75803	0.00211187	412.094	49.3333	47.4878
ramosum-4_10	glaucum-1_2	nudicaule	0.093709	1.7297	0.0836847	0.0110024	413.795	59.5745	49.3658
sapellonis	glaucum-1_2	nudicaule	0.0517812	0.923006	0.356004	0.00635418	425.155	58.9084	53.1081
glaucum-1_2	scaposum	nudicaule	0.0159308	0.332382	0.739601	0.00273933	299.649	73.7357	71.4232
scopulorum	glaucum-1_2	nudicaule	0.0449945	0.810177	0.417839	0.00633702	382.371	60.9857	55.7339
stachydeum	glaucum-1_2	nudicaule	0.0124963	0.223778	0.82293	0.00213443	325.223	71.5286	69.763
glaucum-1_2	trolliifolium	nudicaule	0.139267	3.39875	0.000676956	0.0462712	195.014	150.394	113.625
glaucum-1_2	viridescens	nudicaule	0.0492885	0.92953	0.352614	0.00846008	335.917	76.4878	69.3021
xantholeucum	glaucum-1_2	nudicaule	0.107872	2.24555	0.0247331	0.0226652	300.84	94.5538	76.1406
nuttallianum-7_9	nuttallianum-14	glaucum-1_2	0.184011	4.40458	1.05988e-05	0.0365928	281.709	100.315	69.1345
occidentale	glaucum-1_2	nuttallianum-14	0.00952835	0.175533	0.860661	0.00128891	187.475	64.6552	63.4348
parryi	glaucum-1_2	nuttallianum-14	0.234798	4.72722	2.27619e-06	0.0468686	139.077	109.959	68.1415
glaucum-1_2	nuttallianum-14	patens	0.0441429	0.810527	0.417637	0.00842759	461.083	58.7031	53.7396
ramosum-1_5	glaucum-1_2	nuttallianum-14	0.0322689	0.581065	0.561197	0.00370786	176.166	54.8989	51.4666
ramosum-3	glaucum-1_2	nuttallianum-14	0.0708906	1.08996	0.27573	0.00791184	172.721	54.0651	46.9071
ramosum-4_10	glaucum-1_2	nuttallianum-14	0.0404949	0.729907	0.465447	0.00460349	179.041	55.774	51.4326
sapellonis	glaucum-1_2	nuttallianum-14	0.0117083	0.202659	0.839402	0.00132876	178.37	52.806	51.5838
nuttallianum-14	glaucum-1_2	scaposum	0.172202	3.93917	8.17649e-05	0.0478313	99.1797	121.577	85.8568
scopulorum	glaucum-1_2	nuttallianum-14	0.10434	1.83385	0.0666756	0.0133878	173.85	63.6419	51.6159
stachydeum	glaucum-1_2	nuttallianum-14	0.234784	3.99865	6.37036e-05	0.0388183	139.778	90.1875	55.8906
glaucum-1_2	nuttallianum-14	trolliifolium	0.174799	3.88462	0.000102491	0.0394964	211.634	112.382	78.9392
nuttallianum-14	viridescens	glaucum-1_2	0.273343	5.65407	1.56696e-08	0.0639508	154.736	116.509	66.4878
nuttallianum-14	xantholeucum	glaucum-1_2	0.116438	2.46839	0.0135723	0.020141	373.047	80.5017	63.7101
occidentale	glaucum-1_2	nuttallianum-7_9	0.0424376	0.893841	0.371407	0.00904532	218.711	78.5324	72.1383
parryi	glaucum-1_2	nuttallianum-7_9	0.209749	4.52638	6.0004e-06	0.0642389	160.981	117.84	76.9774
glaucum-1_2	nuttallianum-7_9	patens	0.103414	2.25577	0.0240848	0.0224713	492.245	75.6615	61.4792
ramosum-1_5	glaucum-1_2	nuttallianum-7_9	0.0386572	0.776347	0.437544	0.00670269	219.178	60.7804	56.2561
glaucum-1_2	ramosum-3	nuttallianum-7_9	0.0828412	1.4924	0.135594	0.0146509	210.267	60.8746	51.5603
ramosum-4_10	glaucum-1_2	nuttallianum-7_9	0.0390016	0.771527	0.440395	0.00687435	220.877	62.7844	58.0708
sapellonis	glaucum-1_2	nuttallianum-7_9	0.0226846	0.432689	0.665241	0.00398309	225.202	59.5232	56.8826
nuttallianum-7_9	glaucum-1_2	scaposum	0.228342	5.94755	2.72179e-09	0.0669035	99.9282	147.845	92.8778
scopulorum	glaucum-1_2	nuttallianum-7_9	0.057842	1.11311	0.265662	0.00982533	205.191	57.1356	50.8874
stachydeum	glaucum-1_2	nuttallianum-7_9	0.131518	2.5408	0.0110599	0.0322671	168.096	87.454	67.1241
glaucum-1_2	nuttallianum-7_9	trolliifolium	0.105486	2.66854	0.00761816	0.0265697	199.367	124.131	100.442
nuttallianum-7_9	viridescens	glaucum-1_2	0.437199	10.5272	2.3e-16	0.107987	137.655	150.451	58.9158
nuttallianum-7_9	xantholeucum	glaucum-1_2	0.176614	4.30896	1.64027e-05	0.0387123	229.621	113.111	79.1541
occidentale	glaucum-1_2	parryi	0.0411672	0.79992	0.423757	0.00319406	169.861	76.0712	70.0556
glaucum-1_2	occidentale	patens	0.0274445	0.47497	0.634808	0.00336664	678.601	42.1493	39.8976
glaucum-1_2	ramosum-1_5	occidentale	0.0899987	1.93758	0.0526749	0.0253109	89.0309	100.486	83.892
glaucum-1_2	ramosum-3	occidentale	0.0750918	1.40797	0.159139	0.01993	86.0285	88.8601	76.4469
glaucum-1_2	ramosum-4_10	occidentale	0.0371673	0.799711	0.423878	0.00990061	84.6188	92.2768	85.6632
glaucum-1_2	sapellonis	occidentale	0.0635722	1.30119	0.193194	0.0169065	96.2096	93.3519	82.1922
occidentale	glaucum-1_2	scaposum	0.0224768	0.45629	0.648181	0.00363646	169.6	68.8672	65.8394
glaucum-1_2	scopulorum	occidentale	0.00757974	0.151586	0.879514	0.00215699	85.5455	85.8511	84.5594
occidentale	glaucum-1_2	stachydeum	0.00672869	0.120276	0.904265	0.000755219	135.75	71.8215	70.8614
occidentale	glaucum-1_2	trolliifolium	0.0660749	1.24997	0.211309	0.00851205	325.399	65.6157	57.4821
occidentale	glaucum-1_2	viridescens	0.00730861	0.137295	0.890797	0.000848611	135.011	79.0819	77.9343
occidentale	glaucum-1_2	xantholeucum	0.00109069	0.0214696	0.982871	0.000156543	185.992	67.7232	67.5756
parryi	glaucum-1_2	patens	0.113524	2.25768	0.0239655	0.0242091	527.139	73.8125	58.7622
glaucum-1_2	ramosum-1_5	parryi	0.0714675	1.34418	0.178891	0.00512854	152.479	72.6194	62.9319
glaucum-1_2	ramosum-3	parryi	0.0436939	0.724119	0.468992	0.00286083	153.023	62.1007	56.901
glaucum-1_2	ramosum-4_10	parryi	0.0638525	1.22299	0.221334	0.00467349	154.698	74.4514	65.5142
glaucum-1_2	sapellonis	parryi	0.0937011	1.71831	0.0857396	0.00683716	153.808	75.2109	62.3238
parryi	glaucum-1_2	scaposum	0.212889	4.69276	2.6955e-06	0.0542467	129.086	118.688	77.0234
glaucum-1_2	scopulorum	parryi	0.0761802	1.36333	0.172777	0.00578529	141.099	72.1913	61.9708
parryi	glaucum-1_2	stachydeum	0.21216	4.21739	2.47142e-05	0.0389012	98.4965	127.128	82.6267
parryi	glaucum-1_2	trolliifolium	0.250368	5.31005	1.09597e-07	0.0503009	251.561	112.762	67.6042
parryi	glaucum-1_2	viridescens	0.280384	5.75962	8.43045e-09	0.0474106	94.0851	134.241	75.4479
parryi	glaucum-1_2	xantholeucum	0.194097	4.20868	2.56868e-05	0.0426778	140.231	117.236	79.1233
glaucum-1_2	ramosum-1_5	patens	0.0192341	0.316674	0.751491	0.0022469	662.725	40.3411	38.8186
glaucum-1_2	ramosum-3	patens	0.129667	1.95026	0.0511452	0.0137862	644.125	39.3177	30.2917
ramosum-4_10	glaucum-1_2	patens	0.091167	1.57035	0.116334	0.00980928	674.062	40.3929	33.6432
glaucum-1_2	sapellonis	patens	0.0545669	0.900285	0.367969	0.00599743	672.703	38.8872	34.8628
glaucum-1_2	scaposum	patens	0.0737275	1.47004	0.14155	0.0117012	541.981	53.8924	46.4913
scopulorum	glaucum-1_2	patens	0.105483	1.68552	0.0918892	0.0110071	615.328	36.599	29.6146
glaucum-1_2	stachydeum	patens	0.051068	0.814974	0.415087	0.00803471	557.098	51.6866	46.6641
glaucum-1_2	trolliifolium	patens	0.208935	4.71013	2.4756e-06	0.061316	384.91	109.752	71.816
glaucum-1_2	viridescens	patens	0.190422	3.15968	0.00157942	0.0296238	534.622	59.2101	40.2674
xantholeucum	glaucum-1_2	patens	0.0130014	0.250577	0.802141	0.00242883	505.868	58.842	57.3316
ramosum-3	ramosum-1_5	glaucum-1_2	0.00901567	0.16018	0.872739	0.00127933	188.214	56.8333	55.8177
ramosum-4_10	ramosum-1_5	glaucum-1_2	0.0330205	0.660764	0.508764	0.00458266	160.524	60.4069	56.5451
ramosum-1_5	sapellonis	glaucum-1_2	0.0589196	1.17391	0.240432	0.00839772	194.299	63.8546	56.7487
glaucum-1_2	ramosum-1_5	scaposum	0.0340113	0.669862	0.502946	0.00518159	168.286	66.5308	62.1541
scopulorum	ramosum-1_5	glaucum-1_2	0.0502917	0.950107	0.342058	0.00829073	133.087	69.0332	62.4221
glaucum-1_2	ramosum-1_5	stachydeum	0.0334356	0.577033	0.563917	0.00381213	140.957	74.99	70.1376
ramosum-1_5	glaucum-1_2	trolliifolium	0.0406082	0.742227	0.45795	0.00479312	327.997	59.0145	54.4086
glaucum-1_2	ramosum-1_5	viridescens	0.00847386	0.156577	0.875578	0.000916105	130.883	72.7283	71.5061
glaucum-1_2	ramosum-1_5	xantholeucum	0.0463882	0.866229	0.386364	0.0055307	179.841	60.4071	55.0512
ramosum-4_10	ramosum-3	glaucum-1_2	0.0897302	1.62215	0.10477	0.0125324	152.17	60.8512	50.83
ramosum-3	sapellonis	glaucum-1_2	0.0554683	0.976923	0.328608	0.00686105	267.743	52.1957	46.7096
ramosum-3	glaucum-1_2	scaposum	0.0014498	0.0246457	0.980338	0.000202349	166.242	56.3633	56.2001
scopulorum	ramosum-3	glaucum-1_2	0.0425126	0.728795	0.466127	0.00700418	138.881	64.5629	59.2973
glaucum-1_2	ramosum-3	stachydeum	0.0801491	1.2496	0.211446	0.00864465	127.441	69.6649	59.3264
glaucum-1_2	ramosum-3	trolliifolium	0.0236059	0.376265	0.70672	0.00261792	312.684	52.0573	49.6563
glaucum-1_2	ramosum-3	viridescens	0.118275	1.91281	0.0557722	0.012522	124.814	76.8125	60.5642
glaucum-1_2	ramosum-3	xantholeucum	0.048121	0.777013	0.437151	0.00565366	179.272	56.0217	50.8776
ramosum-4_10	sapellonis	glaucum-1_2	0.0767916	1.58069	0.11395	0.0112553	149.649	66.5643	57.0702
ramosum-4_10	glaucum-1_2	scaposum	0.0273559	0.531685	0.594944	0.00388656	174.226	61.8813	58.5858
scopulorum	ramosum-4_10	glaucum-1_2	0.00125483	0.0244055	0.980529	0.000212829	143.69	67.4628	67.2938
glaucum-1_2	ramosum-4_10	stachydeum	0.00550633	0.0977056	0.922166	0.000556051	132.259	64.7057	63.997
ramosum-4_10	glaucum-1_2	trolliifolium	0.0695087	1.31478	0.188583	0.00878044	326.706	65.6899	57.1514
glaucum-1_2	ramosum-4_10	viridescens	0.0195841	0.353839	0.72346	0.00212312	125.263	73.7815	70.9471
ramosum-4_10	glaucum-1_2	xantholeucum	0.028505	0.534226	0.593185	0.00350023	185.902	61.7271	58.3056
sapellonis	glaucum-1_2	scaposum	0.00307855	0.0570448	0.95451	0.000420941	174.049	57.6988	57.3446
scopulorum	sapellonis	glaucum-1_2	0.0960542	1.87545	0.0607306	0.015238	163.367	68.9798	56.8895
glaucum-1_2	sapellonis	stachydeum	0.0513099	0.873581	0.382347	0.00574363	141.12	72.9757	65.8524
sapellonis	glaucum-1_2	trolliifolium	0.0360641	0.652924	0.513805	0.00410475	325.706	55.6363	51.763
glaucum-1_2	sapellonis	viridescens	0.0095839	0.168662	0.866063	0.00103835	137.738	73.0625	71.6753
glaucum-1_2	sapellonis	xantholeucum	0.0459489	0.847786	0.396557	0.00572375	187.902	63.1918	57.6398
scopulorum	glaucum-1_2	scaposum	0.0476244	0.888076	0.3745	0.00742457	166.832	65.3056	59.3681
stachydeum	glaucum-1_2	scaposum	0.233116	4.46731	7.9211e-06	0.0460229	131.422	97.8872	60.8767
scaposum	glaucum-1_2	trolliifolium	0.0452794	0.976855	0.328641	0.00846334	227.354	87.6111	80.0208
glaucum-1_2	viridescens	scaposum	0.0958461	1.98605	0.0470277	0.0209001	121.64	90.296	74.5009
xantholeucum	glaucum-1_2	scaposum	0.173812	4.05025	5.11628e-05	0.0465478	108.801	126.537	89.0631
scopulorum	glaucum-1_2	stachydeum	0.076212	1.26469	0.205983	0.00857231	127.651	70.5451	60.5538
glaucum-1_2	scopulorum	trolliifolium	0.00642679	0.116191	0.907501	0.000800881	311.087	57.2292	56.4983
scopulorum	glaucum-1_2	viridescens	0.0129634	0.226948	0.820464	0.00145605	121.749	69.1189	67.3498
glaucum-1_2	scopulorum	xantholeucum	0.0677001	1.27878	0.200976	0.00925334	174.61	68.2042	59.5549
stachydeum	glaucum-1_2	trolliifolium	0.0359709	0.636717	0.524309	0.00587623	247.889	74.2257	69.0712
stachydeum	glaucum-1_2	viridescens	0.261128	4.73701	2.169e-06	0.0355321	99.0078	109.692	64.2665
stachydeum	glaucum-1_2	xantholeucum	0.234308	4.17055	3.03867e-05	0.0380222	148.307	91.0584	56.4873
glaucum-1_2	viridescens	trolliifolium	0.0915307	1.7445	0.0810726	0.0148705	259.806	78.4358	65.2812
glaucum-1_2	xantholeucum	trolliifolium	0.162368	3.66788	0.000244571	0.0377908	221.668	118.705	85.5417
xantholeucum	viridescens	glaucum-1_2	0.323848	6.96415	3.30398e-12	0.0745092	161.444	123.569	63.1128
gypsophilum	hesperium	glaucum-3_4	0.163269	4.18278	2.87963e-05	0.0643806	233.644	150.328	108.13
gypsophilum	glaucum-3_4	lineapetalum	0.300761	8.21151	2.3e-16	0.0654075	172.824	195.664	105.181
gypsophilum	glaucum-3_4	multiplex	0.391024	11.2874	2.3e-16	0.114752	148.972	232.454	101.766
novomexicanum	glaucum-3_4	gypsophilum	0.101762	2.12147	0.0338825	0.00828308	237.989	80.9193	65.9714
gypsophilum	glaucum-3_4	nudicaule	0.106604	2.75356	0.00589511	0.0271115	380.223	144.48	116.643
gypsophilum	glaucum-3_4	nuttallianum-14	0.31802	8.03656	9.23957e-16	0.0734239	156.897	163.195	84.4418
gypsophilum	glaucum-3_4	nuttallianum-7_9	0.355021	9.86883	2.3e-16	0.116563	182.519	176.269	83.9025
glaucum-3_4	occidentale	gypsophilum	0.0028595	0.0629561	0.949801	0.000231679	322.682	74.2826	73.8589
gypsophilum	parryi	glaucum-3_4	0.207772	5.40326	6.54418e-08	0.0700931	460.668	127.633	83.7196
gypsophilum	glaucum-3_4	patens	0.0463893	1.13881	0.254784	0.0115682	597.688	92.5764	84.3681
ramosum-1_5	glaucum-3_4	gypsophilum	0.0127574	0.281476	0.778346	0.00103965	248.903	75.8025	73.8928
glaucum-3_4	ramosum-3	gypsophilum	0.0614963	1.21123	0.225808	0.00523329	239.167	79.4132	70.2118
glaucum-3_4	ramosum-4_10	gypsophilum	0.0145821	0.321775	0.747623	0.0011663	242.292	74.6022	72.4577
sapellonis	glaucum-3_4	gypsophilum	0.0161181	0.341664	0.732604	0.00137114	244.601	78.5838	76.0907
gypsophilum	glaucum-3_4	scaposum	0.334979	9.49674	2.3e-16	0.100905	154.627	196.526	97.8997
glaucum-3_4	scopulorum	gypsophilum	0.0346511	0.744781	0.456404	0.00312462	220.916	80.661	75.2582
gypsophilum	glaucum-3_4	stachydeum	0.392692	10.0589	2.3e-16	0.0738284	117.571	182.584	79.6192
gypsophilum	glaucum-3_4	trolliifolium	0.313811	8.04701	8.48388e-16	0.0697236	274.803	157.834	82.4352
gypsophilum	glaucum-3_4	viridescens	0.372253	9.92319	2.3e-16	0.0666058	116.237	184.49	84.3964
gypsophilum	glaucum-3_4	xantholeucum	0.304669	7.99793	1.26526e-15	0.0770171	164.382	181.728	96.8529
hesperium	glaucum-3_4	lineapetalum	0.168603	3.85733	0.000114633	0.0306855	158.236	135.361	96.3021
hesperium	glaucum-3_4	multiplex	0.191847	4.79417	1.63348e-06	0.0477469	142.038	146.123	99.0809
glaucum-3_4	novomexicanum	hesperium	0.0130093	0.258116	0.796317	0.00102996	166.851	75.8403	73.8924
glaucum-3_4	hesperium	nudicaule	0.161328	3.62812	0.000285495	0.0387008	345.569	128.687	92.9332
hesperium	glaucum-3_4	nuttallianum-14	0.175694	3.72539	0.000195013	0.0316426	154.679	104.616	73.349
hesperium	glaucum-3_4	nuttallianum-7_9	0.214442	5.0196	5.17779e-07	0.0558851	180.4	117.169	75.7904
occidentale	glaucum-3_4	hesperium	0.107743	2.17127	0.0299106	0.00785432	255.533	77.9136	62.7574
parryi	hesperium	glaucum-3_4	0.0448203	1.0242	0.305743	0.0161726	233.745	111.012	101.488
glaucum-3_4	hesperium	patens	0.124767	2.49895	0.012456	0.0246678	559.087	72.1354	56.1319
glaucum-3_4	ramosum-1_5	hesperium	0.0822524	1.64717	0.0995225	0.00649435	168.266	83.0694	70.4427
glaucum-3_4	ramosum-3	hesperium	0.07754	1.42076	0.155386	0.00566279	164.45	72.5469	62.1059
glaucum-3_4	ramosum-4_10	hesperium	0.10213	2.05886	0.0395072	0.00809934	164.846	85.2677	69.4649
glaucum-3_4	sapellonis	hesperium	0.100184	1.98897	0.0467047	0.00799454	171.36	84.9171	69.4518
hesperium	glaucum-3_4	scaposum	0.176147	4.1048	4.04672e-05	0.0411831	141.809	116.408	81.5404
glaucum-3_4	scopulorum	hesperium	0.0430312	0.84102	0.400337	0.00379802	153.541	81.9748	75.2109
hesperium	glaucum-3_4	stachydeum	0.186103	3.92636	8.62394e-05	0.0305559	112.872	126.837	87.0347
hesperium	glaucum-3_4	trolliifolium	0.158746	3.4649	0.000530433	0.028193	274.089	103.395	75.0651
hesperium	glaucum-3_4	viridescens	0.252486	5.43848	5.37374e-08	0.0388486	98.7448	131.655	78.5747
hesperium	glaucum-3_4	xantholeucum	0.242603	5.37286	7.74976e-08	0.0484888	152.01	125.937	76.7617
lineapetalum	multiplex	glaucum-3_4	0.154731	4.16816	3.07072e-05	0.0545564	289.178	148.362	108.602
glaucum-3_4	novomexicanum	lineapetalum	0.000351886	0.00726226	0.994206	3.93372e-05	203.369	74.0321	73.98
glaucum-3_4	lineapetalum	nudicaule	0.0855456	1.98421	0.0472326	0.0179022	355.578	110.109	92.7552
nuttallianum-14	lineapetalum	glaucum-3_4	0.0890481	2.12513	0.0335757	0.0251244	367.148	96.5651	80.7734
nuttallianum-7_9	lineapetalum	glaucum-3_4	0.146637	4.0075	6.13661e-05	0.047595	280.839	123.531	91.9358
glaucum-3_4	occidentale	lineapetalum	0.105958	2.34483	0.0190357	0.0115536	291.583	81.599	65.9635
parryi	glaucum-3_4	lineapetalum	0.0897006	2.11905	0.0340864	0.0170176	160.767	124.097	103.667
glaucum-3_4	lineapetalum	patens	0.128494	2.69556	0.007027	0.0249841	623.5	77.1667	59.5938
glaucum-3_4	ramosum-1_5	lineapetalum	0.0843655	1.80242	0.0714792	0.00971642	214.385	85.2639	71.9965
glaucum-3_4	ramosum-3	lineapetalum	0.130798	2.52826	0.011463	0.0141519	204.513	79.2943	60.9505
glaucum-3_4	ramosum-4_10	lineapetalum	0.0557563	1.19397	0.232489	0.00578778	206.938	74.531	66.6588
glaucum-3_4	sapellonis	lineapetalum	0.0595783	1.2408	0.214679	0.00694875	217.174	83.1185	73.7713
lineapetalum	glaucum-3_4	scaposum	0.111341	2.77064	0.00559466	0.0300364	121.754	137.141	109.662
glaucum-3_4	scopulorum	lineapetalum	0.0639089	1.32951	0.18368	0.00753055	200.487	77.5716	68.2522
stachydeum	glaucum-3_4	lineapetalum	0.132931	2.74812	0.00599386	0.0202742	159.061	108.842	83.3003
glaucum-3_4	lineapetalum	trolliifolium	0.196531	4.75154	2.01869e-06	0.0445192	253.31	139.935	93.9661
lineapetalum	viridescens	glaucum-3_4	0.292073	6.64256	3.08277e-11	0.100293	199.804	143.182	78.4497
lineapetalum	xantholeucum	glaucum-3_4	0.0592315	1.48631	0.137198	0.0169399	520.455	101.01	89.7135
novomexicanum	glaucum-3_4	multiplex	0.0338195	0.791273	0.428785	0.00535419	194.658	84.4694	78.9428
glaucum-3_4	multiplex	nudicaule	0.013359	0.334636	0.7379	0.00249564	410.865	99.61	96.9837
nuttallianum-14	multiplex	glaucum-3_4	0.198308	5.09988	3.39864e-07	0.0696226	195.299	140.754	94.1671
nuttallianum-7_9	multiplex	glaucum-3_4	0.252197	7.1734	7.31576e-13	0.0910369	193.468	165.951	99.1048
glaucum-3_4	occidentale	multiplex	0.116808	2.89414	0.00380201	0.018963	276.139	94.8885	75.0396
parryi	glaucum-3_4	multiplex	0.235281	5.87866	4.13592e-09	0.0602593	136.414	153.001	94.7174
glaucum-3_4	multiplex	patens	0.126597	2.85362	0.00432249	0.0216508	705.902	72.7932	56.4335
glaucum-3_4	ramosum-1_5	multiplex	0.0594281	1.41673	0.156561	0.00969932	190.963	92.0943	81.7623
glaucum-3_4	ramosum-3	multiplex	0.0594548	1.30571	0.19165	0.00933243	180.509	83.4904	74.1198
glaucum-3_4	ramosum-4_10	multiplex	0.0233016	0.569902	0.568744	0.00344545	184.816	80.8894	77.2055
glaucum-3_4	sapellonis	multiplex	0.00383919	0.0896963	0.928529	0.000575067	197.571	79.2801	78.6737
multiplex	glaucum-3_4	scaposum	0.0255173	0.697181	0.485689	0.00631432	145.937	124.281	118.096
scopulorum	glaucum-3_4	multiplex	0.0466894	1.06875	0.285183	0.00740401	171.811	80.9863	73.7613
stachydeum	glaucum-3_4	multiplex	0.188623	4.42016	9.86284e-06	0.040764	137.671	127.379	86.9514
glaucum-3_4	multiplex	trolliifolium	0.146802	3.80162	0.00014375	0.0296536	290.328	127.476	94.8398
multiplex	viridescens	glaucum-3_4	0.174373	4.3436	1.40168e-05	0.0406296	515.668	87.9594	61.8388
xantholeucum	multiplex	glaucum-3_4	0.112929	3.07863	0.00207953	0.0401805	226.439	137.426	109.537
glaucum-3_4	novomexicanum	nudicaule	0.00484596	0.0960407	0.923488	0.000560081	471.851	59.3993	58.8264
glaucum-3_4	novomexicanum	nuttallianum-14	0.00335683	0.0633342	0.9495	0.000368181	205.03	56.0438	55.6688
novomexicanum	glaucum-3_4	nuttallianum-7_9	0.0684111	1.42425	0.154374	0.0110411	242.153	64.9238	56.6096
novomexicanum	glaucum-3_4	occidentale	0.337752	9.77795	2.3e-16	0.125856	89.5221	173.149	85.7166
novomexicanum	glaucum-3_4	parryi	0.0161371	0.327848	0.743026	0.00113233	173.119	72.0425	69.7543
glaucum-3_4	novomexicanum	patens	0.0307885	0.523856	0.600379	0.00317064	737.332	38.5365	36.2344
novomexicanum	ramosum-1_5	glaucum-3_4	0.0659178	1.42879	0.153065	0.0142445	199.558	66.1415	57.9609
novomexicanum	ramosum-3	glaucum-3_4	0.122145	2.29644	0.0216508	0.0250882	284.071	62.8416	49.161
ramosum-4_10	novomexicanum	glaucum-3_4	0.00307859	0.0685552	0.945344	0.000747279	142.913	69.2942	68.8688
novomexicanum	sapellonis	glaucum-3_4	0.110663	2.32483	0.0200813	0.0176732	408.141	52.2731	41.8565
novomexicanum	glaucum-3_4	scaposum	0.0472	0.974341	0.329887	0.00666714	189.848	68.6393	62.4518
novomexicanum	scopulorum	glaucum-3_4	0.0305533	0.622174	0.533827	0.00747705	156.19	67.4594	63.4594
glaucum-3_4	novomexicanum	stachydeum	0.0607115	1.11411	0.265231	0.0063843	151.574	75.6484	66.9887
glaucum-3_4	novomexicanum	trolliifolium	0.0693968	1.36706	0.171608	0.00750534	353.04	61.158	53.2205
novomexicanum	glaucum-3_4	viridescens	0.0478912	0.934426	0.350084	0.00500024	141.889	77.7219	70.6178
novomexicanum	glaucum-3_4	xantholeucum	0.0409918	0.816165	0.414406	0.00474645	198.97	63.2012	58.2237
nuttallianum-14	glaucum-3_4	nudicaule	0.0387132	0.839445	0.40122	0.00745118	292.582	83.707	77.4674
nuttallianum-7_9	glaucum-3_4	nudicaule	0.00941829	0.231693	0.816776	0.00210285	306.357	102.432	100.52
glaucum-3_4	occidentale	nudicaule	0.062708	1.29264	0.196136	0.00712809	558.857	61.0501	53.8453
glaucum-3_4	parryi	nudicaule	0.052902	1.20717	0.227367	0.0118661	360.121	107.531	96.7253
glaucum-3_4	nudicaule	patens	0.451903	13.0093	2.3e-16	0.187152	394.336	217.086	81.9505
glaucum-3_4	ramosum-1_5	nudicaule	0.0707082	1.41484	0.157114	0.00872432	483.714	68.707	59.6324
glaucum-3_4	ramosum-3	nudicaule	0.0896955	1.63059	0.102976	0.0101016	462.648	59.7318	49.8984
glaucum-3_4	ramosum-4_10	nudicaule	0.0777543	1.59176	0.111438	0.00873009	472.798	62.2688	53.284
glaucum-3_4	sapellonis	nudicaule	0.112557	2.23802	0.0252197	0.0133343	480.24	68.5386	54.6706
glaucum-3_4	scaposum	nudicaule	0.0259587	0.582491	0.560236	0.00430179	340.356	79.0799	75.0781
glaucum-3_4	scopulorum	nudicaule	0.107723	2.14881	0.0316496	0.014258	416.729	68.9288	55.5226
glaucum-3_4	stachydeum	nudicaule	0.0244846	0.48442	0.628088	0.00405995	356.707	77.7274	74.0122
glaucum-3_4	trolliifolium	nudicaule	0.186966	4.7277	2.27078e-06	0.0621047	203.012	175.523	120.227
glaucum-3_4	viridescens	nudicaule	0.0858632	1.74382	0.081191	0.0140045	364.61	82.9922	69.8672
xantholeucum	glaucum-3_4	nudicaule	0.0251346	0.569062	0.569314	0.00535412	329.096	96.9727	92.2174
nuttallianum-7_9	nuttallianum-14	glaucum-3_4	0.138806	3.5542	0.000379129	0.0385232	320.545	101.784	76.9718
glaucum-3_4	occidentale	nuttallianum-14	0.131141	2.6642	0.00771717	0.0148891	269.709	67.3859	51.7609
parryi	glaucum-3_4	nuttallianum-14	0.168513	3.6725	0.000240186	0.0332107	146.451	110.274	78.4683
glaucum-3_4	nuttallianum-14	patens	0.0840314	1.65879	0.0971589	0.0159189	488.479	64.0312	54.1042
glaucum-3_4	ramosum-1_5	nuttallianum-14	0.0673553	1.31266	0.189297	0.00734684	200.767	60.1402	52.5499
glaucum-3_4	ramosum-3	nuttallianum-14	0.0402399	0.697875	0.485255	0.00444558	192.292	56.0104	51.6771
glaucum-3_4	ramosum-4_10	nuttallianum-14	0.0449014	0.889176	0.373909	0.00500776	193.288	60.238	55.0609
glaucum-3_4	sapellonis	nuttallianum-14	0.0716499	1.39773	0.162193	0.00843264	202.816	63.9427	55.3924
nuttallianum-14	glaucum-3_4	scaposum	0.113273	2.78148	0.00541109	0.0319778	103.577	128.407	102.277
scopulorum	glaucum-3_4	nuttallianum-14	0.0302046	0.601475	0.547524	0.00366938	183.722	61.7014	58.0833
stachydeum	glaucum-3_4	nuttallianum-14	0.170231	3.16846	0.00153246	0.0269816	140.699	89.0564	63.1467
glaucum-3_4	nuttallianum-14	trolliifolium	0.220111	5.24825	1.53551e-07	0.0510337	221.32	134.345	85.8724
nuttallianum-14	viridescens	glaucum-3_4	0.326867	7.15631	8.28755e-13	0.10445	169.299	123.028	62.4132
nuttallianum-14	xantholeucum	glaucum-3_4	0.121565	2.85754	0.00426943	0.0307761	426.643	89.2975	69.9399
glaucum-3_4	occidentale	nuttallianum-7_9	0.119911	2.7951	0.00518833	0.0208807	315.303	75.0808	59.0027
parryi	glaucum-3_4	nuttallianum-7_9	0.161115	3.82519	0.00013067	0.044514	175.434	113.995	82.3591
glaucum-3_4	nuttallianum-7_9	patens	0.123168	2.85503	0.00430329	0.0272476	515.4	83.7331	65.3685
ramosum-1_5	glaucum-3_4	nuttallianum-7_9	0.0460257	1.01779	0.308778	0.00779604	239.104	68.4769	62.4508
glaucum-3_4	ramosum-3	nuttallianum-7_9	0.0998947	1.99426	0.0461238	0.0180741	240.325	70.2782	57.5126
ramosum-4_10	glaucum-3_4	nuttallianum-7_9	0.0157611	0.348025	0.727822	0.00259524	241.455	64.414	62.415
glaucum-3_4	sapellonis	nuttallianum-7_9	0.00420137	0.0907093	0.927724	0.000707666	255.444	64.319	63.7808
nuttallianum-7_9	glaucum-3_4	scaposum	0.178347	4.8526	1.21856e-06	0.0542665	113.027	162.263	113.145
scopulorum	glaucum-3_4	nuttallianum-7_9	0.0741488	1.62335	0.104514	0.0129623	220.918	66.6978	57.4895
stachydeum	glaucum-3_4	nuttallianum-7_9	0.134435	2.89821	0.00375305	0.0324394	175.056	95.3876	72.7799
glaucum-3_4	nuttallianum-7_9	trolliifolium	0.168433	4.44301	8.87075e-06	0.042312	221.361	144.137	102.582
nuttallianum-7_9	viridescens	glaucum-3_4	0.410612	10.4692	2.3e-16	0.14684	141.757	157.408	65.7688
nuttallianum-7_9	xantholeucum	glaucum-3_4	0.206188	5.45741	4.83135e-08	0.0651982	261.216	126.693	83.3787
occidentale	glaucum-3_4	parryi	0.049579	1.06779	0.285614	0.00339387	240.688	73.0285	66.1292
glaucum-3_4	occidentale	patens	0.045515	0.846638	0.397197	0.005046	839.336	41.9935	38.3372
ramosum-1_5	glaucum-3_4	occidentale	0.239724	6.89168	5.51356e-12	0.092134	86.8105	168.311	103.219
ramosum-3	glaucum-3_4	occidentale	0.276597	7.831	4.83999e-15	0.103306	91.9097	159.547	90.4097
ramosum-4_10	glaucum-3_4	occidentale	0.307823	9.26572	2.3e-16	0.114521	82.3737	172.921	91.5198
sapellonis	glaucum-3_4	occidentale	0.261525	7.51484	5.69794e-14	0.0982326	95.9748	167.591	98.105
occidentale	glaucum-3_4	scaposum	0.00818432	0.177564	0.859065	0.00114702	265.024	64.8003	63.7483
scopulorum	glaucum-3_4	occidentale	0.33361	9.61159	2.3e-16	0.131115	80.8333	172.917	86.4044
glaucum-3_4	occidentale	stachydeum	0.0465553	0.894384	0.371117	0.00444762	228.822	68.7665	62.6484
glaucum-3_4	occidentale	trolliifolium	0.0597826	1.24406	0.213477	0.00671119	428.766	63.3996	56.2468
glaucum-3_4	occidentale	viridescens	0.0637382	1.30339	0.19244	0.00637	221.058	77.4193	68.1415
glaucum-3_4	occidentale	xantholeucum	0.0414648	0.889245	0.373872	0.00525112	279.433	69.6382	64.0931
parryi	glaucum-3_4	patens	0.0270798	0.577399	0.56367	0.00599036	597.071	73.9462	70.0469
glaucum-3_4	ramosum-1_5	parryi	0.00604003	0.130077	0.896505	0.000417869	172.966	71.8588	70.9959
glaucum-3_4	ramosum-3	parryi	0.0432608	0.838074	0.401989	0.00313916	162.377	73.5191	67.4219
glaucum-3_4	ramosum-4_10	parryi	0.00462271	0.0979366	0.921983	0.000314234	164.972	70.6301	69.9801
glaucum-3_4	sapellonis	parryi	0.00830911	0.174128	0.861765	0.000567779	167.928	70.1554	68.9991
parryi	glaucum-3_4	scaposum	0.186438	4.42758	9.52979e-06	0.0463254	147.445	127.622	87.5129
glaucum-3_4	scopulorum	parryi	0.0574387	1.18361	0.236567	0.00439976	143.8	78.3378	69.8274
parryi	glaucum-3_4	stachydeum	0.236905	5.09388	3.50811e-07	0.0387287	114.872	125.569	77.4688
parryi	glaucum-3_4	trolliifolium	0.123818	2.78819	0.00530034	0.0239063	271.076	105.875	82.5451
parryi	glaucum-3_4	viridescens	0.267188	5.93923	2.86364e-09	0.0424172	104.942	132.424	76.5807
parryi	glaucum-3_4	xantholeucum	0.162252	3.73879	0.00018491	0.0357372	151.329	125.282	90.303
glaucum-3_4	ramosum-1_5	patens	0.017035	0.304156	0.761009	0.00186472	751.697	40.6311	39.27
glaucum-3_4	ramosum-3	patens	0.12458	2.06117	0.0392873	0.0132197	723.656	41.8438	32.5729
ramosum-4_10	glaucum-3_4	patens	0.033608	0.62045	0.534962	0.00361816	745.926	40.8249	38.1701
glaucum-3_4	sapellonis	patens	0.0414171	0.74014	0.459215	0.00437243	736.121	40.4453	37.2283
glaucum-3_4	scaposum	patens	0.0883283	1.8418	0.0655045	0.0141276	573.266	58.7192	49.1879
scopulorum	glaucum-3_4	patens	0.0828889	1.46991	0.141585	0.00886101	678.181	39.125	33.1354
glaucum-3_4	stachydeum	patens	0.0498309	0.883815	0.376796	0.00796495	593.851	56.5833	51.2118
glaucum-3_4	trolliifolium	patens	0.238279	5.58036	2.40027e-08	0.0706498	410.751	122.133	75.1293
glaucum-3_4	viridescens	patens	0.168329	3.0043	0.00266197	0.0253645	594.295	59.1771	42.125
glaucum-3_4	xantholeucum	patens	0.021966	0.453811	0.649965	0.0042332	557.398	64.8199	62.0334
ramosum-1_5	ramosum-3	glaucum-3_4	0.132902	2.70255	0.00688097	0.0321346	200.242	75.3134	57.6432
ramosum-4_10	ramosum-1_5	glaucum-3_4	0.0596705	1.34877	0.17741	0.0128917	172.388	68.6855	60.9501
ramosum-1_5	sapellonis	glaucum-3_4	0.0818372	1.77014	0.0767033	0.018724	223.136	73.464	62.3494
glaucum-3_4	ramosum-1_5	scaposum	0.0668065	1.44837	0.147514	0.0096913	194.603	73.2033	64.0349
scopulorum	ramosum-1_5	glaucum-3_4	0.0289276	0.612717	0.540063	0.00729573	148.851	72.0645	68.0124
glaucum-3_4	ramosum-1_5	stachydeum	0.0717492	1.3802	0.167525	0.00719625	158.131	75.7504	65.6081
glaucum-3_4	ramosum-1_5	trolliifolium	0.0323075	0.648967	0.51636	0.00353974	361.498	61.076	57.253
ramosum-1_5	glaucum-3_4	viridescens	0.0107393	0.212241	0.831919	0.00110867	144.115	75.4071	73.8047
glaucum-3_4	ramosum-1_5	xantholeucum	0.0302536	0.628398	0.529743	0.003433	201.249	62.9348	59.2386
ramosum-4_10	ramosum-3	glaucum-3_4	0.134927	2.72037	0.00652093	0.0308935	161.049	72.4873	55.2519
sapellonis	ramosum-3	glaucum-3_4	0.10228	1.97231	0.0485746	0.0202555	289.433	60.4714	49.2491
glaucum-3_4	ramosum-3	scaposum	0.0276606	0.542456	0.587504	0.00392119	190.759	64.8234	61.3338
scopulorum	ramosum-3	glaucum-3_4	0.123481	2.36547	0.0180071	0.0300381	156.576	71.1523	55.5117
glaucum-3_4	ramosum-3	stachydeum	0.117959	2.13142	0.0330543	0.0125014	148.47	77.4983	61.1441
glaucum-3_4	ramosum-3	trolliifolium	0.104656	1.89611	0.0579455	0.0116616	350.624	62.8359	50.9297
glaucum-3_4	ramosum-3	viridescens	0.136983	2.51073	0.0120483	0.0146257	142.142	84.9757	64.5
glaucum-3_4	ramosum-3	xantholeucum	0.0733885	1.38344	0.166529	0.0092912	197.488	68.0521	58.7465
ramosum-4_10	sapellonis	glaucum-3_4	0.131922	2.95617	0.00311482	0.0302799	156.308	78.0565	59.8621
glaucum-3_4	ramosum-4_10	scaposum	0.0215501	0.463116	0.643281	0.00304719	194.279	67.624	64.7709
scopulorum	ramosum-4_10	glaucum-3_4	0.0438127	0.937466	0.348519	0.0111365	166.827	75.7005	69.3456
ramosum-4_10	glaucum-3_4	stachydeum	0.00846631	0.166479	0.86778	0.000798713	150.527	66.63	65.5113
glaucum-3_4	ramosum-4_10	trolliifolium	0.0490724	1.00132	0.316674	0.00524706	357.717	60.8161	55.1266
glaucum-3_4	ramosum-4_10	viridescens	0.076532	1.51884	0.128804	0.00773443	138.505	78.474	67.3164
ramosum-4_10	glaucum-3_4	xantholeucum	0.0152195	0.31615	0.751889	0.00171884	206.969	62.3626	60.4928
glaucum-3_4	sapellonis	scaposum	0.00566813	0.118294	0.905835	0.000776628	201.721	65.7643	65.023
scopulorum	sapellonis	glaucum-3_4	0.0770304	1.63662	0.10171	0.0188261	181.196	73.9026	63.3314
glaucum-3_4	sapellonis	stachydeum	0.1027	1.96037	0.0499525	0.0107256	159.148	79.0182	64.2995
glaucum-3_4	sapellonis	trolliifolium	0.0720802	1.4501	0.14703	0.00752532	365.892	59.3905	51.4044
sapellonis	glaucum-3_4	viridescens	0.0313478	0.598965	0.549196	0.0031268	149.841	74.2539	69.74
glaucum-3_4	sapellonis	xantholeucum	0.0449633	0.931207	0.351746	0.00533184	216.57	66.3116	60.605
scopulorum	glaucum-3_4	scaposum	0.0059866	0.12556	0.90008	0.000931213	179.04	68.5578	67.7419
stachydeum	glaucum-3_4	scaposum	0.242642	5.13057	2.88859e-07	0.0470781	143.192	107.765	65.6801
glaucum-3_4	scaposum	trolliifolium	0.013104	0.310754	0.755988	0.00247468	250.043	94.963	92.5064
glaucum-3_4	viridescens	scaposum	0.0912008	2.07504	0.0379825	0.0208352	129.218	105.835	88.1437
xantholeucum	glaucum-3_4	scaposum	0.116937	2.91168	0.00359491	0.0322018	121.217	136.326	107.781
scopulorum	glaucum-3_4	stachydeum	0.0156749	0.289975	0.771836	0.0016243	138.817	67.046	64.9766
glaucum-3_4	scopulorum	trolliifolium	0.0836656	1.70523	0.0881516	0.0098618	326.235	63.9297	54.0582
glaucum-3_4	scopulorum	viridescens	0.00830626	0.160859	0.872204	0.000902553	127.76	71.6545	70.474
glaucum-3_4	scopulorum	xantholeucum	0.0557184	1.16722	0.24312	0.00742856	187.097	71.5955	64.0382
glaucum-3_4	stachydeum	trolliifolium	0.0409645	0.803363	0.421765	0.00658081	266.402	81.1311	74.7457
stachydeum	glaucum-3_4	viridescens	0.22807	4.4802	7.45718e-06	0.0304739	99.4019	112.207	70.5304
stachydeum	glaucum-3_4	xantholeucum	0.23827	4.73532	2.18715e-06	0.0384658	155.386	101.187	62.2457
glaucum-3_4	viridescens	trolliifolium	0.17073	3.50658	0.000453906	0.0280194	272.532	93.4413	66.1878
glaucum-3_4	xantholeucum	trolliifolium	0.257356	6.30004	2.97573e-10	0.0594956	245.993	143.75	84.9044
xantholeucum	viridescens	glaucum-3_4	0.305752	7.00931	2.39493e-12	0.10228	183.36	131.021	69.6619
gypsophilum	hesperium	lineapetalum	0.146701	3.78476	0.000153859	0.032268	285.756	159.263	118.513
gypsophilum	hesperium	multiplex	0.204558	5.69941	1.20221e-08	0.0583519	288.52	171.832	113.471
gypsophilum	hesperium	novomexicanum	0.206877	5.04225	4.60089e-07	0.0651925	216.916	145.652	95.7185
gypsophilum	hesperium	nudicaule	0.246577	6.43599	1.22675e-10	0.0732872	442.341	168.272	101.703
gypsophilum	hesperium	nuttallianum-14	0.160064	3.95211	7.74654e-05	0.0358917	275.289	127.209	92.1047
gypsophilum	hesperium	nuttallianum-7_9	0.164839	4.2941	1.75404e-05	0.051537	300.162	129.529	92.8689
gypsophilum	hesperium	occidentale	0.150969	3.80822	0.000139972	0.0466407	228.252	137.971	101.777
gypsophilum	parryi	hesperium	0.128751	3.74945	0.000177223	0.0259445	365.076	181.305	139.944
gypsophilum	hesperium	patens	0.138194	3.46384	0.000532516	0.0360064	670.819	94.6875	71.6944
gypsophilum	hesperium	ramosum-1_5	0.237662	5.93365	2.96277e-09	0.0930282	220.165	157.405	96.9534
gypsophilum	hesperium	ramosum-3	0.148373	3.55405	0.00037934	0.043145	205.558	140.364	104.093
gypsophilum	hesperium	ramosum-4_10	0.223739	5.63524	1.7481e-08	0.0937293	226.881	154.519	98.0168
gypsophilum	hesperium	sapellonis	0.203368	5.0502	4.41343e-07	0.0787601	220.478	154.659	102.384
gypsophilum	hesperium	scaposum	0.196921	5.19333	2.06568e-07	0.0558046	266.922	144.441	96.9132
gypsophilum	hesperium	scopulorum	0.172411	4.2673	1.97854e-05	0.0545312	214.041	145.978	103.044
gypsophilum	hesperium	stachydeum	0.147645	3.45948	0.00054121	0.0281179	225.706	137.296	101.97
gypsophilum	hesperium	trolliifolium	0.131435	3.31688	0.000910291	0.0297376	382.837	128.288	98.4826
gypsophilum	hesperium	viridescens	0.133356	3.3065	0.000944684	0.0237455	234.648	137.78	105.356
gypsophilum	hesperium	xantholeucum	0.133728	3.32396	0.000887474	0.0311119	281.497	134.262	102.589
lineapetalum	multiplex	gypsophilum	0.0857056	2.42093	0.0154811	0.0118957	430.851	143.695	121.009
gypsophilum	novomexicanum	lineapetalum	0.312548	8.04586	8.56411e-16	0.0676854	158.705	188.861	98.9167
gypsophilum	lineapetalum	nudicaule	0.177943	4.80721	1.53055e-06	0.0598792	320.054	196.984	137.47
nuttallianum-14	lineapetalum	gypsophilum	0.108757	2.75052	0.00595002	0.0129593	462.328	109.116	87.7101
nuttallianum-7_9	lineapetalum	gypsophilum	0.152795	4.23459	2.28973e-05	0.0205178	395.071	133.951	98.4427
gypsophilum	occidentale	lineapetalum	0.365593	10.1276	2.3e-16	0.0838296	161.901	210.505	97.7934
gypsophilum	parryi	lineapetalum	0.223757	5.87113	4.3284e-09	0.0421118	501.59	142.16	90.1736
gypsophilum	lineapetalum	patens	0.137305	3.62837	0.000285221	0.0433524	565.656	124.073	94.1146
gypsophilum	ramosum-1_5	lineapetalum	0.338256	9.14507	2.3e-16	0.0728776	163.231	194.293	96.0747
gypsophilum	ramosum-3	lineapetalum	0.349198	9.1321	2.3e-16	0.073906	162.941	186.33	89.8785
gypsophilum	ramosum-4_10	lineapetalum	0.349536	9.24792	2.3e-16	0.0760577	165.553	201.011	96.8854
gypsophilum	sapellonis	lineapetalum	0.332985	8.80178	2.3e-16	0.0736284	168.698	199.552	99.8542
gypsophilum	lineapetalum	scaposum	0.235603	6.81295	9.56201e-12	0.0886337	130.31	217.944	134.829
gypsophilum	scopulorum	lineapetalum	0.3227	8.37957	2.3e-16	0.0701566	168.289	179.14	91.73
gypsophilum	stachydeum	lineapetalum	0.192062	4.63644	3.54461e-06	0.0456698	150.562	177.083	120.021
gypsophilum	lineapetalum	trolliifolium	0.38058	10.7033	2.3e-16	0.120002	241.192	235.477	105.65
lineapetalum	viridescens	gypsophilum	0.150608	3.70038	0.000215277	0.0203329	308.331	133.775	98.7546
xantholeucum	lineapetalum	gypsophilum	0.0516709	1.33821	0.180828	0.00604815	611.613	104.646	94.3631
gypsophilum	novomexicanum	multiplex	0.355462	9.73251	2.3e-16	0.107384	139.53	217.978	103.651
gypsophilum	multiplex	nudicaule	0.123139	3.5002	0.000464911	0.0379213	355.005	183.767	143.472
nuttallianum-14	multiplex	gypsophilum	0.138374	3.71729	0.000201373	0.0185901	306.269	131.421	99.4713
nuttallianum-7_9	multiplex	gypsophilum	0.215971	6.35274	2.11515e-10	0.0301813	308.962	153.972	99.2774
gypsophilum	occidentale	multiplex	0.423802	12.5113	2.3e-16	0.133601	143.105	242.235	98.0298
gypsophilum	parryi	multiplex	0.192939	5.39848	6.7207e-08	0.0469286	520.597	143.884	97.3419
gypsophilum	multiplex	patens	0.116981	3.20178	0.00136582	0.0356431	590.56	123.982	98.0131
gypsophilum	ramosum-1_5	multiplex	0.413069	11.8556	2.3e-16	0.120202	143.855	226.852	94.225
gypsophilum	ramosum-3	multiplex	0.404274	11.0761	2.3e-16	0.121832	140.643	224.073	95.0568
gypsophilum	ramosum-4_10	multiplex	0.419294	12.3173	2.3e-16	0.123159	142.858	232.411	95.0915
gypsophilum	sapellonis	multiplex	0.367633	10.3718	2.3e-16	0.105701	142.927	214.153	99.0202
gypsophilum	multiplex	scaposum	0.309907	9.6493	2.3e-16	0.116249	139.935	251.246	132.363
gypsophilum	scopulorum	multiplex	0.351597	9.916	2.3e-16	0.0995404	146.249	191.09	91.6718
gypsophilum	stachydeum	multiplex	0.227347	5.84412	5.09258e-09	0.0727857	138.754	193.71	121.946
gypsophilum	multiplex	trolliifolium	0.342901	9.98825	2.3e-16	0.0991597	262.399	223.54	109.381
multiplex	viridescens	gypsophilum	0.0771866	2.04053	0.0412973	0.00715978	618.026	88.7082	75.9953
xantholeucum	multiplex	gypsophilum	0.0746998	2.10244	0.0355149	0.0101483	352.367	128.956	111.029
gypsophilum	novomexicanum	nudicaule	0.136689	3.39556	0.000684878	0.0357907	343.33	145.628	110.604
gypsophilum	novomexicanum	nuttallianum-14	0.316299	7.85695	3.93587e-15	0.075137	147.814	159.78	82.9913
gypsophilum	novomexicanum	nuttallianum-7_9	0.336882	8.90806	2.3e-16	0.110801	177.914	171.733	85.1829
novomexicanum	occidentale	gypsophilum	0.0118527	0.245127	0.806358	0.000997154	231.434	73.9568	72.2242
gypsophilum	parryi	novomexicanum	0.294758	7.27298	3.51636e-13	0.0820278	436.076	133.898	72.9332
gypsophilum	novomexicanum	patens	0.0871692	2.0211	0.0432695	0.0210727	548.444	90.2917	75.8125
novomexicanum	ramosum-1_5	gypsophilum	0.107588	2.1142	0.034498	0.00596214	350.471	55.37	44.6131
novomexicanum	ramosum-3	gypsophilum	0.153391	2.62443	0.00867933	0.00855688	419.952	55.7157	40.8963
ramosum-4_10	novomexicanum	gypsophilum	0.00156168	0.0308999	0.975349	0.000101844	305.164	58.3437	58.1617
novomexicanum	sapellonis	gypsophilum	0.119218	2.26766	0.02335	0.00503191	545.188	43.0282	33.8615
gypsophilum	novomexicanum	scaposum	0.299394	7.80739	5.83865e-15	0.0888272	139.774	179.39	96.7234
novomexicanum	scopulorum	gypsophilum	0.149386	2.92664	0.00342649	0.00984616	286.715	63.7431	47.1736
gypsophilum	novomexicanum	stachydeum	0.429402	10.4768	2.3e-16	0.0815869	101.011	182.039	72.6675
gypsophilum	novomexicanum	trolliifolium	0.329473	8.21245	2.3e-16	0.074117	264.731	156.054	78.7066
gypsophilum	novomexicanum	viridescens	0.341707	8.70194	2.3e-16	0.0637032	105.961	182.172	89.3808
gypsophilum	novomexicanum	xantholeucum	0.315125	7.81352	5.56142e-15	0.077241	151.235	170.328	88.7017
gypsophilum	nuttallianum-14	nudicaule	0.115487	3	0.00269975	0.0359919	276.408	149.328	118.408
gypsophilum	nuttallianum-7_9	nudicaule	0.106397	2.98934	0.00279577	0.0353594	270.97	171.734	138.704
gypsophilum	occidentale	nudicaule	0.13008	3.33308	0.000858915	0.0356912	365.384	150.856	116.127
gypsophilum	parryi	nudicaule	0.15149	3.96302	7.40082e-05	0.0350698	687.276	124.151	91.4844
gypsophilum	nudicaule	patens	0.427429	14.5289	2.3e-16	0.203633	374.741	240.165	96.3351
gypsophilum	ramosum-1_5	nudicaule	0.158296	3.95528	7.64454e-05	0.0429083	370.961	156.013	113.371
gypsophilum	ramosum-3	nudicaule	0.155716	3.75572	0.000172844	0.0388744	358.842	137.512	100.457
gypsophilum	ramosum-4_10	nudicaule	0.167068	4.35234	1.34695e-05	0.0431965	367.353	149.278	106.539
gypsophilum	sapellonis	nudicaule	0.152753	3.73925	0.00018457	0.0395552	363.642	146.764	107.868
gypsophilum	scaposum	nudicaule	0.129353	3.48607	0.000490182	0.0386826	303.506	155.677	120.015
gypsophilum	scopulorum	nudicaule	0.171767	4.24116	2.22365e-05	0.0463897	349.546	143.164	101.192
gypsophilum	stachydeum	nudicaule	0.171969	4.22676	2.37083e-05	0.050745	320.41	154.781	109.358
gypsophilum	trolliifolium	nudicaule	0.241363	7.00049	2.5506e-12	0.0992625	201.447	233.513	142.707
gypsophilum	viridescens	nudicaule	0.125673	3.12466	0.00178013	0.0364272	315.034	152.054	118.103
gypsophilum	xantholeucum	nudicaule	0.101639	2.66101	0.00779069	0.0330133	296.888	158.676	129.397
nuttallianum-7_9	nuttallianum-14	gypsophilum	0.137859	3.89028	0.000100127	0.0150897	418.009	102.27	77.4883
gypsophilum	occidentale	nuttallianum-14	0.361227	9.30437	2.3e-16	0.0914993	151.465	180.181	84.5521
gypsophilum	parryi	nuttallianum-14	0.176735	4.4105	1.03133e-05	0.0357865	451.733	116.403	81.4375
gypsophilum	nuttallianum-14	patens	0.151403	3.81111	0.000138343	0.0486525	474.797	114.984	84.7448
gypsophilum	ramosum-1_5	nuttallianum-14	0.367168	9.34319	2.3e-16	0.0861747	149.252	166.047	76.8594
gypsophilum	ramosum-3	nuttallianum-14	0.364679	8.9755	2.3e-16	0.0880073	155.134	164.095	76.3941
gypsophilum	ramosum-4_10	nuttallianum-14	0.358026	9.49934	2.3e-16	0.087484	151.354	174.943	82.7003
gypsophilum	sapellonis	nuttallianum-14	0.351037	8.99151	2.3e-16	0.0829264	152.159	164.662	79.0946
gypsophilum	nuttallianum-14	scaposum	0.162167	4.56148	5.07944e-06	0.0656297	115.61	195.66	141.056
gypsophilum	scopulorum	nuttallianum-14	0.315563	7.95959	1.72605e-15	0.0751551	159.862	155.799	81.0564
gypsophilum	stachydeum	nuttallianum-14	0.185182	4.30239	1.68965e-05	0.0492881	135.233	148.358	101.997
gypsophilum	nuttallianum-14	trolliifolium	0.393688	11.103	2.3e-16	0.122473	211.902	216.222	94.0654
nuttallianum-14	viridescens	gypsophilum	0.208309	4.91014	9.10109e-07	0.0262303	261.543	116.706	76.4664
nuttallianum-14	xantholeucum	gypsophilum	0.0699522	1.74458	0.0810584	0.00740838	516.134	92.4499	80.3614
gypsophilum	occidentale	nuttallianum-7_9	0.422436	12.0482	2.3e-16	0.152441	175.334	206.652	83.9086
gypsophilum	parryi	nuttallianum-7_9	0.198714	5.29945	1.16155e-07	0.0576572	503.957	124.302	83.0903
gypsophilum	nuttallianum-7_9	patens	0.142009	3.86955	0.000109039	0.0477091	489.358	126.854	95.3056
gypsophilum	ramosum-1_5	nuttallianum-7_9	0.382801	10.3867	2.3e-16	0.125437	175.487	179.848	80.2732
gypsophilum	ramosum-3	nuttallianum-7_9	0.42033	11.2082	2.3e-16	0.146409	175.441	184.981	75.4952
gypsophilum	ramosum-4_10	nuttallianum-7_9	0.367315	10.3108	2.3e-16	0.123421	181.31	181.609	84.0342
gypsophilum	sapellonis	nuttallianum-7_9	0.366247	9.92028	2.3e-16	0.121467	183.336	178.191	82.6567
gypsophilum	nuttallianum-7_9	scaposum	0.152126	4.65386	3.25777e-06	0.0641807	115.519	214.313	157.717
gypsophilum	scopulorum	nuttallianum-7_9	0.322876	8.81499	2.3e-16	0.106611	184.194	161.849	82.8433
gypsophilum	stachydeum	nuttallianum-7_9	0.249229	6.24911	4.12804e-10	0.0933318	162.148	163.546	98.2891
gypsophilum	nuttallianum-7_9	trolliifolium	0.341123	10.2774	2.3e-16	0.111783	204.123	227.474	111.755
nuttallianum-7_9	viridescens	gypsophilum	0.301087	7.79596	6.39202e-15	0.0407116	243.076	142.404	76.4959
nuttallianum-7_9	xantholeucum	gypsophilum	0.158782	4.52252	6.11074e-06	0.0204941	363.104	125.339	90.9896
gypsophilum	parryi	occidentale	0.208384	5.32772	9.94522e-08	0.0579436	457.976	127.715	83.6667
gypsophilum	occidentale	patens	0.118176	2.98482	0.00283742	0.0298915	592.801	98.8082	77.9227
occidentale	ramosum-1_5	gypsophilum	0.069083	1.52268	0.127838	0.00550799	257.119	75.9528	66.1368
occidentale	ramosum-3	gypsophilum	0.0642105	1.2627	0.206697	0.00521092	246.305	74.2079	65.253
occidentale	ramosum-4_10	gypsophilum	0.0282597	0.627792	0.53014	0.00234851	252.051	76.1581	71.972
occidentale	sapellonis	gypsophilum	0.0359627	0.758748	0.448004	0.00297933	237.741	75.5174	70.2743
gypsophilum	occidentale	scaposum	0.353892	9.76135	2.3e-16	0.112323	147.04	204.723	97.6982
occidentale	scopulorum	gypsophilum	0.101092	2.14822	0.0316961	0.00877031	221.119	80.1204	65.4086
gypsophilum	occidentale	stachydeum	0.390492	9.89316	2.3e-16	0.0758305	108.898	187.076	82.0026
gypsophilum	occidentale	trolliifolium	0.324946	8.51592	2.3e-16	0.0735741	280.324	158.581	80.7963
gypsophilum	occidentale	viridescens	0.411957	11.1789	2.3e-16	0.0800022	112.596	204.242	85.0613
gypsophilum	occidentale	xantholeucum	0.359493	9.49273	2.3e-16	0.0941364	153.513	190.063	89.5456
gypsophilum	parryi	patens	0.075542	1.90438	0.0568601	0.017775	968.05	83.7205	71.9601
gypsophilum	parryi	ramosum-1_5	0.218359	5.55713	2.7425e-08	0.0717054	442.632	127.43	81.7533
gypsophilum	parryi	ramosum-3	0.228296	5.60604	2.0701e-08	0.0565023	425.733	125.615	78.9201
gypsophilum	parryi	ramosum-4_10	0.260511	6.62741	3.41627e-11	0.090621	444.418	135.797	79.6663
gypsophilum	parryi	sapellonis	0.277834	7.07798	1.46273e-12	0.0890423	437.454	134.065	75.7668
gypsophilum	parryi	scaposum	0.142013	3.77681	0.000158851	0.0354708	479.933	121.001	90.9071
gypsophilum	parryi	scopulorum	0.212406	5.26123	1.43097e-07	0.0565263	422.109	123.841	80.4488
gypsophilum	parryi	stachydeum	0.242939	5.85254	4.84119e-09	0.0386228	436.638	120.694	73.5133
gypsophilum	parryi	trolliifolium	0.154496	3.88495	0.000102352	0.0295752	596.183	107.315	78.5932
gypsophilum	parryi	viridescens	0.181123	4.56208	5.06499e-06	0.0284773	457.528	124.535	86.3409
gypsophilum	parryi	xantholeucum	0.211959	5.5215	3.36119e-08	0.0438863	473.21	126.469	82.2326
gypsophilum	ramosum-1_5	patens	0.130188	3.1618	0.00156798	0.031994	567.036	97.9497	75.3837
gypsophilum	ramosum-3	patens	0.150743	3.48526	0.000491653	0.0362986	554.556	94.3889	69.6597
gypsophilum	ramosum-4_10	patens	0.0963306	2.40013	0.0163894	0.0235533	600.561	94.8292	78.1646
gypsophilum	sapellonis	patens	0.0768283	1.81697	0.0692212	0.0185669	584.776	91.0434	78.0521
gypsophilum	scaposum	patens	0.107433	2.81079	0.00494199	0.0304521	505.6	103.725	83.6001
gypsophilum	scopulorum	patens	0.0294383	0.700142	0.483839	0.0069283	567.356	79.2274	74.6962
gypsophilum	stachydeum	patens	0.124453	2.89805	0.00375485	0.0350649	528.076	102.132	79.5243
gypsophilum	trolliifolium	patens	0.219604	6.12618	9.00144e-10	0.086689	392.804	157.874	101.02
gypsophilum	viridescens	patens	0.183276	4.43662	9.13815e-06	0.0494854	503.262	106.394	73.4352
gypsophilum	xantholeucum	patens	0.06938	1.74177	0.0815478	0.021201	492.9	106.087	92.3218
ramosum-1_5	ramosum-3	gypsophilum	0.025036	0.469559	0.63867	0.00153458	354.993	54.7322	52.0586
ramosum-4_10	ramosum-1_5	gypsophilum	0.0851601	1.83484	0.0665287	0.00508012	339.464	59.0628	49.7926
sapellonis	ramosum-1_5	gypsophilum	0.0467299	0.973028	0.330539	0.00269467	370.418	54.7545	49.8656
gypsophilum	ramosum-1_5	scaposum	0.377978	10.2577	2.3e-16	0.11616	149.193	202.394	91.3613
ramosum-1_5	scopulorum	gypsophilum	0.0180512	0.377407	0.705871	0.00126699	288.609	61.3915	59.2144
gypsophilum	ramosum-1_5	stachydeum	0.469626	11.7312	2.3e-16	0.0884588	112.235	191.711	69.1866
gypsophilum	ramosum-1_5	trolliifolium	0.344321	8.72239	2.3e-16	0.0754082	278.118	156.476	76.3194
gypsophilum	ramosum-1_5	viridescens	0.406089	10.6215	2.3e-16	0.0736338	111.617	189.11	79.8773
gypsophilum	ramosum-1_5	xantholeucum	0.3781	9.87163	2.3e-16	0.090538	157.768	179.235	80.8838
ramosum-4_10	ramosum-3	gypsophilum	0.0834835	1.57383	0.115526	0.00529622	308.398	59.7097	50.5083
sapellonis	ramosum-3	gypsophilum	0.0639338	1.13869	0.254832	0.00340671	422.063	49.1146	43.2118
gypsophilum	ramosum-3	scaposum	0.347366	9.04598	2.3e-16	0.105051	140.463	188.055	91.0897
ramosum-3	scopulorum	gypsophilum	0.0832959	1.5532	0.120375	0.00550422	281.05	58.6372	49.6198
gypsophilum	ramosum-3	stachydeum	0.45469	11.184	2.3e-16	0.0876625	106.229	183.882	68.9306
gypsophilum	ramosum-3	trolliifolium	0.363018	8.95286	2.3e-16	0.0799792	275.038	154.711	72.3015
gypsophilum	ramosum-3	viridescens	0.427627	11.0464	2.3e-16	0.0807255	107.124	195.742	78.478
gypsophilum	ramosum-3	xantholeucum	0.373733	9.37958	2.3e-16	0.0936448	157.19	177.532	80.9343
ramosum-4_10	sapellonis	gypsophilum	0.0488835	1.02841	0.303756	0.00312657	314.517	60.69	55.0331
gypsophilum	ramosum-4_10	scaposum	0.337343	9.38821	2.3e-16	0.100618	150.545	190.349	94.3185
ramosum-4_10	scopulorum	gypsophilum	0.0851113	1.78648	0.0740215	0.00621371	292.001	68.3063	57.591
gypsophilum	ramosum-4_10	stachydeum	0.435011	11.4484	2.3e-16	0.0825167	111.038	189.264	74.5163
gypsophilum	ramosum-4_10	trolliifolium	0.319234	8.38366	2.3e-16	0.0696308	277.625	152.716	78.806
gypsophilum	ramosum-4_10	viridescens	0.439646	11.8597	2.3e-16	0.0819544	108.363	199.257	77.5568
gypsophilum	ramosum-4_10	xantholeucum	0.351347	9.19447	2.3e-16	0.086425	154.519	184.161	88.3982
gypsophilum	sapellonis	scaposum	0.340242	9.15447	2.3e-16	0.0995618	147.069	188.225	92.6571
sapellonis	scopulorum	gypsophilum	0.119369	2.47973	0.0131484	0.00776673	317.565	62.3043	49.0161
gypsophilum	sapellonis	stachydeum	0.420131	10.5387	2.3e-16	0.0789646	106.939	180.137	73.5538
gypsophilum	sapellonis	trolliifolium	0.327055	8.32308	2.3e-16	0.0727427	280.032	153.97	78.0775
gypsophilum	sapellonis	viridescens	0.369399	9.5246	2.3e-16	0.0672585	113.662	184.106	84.7801
gypsophilum	sapellonis	xantholeucum	0.337564	8.78014	2.3e-16	0.0832345	157.135	177.837	88.0745
gypsophilum	scopulorum	scaposum	0.314217	8.25407	2.3e-16	0.0951515	149.84	178.911	93.3592
gypsophilum	stachydeum	scaposum	0.177578	4.38186	1.17672e-05	0.0575545	135.32	166.624	116.37
gypsophilum	scaposum	trolliifolium	0.258907	7.14218	9.18654e-13	0.071727	239.856	178.123	104.858
gypsophilum	viridescens	scaposum	0.322354	8.85258	2.3e-16	0.111756	122.159	197.966	101.448
gypsophilum	xantholeucum	scaposum	0.193379	5.52103	3.37022e-08	0.0755514	123.144	207.222	140.064
gypsophilum	scopulorum	stachydeum	0.389608	9.48129	2.3e-16	0.0736441	106.62	165.38	72.6441
gypsophilum	scopulorum	trolliifolium	0.320862	8.12483	4.47992e-16	0.0722419	273.062	149.899	77.0723
gypsophilum	scopulorum	viridescens	0.356126	8.91844	2.3e-16	0.0658351	114.337	167.81	79.6742
gypsophilum	scopulorum	xantholeucum	0.337611	8.90927	2.3e-16	0.0838231	162.387	171.325	84.8406
gypsophilum	stachydeum	trolliifolium	0.290458	6.91765	4.59183e-12	0.0734171	241.041	158.909	87.3738
gypsophilum	stachydeum	viridescens	0.214343	5.0517	4.37894e-07	0.0438523	104.637	169.373	109.581
gypsophilum	stachydeum	xantholeucum	0.183727	4.33922	1.42991e-05	0.0478457	143.146	153.286	105.703
gypsophilum	viridescens	trolliifolium	0.331816	8.27015	2.3e-16	0.0845557	244.262	167.907	84.2407
gypsophilum	xantholeucum	trolliifolium	0.402896	11.1841	2.3e-16	0.126252	224.755	227.296	96.7425
xantholeucum	viridescens	gypsophilum	0.182272	4.38275	1.17188e-05	0.0246132	276.876	126.027	87.1672
lineapetalum	multiplex	hesperium	0.108155	2.8419	0.00448451	0.0137418	311.654	138.159	111.19
hesperium	novomexicanum	lineapetalum	0.206412	4.61626	3.90717e-06	0.0355251	151.295	127.781	84.0556
lineapetalum	hesperium	nudicaule	0.0758829	1.86544	0.0621203	0.023644	284.391	139.37	119.71
nuttallianum-14	lineapetalum	hesperium	0.12688	2.94016	0.00328043	0.0135042	367.406	100.056	77.5243
nuttallianum-7_9	lineapetalum	hesperium	0.168556	4.43664	9.1376e-06	0.0199003	299.991	121.618	86.533
hesperium	occidentale	lineapetalum	0.234973	5.46863	4.53532e-08	0.0434743	150.556	142.354	88.184
hesperium	parryi	lineapetalum	0.0351868	0.827516	0.407944	0.00661009	279.918	110.12	102.634
hesperium	lineapetalum	patens	0.00539072	0.122203	0.902739	0.00144289	503.653	82.2431	81.3611
hesperium	ramosum-1_5	lineapetalum	0.235761	5.45683	4.84719e-08	0.0386235	156.118	125.725	77.753
hesperium	ramosum-3	lineapetalum	0.256504	5.49863	3.82743e-08	0.0450286	144.701	133.146	78.7847
hesperium	ramosum-4_10	lineapetalum	0.20233	4.5098	6.48878e-06	0.0318254	152.286	118.378	78.5361
hesperium	sapellonis	lineapetalum	0.206158	4.66698	3.05656e-06	0.0348481	158.542	128.135	84.3333
hesperium	lineapetalum	scaposum	0.0476331	1.21934	0.222716	0.0156802	115.9	138.912	126.28
hesperium	scopulorum	lineapetalum	0.207171	4.49361	7.00252e-06	0.0367532	153.497	123.104	80.8507
hesperium	stachydeum	lineapetalum	0.0699523	1.4667	0.142457	0.0132879	140.334	116.362	101.147
hesperium	lineapetalum	trolliifolium	0.280464	7.04218	1.89254e-12	0.0758936	226.936	166.943	93.8108
lineapetalum	viridescens	hesperium	0.182227	4.09728	4.18028e-05	0.0221399	235.573	126.892	87.7743
xantholeucum	lineapetalum	hesperium	0.0451698	1.08078	0.279797	0.00468196	519.656	95.1056	86.8851
hesperium	novomexicanum	multiplex	0.20733	5.00106	5.7016e-07	0.0537232	132.371	145.544	95.5565
multiplex	hesperium	nudicaule	0.121031	3.16251	0.00156417	0.0364067	325.051	154.418	121.074
nuttallianum-14	multiplex	hesperium	0.227305	5.67383	1.39639e-08	0.0297272	227.155	141.643	89.1768
nuttallianum-7_9	multiplex	hesperium	0.269076	7.64467	2.09479e-14	0.0350181	231.476	158.399	91.2302
hesperium	occidentale	multiplex	0.232811	6.02642	1.67632e-09	0.0657196	137.128	162.672	101.232
parryi	hesperium	multiplex	0.0618275	1.55919	0.118952	0.0159116	297.842	122.513	108.246
multiplex	hesperium	patens	0.0353505	0.842603	0.39945	0.00893912	550.643	85.1027	79.2913
hesperium	ramosum-1_5	multiplex	0.241134	6.1132	9.76506e-10	0.0608118	137.479	147.372	90.1078
hesperium	ramosum-3	multiplex	0.246346	5.76494	8.16889e-09	0.0645894	126.149	148.398	89.7347
hesperium	ramosum-4_10	multiplex	0.243237	6.13198	8.67939e-10	0.0617525	137.156	153.459	93.4113
hesperium	sapellonis	multiplex	0.194237	4.8107	1.50402e-06	0.0480131	136.726	141.738	95.6322
hesperium	multiplex	scaposum	0.115186	3.17009	0.00152393	0.0346964	138.718	148.344	117.699
hesperium	scopulorum	multiplex	0.174303	4.1288	3.64662e-05	0.0457782	129.722	133.794	94.0754
hesperium	stachydeum	multiplex	0.0468301	1.0811	0.279653	0.0130965	124.101	125.896	114.632
hesperium	multiplex	trolliifolium	0.204108	5.32051	1.03474e-07	0.0518356	267.931	160.128	105.842
multiplex	viridescens	hesperium	0.135604	3.29195	0.00099496	0.011464	523.576	87.9974	66.9816
xantholeucum	multiplex	hesperium	0.180924	4.76904	1.85109e-06	0.0225968	270.282	137.461	95.3411
novomexicanum	hesperium	nudicaule	0.136395	2.9867	0.00282007	0.0325384	321.254	118.827	90.303
hesperium	novomexicanum	nuttallianum-14	0.204697	4.26545	1.99498e-05	0.0374623	149.445	105.036	69.3411
hesperium	novomexicanum	nuttallianum-7_9	0.229573	5.07719	3.83058e-07	0.0600445	176.665	113.525	71.1324
occidentale	novomexicanum	hesperium	0.0946078	1.90995	0.0561392	0.0075873	162.163	79.3225	65.6107
parryi	hesperium	novomexicanum	0.0456787	0.995544	0.319472	0.0136556	215.233	104.167	95.066
novomexicanum	hesperium	patens	0.0617452	1.19193	0.233289	0.0117797	523.99	62.2743	55.0313
novomexicanum	ramosum-1_5	hesperium	0.0463534	0.883116	0.377173	0.00262873	268.153	55.3166	50.4155
ramosum-3	novomexicanum	hesperium	0.0212366	0.352712	0.724304	0.00111661	342.585	48.0885	46.0885
novomexicanum	ramosum-4_10	hesperium	0.0285656	0.55112	0.581551	0.00177765	228.481	59.3617	56.0645
novomexicanum	sapellonis	hesperium	0.00911719	0.171369	0.863934	0.000375979	456.635	39.3924	38.6806
hesperium	novomexicanum	scaposum	0.170608	3.7023	0.000213657	0.0401756	129.133	112.921	80.0061
scopulorum	novomexicanum	hesperium	0.015578	0.291248	0.770862	0.00106291	230.462	59.1944	57.3785
hesperium	novomexicanum	stachydeum	0.239802	4.78754	1.68841e-06	0.0389057	104.412	125.707	77.0787
hesperium	novomexicanum	trolliifolium	0.202301	4.34041	1.42218e-05	0.0372108	259.278	107.771	71.5035
hesperium	novomexicanum	viridescens	0.249591	5.22563	1.73566e-07	0.0386793	97.4063	127.198	76.3854
hesperium	novomexicanum	xantholeucum	0.252792	5.51953	3.39899e-08	0.0501043	147.87	121.405	72.41
nuttallianum-14	hesperium	nudicaule	0.13708	3.15633	0.00159768	0.0424974	244.833	133.167	101.059
nuttallianum-7_9	hesperium	nudicaule	0.105938	2.76646	0.00566688	0.0367971	242.357	152.886	123.596
occidentale	hesperium	nudicaule	0.106255	2.38968	0.0168631	0.0264217	325.892	119.351	96.4236
parryi	hesperium	nudicaule	0.0268045	0.633835	0.526189	0.0071544	437.337	108.67	102.997
hesperium	nudicaule	patens	0.361881	10.5985	2.3e-16	0.157175	356.637	182.123	85.3351
ramosum-1_5	hesperium	nudicaule	0.0928245	2.06286	0.0391257	0.021994	341.558	114.674	95.1936
ramosum-3	hesperium	nudicaule	0.10225	2.11702	0.0342585	0.0244964	321.128	109.222	88.9583
ramosum-4_10	hesperium	nudicaule	0.081934	1.84859	0.0645167	0.0182928	336.724	107.565	91.2736
sapellonis	hesperium	nudicaule	0.100544	2.23533	0.0253959	0.023347	334.536	112.481	91.9288
scaposum	hesperium	nudicaule	0.0741526	1.75156	0.0798492	0.0206204	267.788	120.023	103.451
scopulorum	hesperium	nudicaule	0.0633854	1.38123	0.167207	0.0163313	311.689	109.863	96.7656
stachydeum	hesperium	nudicaule	0.0416425	0.891061	0.372896	0.0113555	287.183	111.347	102.444
hesperium	trolliifolium	nudicaule	0.0727996	1.93239	0.0533117	0.0338284	176.476	190.958	165.042
viridescens	hesperium	nudicaule	0.0910359	2.00733	0.044715	0.0260563	286.722	124.924	104.076
xantholeucum	hesperium	nudicaule	0.0961384	2.27755	0.0227533	0.030387	262.53	135.167	111.457
nuttallianum-7_9	nuttallianum-14	hesperium	0.118053	3.01062	0.00260717	0.0120359	337.529	95.9735	75.7062
hesperium	occidentale	nuttallianum-14	0.213472	4.61134	4.00076e-06	0.0420855	140.105	114.331	74.105
hesperium	parryi	nuttallianum-14	0.0238969	0.526366	0.598634	0.00480675	278.146	92.9826	88.6424
nuttallianum-14	hesperium	patens	0.00138804	0.0294996	0.976466	0.000386926	439.122	76.4028	76.191
hesperium	ramosum-1_5	nuttallianum-14	0.221736	4.82505	1.39967e-06	0.0402014	149.234	104.64	66.6571
hesperium	ramosum-3	nuttallianum-14	0.231502	4.61383	3.95314e-06	0.0416792	139.422	100.814	62.9115
hesperium	ramosum-4_10	nuttallianum-14	0.256324	5.50954	3.59774e-08	0.0484496	146.077	114.963	68.0517
hesperium	sapellonis	nuttallianum-14	0.220491	4.71106	2.46434e-06	0.0406524	143.345	107.348	68.5616
nuttallianum-14	hesperium	scaposum	0.0107295	0.265974	0.790259	0.00375104	98.9378	128.054	125.335
hesperium	scopulorum	nuttallianum-14	0.170778	3.6639	0.000248399	0.0330444	145.909	103.131	73.0443
hesperium	stachydeum	nuttallianum-14	0.0356177	0.710232	0.47756	0.00755465	125.689	93.4873	87.0567
hesperium	nuttallianum-14	trolliifolium	0.255439	6.20189	5.57876e-10	0.0747381	200.495	163.87	97.1863
nuttallianum-14	viridescens	hesperium	0.265027	5.65086	1.59646e-08	0.0310303	196.227	114.946	66.783
nuttallianum-14	xantholeucum	hesperium	0.0695948	1.59002	0.111831	0.00655248	430.159	85.6629	74.5153
hesperium	occidentale	nuttallianum-7_9	0.25535	6.20139	5.59665e-10	0.0735097	170.896	130.074	77.1577
parryi	hesperium	nuttallianum-7_9	0.00421371	0.101445	0.919198	0.00115689	309.34	91.4389	90.6716
hesperium	nuttallianum-7_9	patens	0.0294309	0.713816	0.475341	0.00864758	428.214	87.8698	82.8455
hesperium	ramosum-1_5	nuttallianum-7_9	0.246515	5.78526	7.24003e-09	0.0629856	174.104	114.861	69.4303
hesperium	ramosum-3	nuttallianum-7_9	0.2974	6.54738	5.85539e-11	0.0815422	169.455	119.915	64.9392
hesperium	ramosum-4_10	nuttallianum-7_9	0.217344	5.05348	4.33833e-07	0.0563568	177.928	114.41	73.5566
hesperium	sapellonis	nuttallianum-7_9	0.22664	5.23149	1.68145e-07	0.0608107	182.876	117.52	74.0929
nuttallianum-7_9	hesperium	scaposum	0.0340039	0.919383	0.357895	0.0125451	103.231	152.015	142.017
hesperium	scopulorum	nuttallianum-7_9	0.161	3.60934	0.000306976	0.0435175	169.935	104.468	75.4944
hesperium	stachydeum	nuttallianum-7_9	0.0807497	1.71207	0.0868836	0.0240528	158.428	102.076	86.8223
hesperium	nuttallianum-7_9	trolliifolium	0.262289	6.96261	3.34019e-12	0.0783931	199.751	178.81	104.501
nuttallianum-7_9	viridescens	hesperium	0.351182	8.50629	2.3e-16	0.0441919	181.578	142.041	68.206
nuttallianum-7_9	xantholeucum	hesperium	0.127738	3.25676	0.00112692	0.0150517	291.704	116.74	90.2941
parryi	hesperium	occidentale	0.0079215	0.180058	0.857107	0.0022943	226.797	100.731	99.1473
occidentale	hesperium	patens	0.0562687	1.16743	0.243037	0.0118298	552.384	69.2865	61.9045
occidentale	ramosum-1_5	hesperium	0.110463	2.24686	0.0246488	0.00807177	179.34	75.021	60.0956
occidentale	ramosum-3	hesperium	0.146461	2.69856	0.00696395	0.0110307	168.972	76.8507	57.2153
occidentale	ramosum-4_10	hesperium	0.109768	2.27566	0.0228664	0.00859621	174.844	81.5934	65.4524
occidentale	sapellonis	hesperium	0.0965347	1.93831	0.052586	0.00750713	169.035	78.724	64.8628
hesperium	occidentale	scaposum	0.179801	4.25537	2.08707e-05	0.0471284	124.78	126.313	87.8128
occidentale	scopulorum	hesperium	0.119391	2.3553	0.018508	0.00998815	155.02	79.9716	62.9126
hesperium	occidentale	stachydeum	0.188125	3.98231	6.82478e-05	0.0335059	101.946	133.922	91.5122
hesperium	occidentale	trolliifolium	0.17406	3.89834	9.68537e-05	0.0329502	274.351	108.567	76.3756
hesperium	occidentale	viridescens	0.259209	5.69668	1.22164e-08	0.0438211	97.8594	143.856	84.6302
hesperium	occidentale	xantholeucum	0.262388	5.99076	2.08861e-09	0.0558894	141.927	131.179	76.6476
parryi	hesperium	patens	0.0923334	1.963	0.0496461	0.0221296	674.073	77.2257	64.1701
parryi	hesperium	ramosum-1_5	0.0775717	1.75214	0.0797494	0.0278772	219.997	108.936	93.2517
parryi	hesperium	ramosum-3	0.00214403	0.0452505	0.963908	0.000525259	203.892	90.8854	90.4965
parryi	hesperium	ramosum-4_10	0.0208873	0.470761	0.637812	0.00770677	220.874	100.433	96.3236
hesperium	parryi	sapellonis	0.0118027	0.264794	0.791168	0.00399025	215.094	99.1215	96.809
parryi	hesperium	scaposum	0.0389974	0.930914	0.351898	0.00936608	264.988	97.1811	89.886
parryi	hesperium	scopulorum	0.0195148	0.426266	0.669914	0.00523765	206.556	96.9583	93.2465
hesperium	parryi	stachydeum	0.0349899	0.730471	0.465103	0.00587381	225.558	99.5231	92.794
parryi	hesperium	trolliifolium	0.0154313	0.341679	0.732593	0.00286955	397.562	85.9097	83.2986
parryi	hesperium	viridescens	0.0620074	1.34282	0.179331	0.0102179	223.439	107.758	95.1748
hesperium	parryi	xantholeucum	0.0266192	0.606831	0.543963	0.00559193	286.146	99.5642	94.401
ramosum-1_5	hesperium	patens	0.0443089	0.905866	0.365007	0.00894764	547.341	66.0009	60.4002
ramosum-3	hesperium	patens	0.0172722	0.331685	0.740127	0.00336771	524.826	59.3056	57.2917
ramosum-4_10	hesperium	patens	0.0971778	2.01356	0.0440552	0.0190111	560.403	68.0601	56.0038
sapellonis	hesperium	patens	0.0751322	1.49662	0.134492	0.0148591	552.748	67.2639	57.8628
scaposum	hesperium	patens	0.00912445	0.199776	0.841656	0.00215538	445.497	70.2743	69.0035
scopulorum	hesperium	patens	0.144883	2.83149	0.00463323	0.027642	523.137	65.1649	48.6719
hesperium	stachydeum	patens	0.0133844	0.258522	0.796004	0.00321866	475.119	69.5359	67.6991
hesperium	trolliifolium	patens	0.136866	3.36416	0.000767781	0.0532381	357.222	128.576	97.6181
hesperium	viridescens	patens	0.0234879	0.4666	0.640786	0.00557143	480.778	70.5069	67.2708
xantholeucum	hesperium	patens	0.0531551	1.1496	0.25031	0.0139632	443.488	80.8166	72.6586
ramosum-3	ramosum-1_5	hesperium	0.0524227	0.925734	0.354584	0.0030223	268.97	54.7726	49.316
ramosum-4_10	ramosum-1_5	hesperium	0.0205818	0.41076	0.681249	0.00115769	245.48	54.5367	52.337
sapellonis	ramosum-1_5	hesperium	0.0465909	0.916385	0.359465	0.00258321	282.128	54.696	49.8262
hesperium	ramosum-1_5	scaposum	0.251781	5.87894	4.12909e-09	0.0611595	133.633	127.383	76.1395
scopulorum	ramosum-1_5	hesperium	0.121732	2.29435	0.0217706	0.00832964	212.451	67.0868	52.526
hesperium	ramosum-1_5	stachydeum	0.260325	5.45143	4.99663e-08	0.0427286	113.705	132.927	78.0139
hesperium	ramosum-1_5	trolliifolium	0.200877	4.43487	9.2129e-06	0.0362264	271.256	107.565	71.5793
hesperium	ramosum-1_5	viridescens	0.325935	6.98834	2.78162e-12	0.0475275	107.958	129.858	66.0156
hesperium	ramosum-1_5	xantholeucum	0.293623	6.71089	1.93445e-11	0.0559224	151.088	123.288	67.3206
ramosum-4_10	ramosum-3	hesperium	0.0397086	0.695511	0.486735	0.00225891	240.844	53.5215	49.4333
ramosum-3	sapellonis	hesperium	0.039679	0.663893	0.506759	0.00202238	350.905	48.3559	44.6649
hesperium	ramosum-3	scaposum	0.201458	4.22429	2.39696e-05	0.0476443	125.749	113.084	75.1609
ramosum-3	scopulorum	hesperium	0.0298202	0.4979	0.618554	0.00195805	219.071	55.9983	52.7552
hesperium	ramosum-3	stachydeum	0.258532	5.11469	3.14261e-07	0.0452005	104.409	133.464	78.6308
hesperium	ramosum-3	trolliifolium	0.221489	4.54277	5.55202e-06	0.040307	264.502	105.606	67.3079
hesperium	ramosum-3	viridescens	0.344715	6.98086	2.93384e-12	0.0554072	93.3056	141.396	68.9028
hesperium	ramosum-3	xantholeucum	0.290619	6.03191	1.6203e-09	0.0569329	144.505	119.597	65.7355
sapellonis	ramosum-4_10	hesperium	0.0309925	0.607249	0.543686	0.00189534	241.75	60.0865	56.474
hesperium	ramosum-4_10	scaposum	0.198225	4.52995	5.89979e-06	0.0454682	136.38	115.22	77.098
scopulorum	ramosum-4_10	hesperium	0.0241729	0.466465	0.640883	0.00166307	224.255	62.376	59.4315
hesperium	ramosum-4_10	stachydeum	0.222307	4.66929	3.02242e-06	0.0350841	113.008	125.069	79.5749
hesperium	ramosum-4_10	trolliifolium	0.19025	4.27608	1.90216e-05	0.0339345	275.757	106.237	72.2749
hesperium	ramosum-4_10	viridescens	0.281459	6.11572	9.61207e-10	0.0443005	101.533	135.286	75.8578
hesperium	ramosum-4_10	xantholeucum	0.271505	6.1224	9.21735e-10	0.0534472	156.199	127.93	73.2959
hesperium	sapellonis	scaposum	0.210851	4.71112	2.46363e-06	0.0480055	135.446	116.698	76.0558
scopulorum	sapellonis	hesperium	0.0147325	0.284521	0.776011	0.000922226	247.102	55.604	53.9894
hesperium	sapellonis	stachydeum	0.248898	5.26706	1.38626e-07	0.0413817	106.454	132.447	79.6551
hesperium	sapellonis	trolliifolium	0.207894	4.60513	4.12211e-06	0.0368656	274.363	105.551	69.2176
hesperium	sapellonis	viridescens	0.228065	4.83022	1.36385e-06	0.0362867	107.705	130.878	82.2674
hesperium	sapellonis	xantholeucum	0.276241	6.18151	6.34919e-10	0.0545445	151.064	126.525	71.7529
hesperium	scopulorum	scaposum	0.171308	3.7964	0.000146811	0.0411499	131.595	109.797	77.6806
stachydeum	hesperium	scaposum	0.0026581	0.0565249	0.954924	0.000691514	127.463	99.5411	99.0133
hesperium	scaposum	trolliifolium	0.134478	3.18981	0.00142366	0.030386	229.826	120.823	92.1786
hesperium	viridescens	scaposum	0.210757	5.05876	4.21988e-07	0.0626356	115.502	137.806	89.8299
hesperium	xantholeucum	scaposum	0.0191395	0.482909	0.629161	0.00652565	110.474	137.326	132.168
hesperium	scopulorum	stachydeum	0.192702	3.80045	0.000144432	0.0329072	108.577	121.004	81.9034
hesperium	scopulorum	trolliifolium	0.197821	4.39288	1.11861e-05	0.03682	262.28	104.04	69.6753
hesperium	scopulorum	viridescens	0.21471	4.39858	1.08963e-05	0.0348002	105.229	120.083	77.6319
hesperium	scopulorum	xantholeucum	0.259093	5.67945	1.35131e-08	0.0519227	150.668	119.942	70.5793
hesperium	stachydeum	trolliifolium	0.225005	4.57242	4.82121e-06	0.0486157	238.529	120.626	76.3137
hesperium	stachydeum	viridescens	0.0468903	0.941774	0.346309	0.00838432	92.9039	115.043	104.737
hesperium	stachydeum	xantholeucum	0.0581878	1.18173	0.237312	0.0125495	138.637	104.694	93.1804
hesperium	viridescens	trolliifolium	0.253976	5.65606	1.54891e-08	0.0552741	241.714	125.492	74.6586
hesperium	xantholeucum	trolliifolium	0.268106	6.85977	6.89696e-12	0.0786127	212.185	177.793	102.614
xantholeucum	viridescens	hesperium	0.299143	6.73779	1.60813e-11	0.0354557	216.286	125.382	67.6406
lineapetalum	multiplex	novomexicanum	0.103641	2.64413	0.00819024	0.0302402	270.895	133.442	108.379
multiplex	lineapetalum	nudicaule	0.0373648	1.0065	0.314175	0.00771055	573.423	106.781	99.0886
nuttallianum-14	lineapetalum	multiplex	0.231594	7.37905	1.59428e-13	0.0943453	324.74	196.78	122.773
nuttallianum-7_9	lineapetalum	multiplex	0.290956	10.0997	2.3e-16	0.130984	240.826	260.345	142.992
lineapetalum	multiplex	occidentale	0.151886	4.18403	2.86384e-05	0.0470283	277.802	149.433	110.025
lineapetalum	multiplex	parryi	0.0518482	1.39571	0.162803	0.00630626	305.849	134.39	121.141
multiplex	lineapetalum	patens	0.0451392	1.11497	0.264861	0.00890499	882.812	73.8701	67.4893
lineapetalum	multiplex	ramosum-1_5	0.166617	4.35503	1.33048e-05	0.0564414	268.801	146.56	104.697
lineapetalum	multiplex	ramosum-3	0.115522	2.9135	0.00357403	0.0286622	265.842	131.738	104.453
lineapetalum	multiplex	ramosum-4_10	0.195915	5.23892	1.61516e-07	0.0688847	280.931	141.486	95.1295
lineapetalum	multiplex	sapellonis	0.11191	2.91711	0.00353296	0.0343532	280.566	134.032	107.053
lineapetalum	multiplex	scaposum	0.0611938	1.73551	0.0826511	0.0163242	283.395	134.352	118.857
lineapetalum	multiplex	scopulorum	0.160062	4.13061	3.61809e-05	0.0419471	266.417	135.808	98.3315
lineapetalum	multiplex	stachydeum	0.106505	2.64893	0.00807471	0.0175143	295.245	129.791	104.806
multiplex	lineapetalum	trolliifolium	0.0874326	2.38265	0.0171887	0.0212728	424.403	140.071	117.546
viridescens	multiplex	lineapetalum	0.137645	4.42434	9.67364e-06	0.0368358	478.676	178.722	135.475
xantholeucum	lineapetalum	multiplex	0.150098	4.96257	6.95655e-07	0.0578801	461.776	185.798	137.301
novomexicanum	lineapetalum	nudicaule	0.058952	1.3118	0.189589	0.0121246	333.667	101.042	89.7917
nuttallianum-14	lineapetalum	novomexicanum	0.110894	2.56022	0.0104607	0.0272594	354.62	97.724	78.2135
nuttallianum-7_9	lineapetalum	novomexicanum	0.225084	5.85992	4.63094e-09	0.0601697	275.475	126.379	79.9401
novomexicanum	occidentale	lineapetalum	0.0569963	1.21682	0.223671	0.0072729	190.873	86.1892	76.8941
parryi	novomexicanum	lineapetalum	0.119703	2.71711	0.00658555	0.0226347	157.563	123.876	97.3898
novomexicanum	lineapetalum	patens	0.10389	2.12712	0.0334102	0.0196213	595.299	69.8411	56.6953
novomexicanum	ramosum-1_5	lineapetalum	0.0260428	0.523255	0.600797	0.00211563	312.616	54.7198	51.9421
novomexicanum	ramosum-3	lineapetalum	0.0819742	1.44743	0.147775	0.0062732	381.031	52.8646	44.8542
ramosum-4_10	novomexicanum	lineapetalum	0.0904031	1.80139	0.0716414	0.00766099	254.742	61.2041	51.0555
sapellonis	novomexicanum	lineapetalum	0.0292987	0.567495	0.570378	0.00166583	510.695	39.0957	36.87
lineapetalum	novomexicanum	scaposum	0.0707547	1.68763	0.0914831	0.0181336	120.948	120.2	104.314
novomexicanum	scopulorum	lineapetalum	0.0330649	0.638254	0.523308	0.0030397	267.257	56.9544	53.3086
stachydeum	novomexicanum	lineapetalum	0.14225	2.80682	0.00500337	0.021512	151.029	104.723	78.6398
novomexicanum	lineapetalum	trolliifolium	0.173589	4.08978	4.31785e-05	0.0397536	246.67	132.691	93.4375
lineapetalum	viridescens	novomexicanum	0.215769	4.80765	1.52713e-06	0.0592239	197.184	126.406	81.5382
xantholeucum	lineapetalum	novomexicanum	0.0339267	0.818083	0.41331	0.00806777	495.234	91.0026	85.0304
nuttallianum-14	lineapetalum	nudicaule	0.0788161	1.90442	0.0568554	0.0144439	586.38	83.3385	71.1615
nuttallianum-7_9	lineapetalum	nudicaule	0.0056598	0.150359	0.880481	0.00118738	495.542	93.9323	92.875
occidentale	lineapetalum	nudicaule	0.0123366	0.287912	0.773414	0.00261912	355.422	97.7309	95.349
parryi	lineapetalum	nudicaule	0.0095246	0.228824	0.819006	0.00280981	309.476	126.233	123.851
lineapetalum	nudicaule	patens	0.363995	10.9423	2.3e-16	0.156345	408.568	196.401	91.5781
ramosum-1_5	lineapetalum	nudicaule	0.0307019	0.69134	0.489352	0.00622911	345.878	97.1003	91.3155
ramosum-3	lineapetalum	nudicaule	0.0649597	1.40183	0.160966	0.0126809	336.677	93.5833	82.1667
ramosum-4_10	lineapetalum	nudicaule	0.0434105	0.993816	0.320313	0.00868412	332.073	98.0549	89.8958
sapellonis	lineapetalum	nudicaule	0.0145188	0.327695	0.743143	0.00299361	342.794	96.6866	93.9193
lineapetalum	scaposum	nudicaule	0.00543501	0.130913	0.895844	0.00116884	316.87	93.6202	92.6081
lineapetalum	scopulorum	nudicaule	0.0260972	0.57475	0.565461	0.0055506	315.701	92.9714	88.2422
lineapetalum	stachydeum	nudicaule	0.00302556	0.0676667	0.946051	0.000720076	283.802	100.146	99.5417
lineapetalum	trolliifolium	nudicaule	0.132679	3.58933	0.000331523	0.0474026	251.175	173.852	133.123
viridescens	lineapetalum	nudicaule	0.0182624	0.421091	0.673689	0.00364492	430.663	91.7674	88.4757
xantholeucum	lineapetalum	nudicaule	0.0991252	2.46169	0.0138285	0.0168639	755.408	83.6528	68.5642
lineapetalum	nuttallianum-14	nuttallianum-7_9	0.18527	6.06817	1.29378e-09	0.133892	258.915	197.391	135.682
nuttallianum-14	lineapetalum	occidentale	0.0670863	1.615	0.106312	0.0169241	354.044	96.6797	84.5234
nuttallianum-14	lineapetalum	parryi	0.115173	2.83217	0.0046233	0.0119417	374.29	103.432	82.0677
nuttallianum-14	lineapetalum	patens	0.0342237	0.736881	0.461194	0.00629489	793.839	58.0781	54.2344
nuttallianum-14	lineapetalum	ramosum-1_5	0.0754706	1.74309	0.0813178	0.0214183	353.106	93.0716	80.0091
nuttallianum-14	lineapetalum	ramosum-3	0.128765	2.9068	0.00365141	0.0272309	343.208	98.5729	76.0833
nuttallianum-14	lineapetalum	ramosum-4_10	0.0396393	0.946862	0.343709	0.0121239	364.398	90.3755	83.4839
nuttallianum-14	lineapetalum	sapellonis	0.0771337	1.82717	0.0676741	0.0209912	347.385	95.2786	81.6328
nuttallianum-14	lineapetalum	scaposum	0.0338522	0.867538	0.385647	0.00825179	357.97	99.7326	93.2014
nuttallianum-14	lineapetalum	scopulorum	0.0723694	1.70206	0.0887432	0.0165386	356.61	94.7734	81.9818
nuttallianum-14	lineapetalum	stachydeum	0.101597	2.22596	0.0260171	0.0131734	359.771	85.5	69.7292
lineapetalum	nuttallianum-14	trolliifolium	0.0136034	0.341203	0.73295	0.00294562	474.934	101.288	98.5694
nuttallianum-14	lineapetalum	viridescens	0.0572673	1.43539	0.151176	0.0122384	278.166	130.676	116.52
lineapetalum	xantholeucum	nuttallianum-14	0.152607	5.13633	2.80154e-07	0.0828337	307.496	226.642	166.626
nuttallianum-7_9	lineapetalum	occidentale	0.1211	3.23956	0.00119714	0.034918	268.82	124.954	97.9588
nuttallianum-7_9	lineapetalum	parryi	0.189424	5.06742	4.03253e-07	0.0226625	297.069	135.324	92.2214
lineapetalum	nuttallianum-7_9	patens	0.0271329	0.685539	0.493004	0.00548507	712.959	67.1675	63.6189
nuttallianum-7_9	lineapetalum	ramosum-1_5	0.180531	4.71772	2.38504e-06	0.0568372	277.326	127.526	88.5226
nuttallianum-7_9	lineapetalum	ramosum-3	0.146287	3.65776	0.000254431	0.0356334	258.836	120.987	90.1068
nuttallianum-7_9	lineapetalum	ramosum-4_10	0.157382	4.09142	4.28745e-05	0.0523498	282.511	120.176	87.4925
nuttallianum-7_9	lineapetalum	sapellonis	0.181416	4.71963	2.36278e-06	0.0559291	271.24	129.78	89.9227
nuttallianum-7_9	lineapetalum	scaposum	0.122314	3.56336	0.000366135	0.0329646	280.959	131.47	102.814
nuttallianum-7_9	lineapetalum	scopulorum	0.181566	4.68795	2.75961e-06	0.0441924	270.319	120.42	83.411
nuttallianum-7_9	lineapetalum	stachydeum	0.126861	3.17158	0.00151613	0.0190544	277.448	107.432	83.2431
nuttallianum-7_9	lineapetalum	trolliifolium	0.0135793	0.392648	0.69458	0.00335489	382.768	120.126	116.907
nuttallianum-7_9	lineapetalum	viridescens	0.228328	6.6153	3.70798e-11	0.0523777	208.168	177.197	111.32
xantholeucum	lineapetalum	nuttallianum-7_9	0.051856	1.65675	0.0975705	0.0300634	422.862	153.082	137.988
parryi	occidentale	lineapetalum	0.164407	3.87109	0.000108351	0.0328731	148.916	137.666	98.7907
occidentale	lineapetalum	patens	0.0741648	1.56991	0.116436	0.0145955	616.284	71.5373	61.6589
ramosum-1_5	occidentale	lineapetalum	0.00836784	0.187675	0.851131	0.000965328	219.158	76.1526	74.8887
ramosum-3	occidentale	lineapetalum	0.0513967	1.04109	0.297835	0.00655383	201.521	84.4896	76.2292
ramosum-4_10	occidentale	lineapetalum	0.106261	2.35479	0.0185331	0.011574	208.219	80.1307	64.737
sapellonis	occidentale	lineapetalum	0.0458283	0.984248	0.324993	0.00576776	204.221	85.8149	78.2941
lineapetalum	occidentale	scaposum	0.0984825	2.49429	0.0126208	0.0283045	127.644	137.954	113.218
scopulorum	occidentale	lineapetalum	0.0788983	1.71473	0.0863945	0.00986663	198.101	81.2638	69.3784
stachydeum	occidentale	lineapetalum	0.207129	4.40386	1.06342e-05	0.0345088	157.253	125.108	82.1736
occidentale	lineapetalum	trolliifolium	0.173178	4.31267	1.61297e-05	0.0403973	261.326	138.875	97.875
lineapetalum	viridescens	occidentale	0.214797	4.94673	7.54707e-07	0.0672172	193.674	142.744	92.2648
lineapetalum	xantholeucum	occidentale	0.0424839	1.09708	0.272605	0.0109921	502.612	98.9414	90.8772
parryi	lineapetalum	patens	0.102575	2.35372	0.0185868	0.0280136	540.731	95.8073	77.9809
parryi	ramosum-1_5	lineapetalum	0.142053	3.27844	0.00104382	0.0259715	154.467	122.981	92.3872
parryi	ramosum-3	lineapetalum	0.166176	3.59556	0.000323695	0.0315403	148.939	127.245	90.9809
parryi	ramosum-4_10	lineapetalum	0.139185	3.20439	0.00135348	0.0255808	156.355	125.396	94.7542
parryi	sapellonis	lineapetalum	0.132693	3.05063	0.00228359	0.0243269	161.735	123.197	94.332
parryi	lineapetalum	scaposum	0.103725	2.64453	0.00818054	0.0347408	123.957	149.563	121.452
parryi	scopulorum	lineapetalum	0.126074	2.83355	0.00460345	0.0232538	154.362	114.532	88.8864
parryi	stachydeum	lineapetalum	0.0252741	0.551752	0.581118	0.00545512	133.101	120.149	114.226
parryi	lineapetalum	trolliifolium	0.285599	7.20548	5.78383e-13	0.0803486	242.323	171.038	95.0451
lineapetalum	viridescens	parryi	0.14045	3.23597	0.00121229	0.0162494	232.45	127.241	95.901
xantholeucum	lineapetalum	parryi	0.0319916	0.788869	0.430189	0.00325392	500.53	98.4826	92.3767
ramosum-1_5	lineapetalum	patens	0.0788088	1.63757	0.101511	0.0151772	597.98	70.536	60.2305
ramosum-3	lineapetalum	patens	0.0588726	1.1642	0.244342	0.0111688	569.677	66.1354	58.7812
ramosum-4_10	lineapetalum	patens	0.134584	2.83801	0.00453959	0.025376	599.74	73.6278	56.1604
sapellonis	lineapetalum	patens	0.0989212	2.05807	0.0395835	0.018526	591.349	70.8299	58.0781
scaposum	lineapetalum	patens	0.0373518	0.845384	0.397896	0.00791513	521.366	69.7205	64.6997
scopulorum	lineapetalum	patens	0.159456	3.20764	0.00133828	0.02996	546.805	70.5547	51.1484
stachydeum	lineapetalum	patens	0.0613367	1.2224	0.221556	0.0130495	498.208	70.3854	62.25
lineapetalum	trolliifolium	patens	0.121215	3.04342	0.00233902	0.0397176	459.898	116.168	91.0503
viridescens	lineapetalum	patens	0.0161438	0.325874	0.744519	0.00297386	650.811	59.6649	57.7691
xantholeucum	lineapetalum	patens	0.116049	2.58047	0.00986647	0.0189097	993.313	59.8811	47.428
ramosum-1_5	ramosum-3	lineapetalum	0.00447618	0.0835799	0.93339	0.000380363	307.889	54.1532	53.6706
ramosum-4_10	ramosum-1_5	lineapetalum	0.124763	2.59588	0.00943481	0.00897076	280.194	54.2569	42.2201
sapellonis	ramosum-1_5	lineapetalum	0.0565156	1.15794	0.246889	0.00437383	326.91	53.681	47.9379
lineapetalum	ramosum-1_5	scaposum	0.159703	3.95566	7.63248e-05	0.0421655	117.09	135.569	98.2309
scopulorum	ramosum-1_5	lineapetalum	0.0656664	1.32669	0.184612	0.00645285	261.555	64.3223	56.3952
stachydeum	ramosum-1_5	lineapetalum	0.190733	3.92981	8.5012e-05	0.0292629	152.295	113.402	77.0725
ramosum-1_5	lineapetalum	trolliifolium	0.181154	4.29331	1.76032e-05	0.0406125	255.964	131.863	91.4154
lineapetalum	viridescens	ramosum-1_5	0.218742	4.91137	9.04435e-07	0.0770567	192.83	141.563	90.747
lineapetalum	xantholeucum	ramosum-1_5	0.056626	1.39512	0.162979	0.0162152	494.151	98.0122	87.5069
ramosum-4_10	ramosum-3	lineapetalum	0.123716	2.31714	0.0204963	0.00960569	262.2	55.5611	43.3271
sapellonis	ramosum-3	lineapetalum	0.0548755	0.972458	0.330823	0.00436688	395.654	53.9314	48.3203
lineapetalum	ramosum-3	scaposum	0.129671	3.01383	0.0025797	0.0338613	122.044	126.775	97.671
scopulorum	ramosum-3	lineapetalum	0.0751534	1.3548	0.175483	0.00679783	256.435	57.3238	49.3099
stachydeum	ramosum-3	lineapetalum	0.171691	3.15274	0.00161747	0.0258503	153.184	103.788	73.3715
ramosum-3	lineapetalum	trolliifolium	0.147827	3.37759	0.000731235	0.0330364	251.314	123.668	91.8142
lineapetalum	viridescens	ramosum-3	0.255437	5.56887	2.56396e-08	0.0626775	180.148	132.189	78.3976
xantholeucum	lineapetalum	ramosum-3	0.0495181	1.1622	0.245152	0.0104584	473.091	92.8186	84.0599
ramosum-4_10	sapellonis	lineapetalum	0.031613	0.650546	0.51534	0.00258624	270.635	56.4271	52.9687
lineapetalum	ramosum-4_10	scaposum	0.0889985	2.22792	0.0258856	0.0240879	112.494	129.391	108.242
scopulorum	ramosum-4_10	lineapetalum	0.00409882	0.0816068	0.934959	0.000357376	261.052	54.7786	54.3314
stachydeum	ramosum-4_10	lineapetalum	0.0999448	1.99666	0.0458623	0.0148856	151.904	100.972	82.6226
ramosum-4_10	lineapetalum	trolliifolium	0.193063	4.65584	3.22667e-06	0.0442492	244.24	137.54	93.0264
lineapetalum	viridescens	ramosum-4_10	0.273016	6.19748	5.73754e-10	0.0996888	196.342	139.372	79.5913
lineapetalum	xantholeucum	ramosum-4_10	0.0332025	0.823802	0.410052	0.00970951	511.926	91.0641	85.2113
lineapetalum	sapellonis	scaposum	0.107398	2.63726	0.00835776	0.0277705	125.256	128.683	103.723
scopulorum	sapellonis	lineapetalum	0.000647633	0.0131995	0.989469	6.21253e-05	290.852	59.0137	58.9373
stachydeum	sapellonis	lineapetalum	0.157816	3.13154	0.00173894	0.0241835	159.23	109.296	79.5009
sapellonis	lineapetalum	trolliifolium	0.177396	4.26114	2.03385e-05	0.0413263	260.6	135.346	94.5616
lineapetalum	viridescens	sapellonis	0.192116	4.4183	9.94782e-06	0.0620504	200.175	136.45	92.4705
lineapetalum	xantholeucum	sapellonis	0.0221645	0.549415	0.582721	0.00598802	493.861	93.6753	89.6128
lineapetalum	scopulorum	scaposum	0.0946829	2.29056	0.0219888	0.0268006	118.787	129.596	107.178
stachydeum	lineapetalum	scaposum	0.0748407	1.72118	0.0852178	0.0216426	115.843	130.178	112.049
scaposum	lineapetalum	trolliifolium	0.186203	4.80608	1.53922e-06	0.0481995	239.566	146.626	100.593
lineapetalum	viridescens	scaposum	0.188841	4.70553	2.53202e-06	0.0466094	205.491	122.444	83.5451
xantholeucum	lineapetalum	scaposum	0.00195145	0.0511227	0.959228	0.000419822	506.087	91.8131	91.4554
stachydeum	scopulorum	lineapetalum	0.111905	2.19824	0.0279322	0.017519	149.484	99.6719	79.6094
scopulorum	lineapetalum	trolliifolium	0.137996	3.23443	0.00121887	0.0328081	236.338	127.192	96.3446
lineapetalum	viridescens	scopulorum	0.237074	5.32036	1.0356e-07	0.0636524	181.369	135.227	83.3967
lineapetalum	xantholeucum	scopulorum	0.0511423	1.28284	0.19955	0.0119192	489.581	99.7513	90.0447
stachydeum	lineapetalum	trolliifolium	0.166241	3.78778	0.000151999	0.042746	214.043	136.995	97.9392
lineapetalum	viridescens	stachydeum	0.170382	3.52134	0.000429376	0.0271839	212.524	119.948	85.0243
xantholeucum	lineapetalum	stachydeum	0.0606217	1.39507	0.162996	0.00805496	500.221	88.7089	78.5683
viridescens	lineapetalum	trolliifolium	0.094197	2.22924	0.0257977	0.0203455	327.811	110.352	91.3524
lineapetalum	xantholeucum	trolliifolium	0.042569	1.10515	0.269094	0.00861368	620.775	100.963	92.7179
lineapetalum	xantholeucum	viridescens	0.00319044	0.0839137	0.933125	0.000658682	405.002	127.467	126.656
multiplex	novomexicanum	nudicaule	0.00160901	0.0390463	0.968853	0.000299409	386.313	93.8402	93.5387
nuttallianum-14	multiplex	novomexicanum	0.220562	5.56091	2.68374e-08	0.066112	182.982	138.36	88.3553
nuttallianum-7_9	multiplex	novomexicanum	0.301018	8.32927	2.3e-16	0.0939759	188.895	165.67	89.0075
novomexicanum	occidentale	multiplex	0.0531857	1.26893	0.204466	0.00980958	174.881	94.4603	84.9199
parryi	novomexicanum	multiplex	0.209362	5.0344	4.79356e-07	0.0546975	138.221	145.061	94.8358
novomexicanum	multiplex	patens	0.102008	2.24412	0.0248246	0.0172866	658.012	67.6803	55.1505
novomexicanum	ramosum-1_5	multiplex	0.109097	2.45537	0.014074	0.012993	311.032	67.9878	54.6125
novomexicanum	ramosum-3	multiplex	0.10022	1.97073	0.0487551	0.010896	378.963	58.9111	48.1786
novomexicanum	ramosum-4_10	multiplex	0.0480486	1.11131	0.266434	0.00635584	241.55	70.7853	64.2949
novomexicanum	sapellonis	multiplex	0.0412381	0.916346	0.359485	0.00349306	524.2	46.1621	42.5056
novomexicanum	multiplex	scaposum	0.0127418	0.339876	0.73395	0.00308648	136.584	114.013	111.144
novomexicanum	scopulorum	multiplex	0.0281413	0.596566	0.550797	0.00367587	261.662	62.6899	59.2581
stachydeum	novomexicanum	multiplex	0.177503	3.87582	0.000106266	0.038058	130.273	119.747	83.6445
novomexicanum	multiplex	trolliifolium	0.113367	2.83354	0.0046036	0.0226753	280.545	116.567	92.8288
multiplex	viridescens	novomexicanum	0.128808	3.13824	0.00169965	0.0257887	501.001	86.7864	66.9801
xantholeucum	multiplex	novomexicanum	0.153624	4.01257	6.00615e-05	0.0451022	212.407	133.892	98.2321
nuttallianum-14	multiplex	nudicaule	0.0121793	0.311912	0.755108	0.00249451	420.59	92.4367	90.2122
nuttallianum-7_9	multiplex	nudicaule	0.00999378	0.28023	0.779301	0.00213467	426.518	104.434	102.367
multiplex	occidentale	nudicaule	0.00412991	0.105161	0.916248	0.000809846	414.524	98.0444	97.2379
multiplex	parryi	nudicaule	0.0205673	0.541399	0.588233	0.00589021	338.012	133.676	128.289
multiplex	nudicaule	patens	0.389045	11.8656	2.3e-16	0.16493	431.111	217.298	95.576
ramosum-1_5	multiplex	nudicaule	0.00776903	0.189617	0.84961	0.00141465	407.113	92.8087	91.3777
ramosum-3	multiplex	nudicaule	0.0192703	0.45488	0.649196	0.00348952	385.199	88.9419	85.5789
multiplex	ramosum-4_10	nudicaule	0.0028348	0.0715777	0.942938	0.000527619	403.667	95.1694	94.6313
sapellonis	multiplex	nudicaule	0.0107157	0.259104	0.795555	0.00203309	393.995	96.303	94.261
multiplex	scaposum	nudicaule	0.0215939	0.548054	0.583655	0.00463335	366.287	104.361	99.9493
multiplex	scopulorum	nudicaule	0.038606	0.938043	0.348222	0.00728891	363.963	92.174	85.3216
multiplex	stachydeum	nudicaule	0.0234103	0.573531	0.566285	0.00528733	332.062	105.523	100.695
multiplex	trolliifolium	nudicaule	0.182461	5.39545	6.83527e-08	0.0651131	252.776	198.274	137.084
multiplex	viridescens	nudicaule	0.0428459	1.04094	0.297904	0.00588277	797.79	68.7337	63.0858
xantholeucum	multiplex	nudicaule	0.0394876	1.06554	0.286632	0.00812807	473.69	99.8707	92.283
nuttallianum-7_9	nuttallianum-14	multiplex	0.137259	4.58588	4.52081e-06	0.0451822	289.419	157.434	119.431
nuttallianum-14	multiplex	occidentale	0.158255	4.19083	2.77933e-05	0.0484403	186.779	135.414	98.4101
nuttallianum-14	multiplex	parryi	0.137858	3.59398	0.000325671	0.0163842	232.825	126.781	96.0606
multiplex	nuttallianum-14	patens	0.00780998	0.181845	0.855704	0.00153388	636.914	62.5535	61.584
nuttallianum-14	multiplex	ramosum-1_5	0.195381	4.97468	6.53546e-07	0.0690078	179.103	137.827	92.7725
nuttallianum-14	multiplex	ramosum-3	0.211511	5.13706	2.79074e-07	0.0529992	178.628	130.519	84.946
nuttallianum-14	multiplex	ramosum-4_10	0.163247	4.27613	1.90167e-05	0.0619321	187.101	132.988	95.6614
nuttallianum-14	multiplex	sapellonis	0.127688	3.2026	0.00136192	0.0421697	182.019	126.236	97.6488
nuttallianum-14	multiplex	scaposum	0.101313	2.84766	0.00440424	0.0294617	208.846	137.384	112.107
nuttallianum-14	multiplex	scopulorum	0.190673	4.89196	9.98385e-07	0.0490205	182.536	125.302	85.1703
nuttallianum-14	multiplex	stachydeum	0.162716	3.85939	0.000113671	0.0262439	200.33	118.999	85.6926
multiplex	nuttallianum-14	trolliifolium	0.129632	3.49948	0.00046617	0.0309312	319.862	132.149	101.82
multiplex	viridescens	nuttallianum-14	0.0902148	2.43434	0.0149191	0.021948	418.976	119.756	99.9361
nuttallianum-14	xantholeucum	multiplex	0.0913027	2.84576	0.00443056	0.0290084	385.473	141.737	118.02
nuttallianum-7_9	multiplex	occidentale	0.232113	6.70816	1.97097e-11	0.0754237	191.419	168.315	104.899
nuttallianum-7_9	multiplex	parryi	0.21556	6.26235	3.79207e-10	0.0258964	229.66	147.325	95.0736
multiplex	nuttallianum-7_9	patens	0.0958261	2.49071	0.0127489	0.0213111	652.854	84.2633	69.5263
nuttallianum-7_9	multiplex	ramosum-1_5	0.28843	8.05953	7.6588e-16	0.10279	188.106	168.2	92.893
nuttallianum-7_9	multiplex	ramosum-3	0.242354	6.54233	6.05664e-11	0.0667168	174.446	158.13	96.435
nuttallianum-7_9	multiplex	ramosum-4_10	0.261787	7.50189	6.29018e-14	0.0993112	196.845	163.691	95.7681
nuttallianum-7_9	multiplex	sapellonis	0.263792	7.33042	2.29436e-13	0.0898754	191.895	165.12	96.1887
nuttallianum-7_9	multiplex	scaposum	0.147813	4.64385	3.41976e-06	0.0445749	215.961	164.795	122.351
nuttallianum-7_9	multiplex	scopulorum	0.281138	7.7908	6.65841e-15	0.075213	184.743	153.398	86.0738
nuttallianum-7_9	multiplex	stachydeum	0.195371	5.24127	1.59475e-07	0.0339009	205.568	142.185	95.7079
multiplex	nuttallianum-7_9	trolliifolium	0.073451	2.185	0.0288887	0.0193031	314.799	146.209	126.2
viridescens	multiplex	nuttallianum-7_9	0.00187185	0.0555858	0.955672	0.00062603	497.096	102.061	101.68
nuttallianum-7_9	xantholeucum	multiplex	0.148125	4.96573	6.84442e-07	0.0594489	231.37	205.585	152.538
parryi	occidentale	multiplex	0.262365	6.78754	1.14059e-11	0.0735836	132.904	163.153	95.3351
occidentale	multiplex	patens	0.0726426	1.66043	0.0968272	0.01291	719.264	69.2504	59.8707
ramosum-1_5	occidentale	multiplex	0.0111557	0.272844	0.784973	0.00195604	189.672	88.2053	86.259
ramosum-3	occidentale	multiplex	0.0430806	0.98816	0.323074	0.00767274	182.603	89.3736	81.9911
ramosum-4_10	occidentale	multiplex	0.0677237	1.70677	0.0878643	0.0114864	186.602	91.8675	80.2135
sapellonis	occidentale	multiplex	0.0523559	1.26059	0.207455	0.00937503	187.884	94.4868	85.0852
multiplex	occidentale	scaposum	0.0219492	0.602209	0.547035	0.00577955	153.22	126.62	121.181
scopulorum	occidentale	multiplex	0.105329	2.55423	0.0106422	0.0191077	173.173	92.4815	74.856
stachydeum	occidentale	multiplex	0.226923	5.41996	5.96129e-08	0.0536534	141.46	140.137	88.2997
occidentale	multiplex	trolliifolium	0.111491	2.89804	0.00375502	0.0234832	305.896	125.989	100.714
multiplex	viridescens	occidentale	0.109895	2.81692	0.00484862	0.0258277	510.364	99.6559	79.9212
xantholeucum	multiplex	occidentale	0.141453	3.9492	7.84121e-05	0.0444756	214.218	140.099	105.376
parryi	multiplex	patens	0.0657658	1.61728	0.105817	0.0180385	569.567	96.4013	84.5039
parryi	ramosum-1_5	multiplex	0.254863	6.39085	1.64969e-10	0.0649629	134.843	150.217	89.1989
parryi	ramosum-3	multiplex	0.230496	5.33558	9.52396e-08	0.058028	128.72	136.629	85.4425
parryi	ramosum-4_10	multiplex	0.234308	5.87275	4.28631e-09	0.058578	140.09	147.521	91.5135
parryi	sapellonis	multiplex	0.189351	4.67427	2.94998e-06	0.0460548	143.309	134.517	91.6858
parryi	multiplex	scaposum	0.151275	4.18519	2.84933e-05	0.0485126	135.277	162.621	119.885
parryi	scopulorum	multiplex	0.17808	4.21084	2.54418e-05	0.0442918	133.501	126.483	88.244
parryi	stachydeum	multiplex	0.0933614	2.1709	0.0299389	0.0265726	124.801	131.978	109.439
parryi	multiplex	trolliifolium	0.23388	6.22681	4.76036e-10	0.0615113	259.342	164.32	102.027
multiplex	viridescens	parryi	0.0816115	2.0204	0.0433416	0.00645504	518.412	85.1828	72.3281
xantholeucum	multiplex	parryi	0.0840467	2.26521	0.0235001	0.00985106	271.887	125.749	106.25
ramosum-1_5	multiplex	patens	0.106291	2.41896	0.0155651	0.0181027	677.013	69.077	55.8034
ramosum-3	multiplex	patens	0.0223521	0.477371	0.633098	0.00373679	651.352	60.1783	57.5469
ramosum-4_10	multiplex	patens	0.11744	2.75477	0.00587326	0.0198765	687.036	69.8969	55.205
sapellonis	multiplex	patens	0.0483531	1.09088	0.275327	0.00837292	661.098	66.4088	60.2829
scaposum	multiplex	patens	0.0344076	0.829679	0.40672	0.00674293	609.228	68.7775	64.202
scopulorum	multiplex	patens	0.139549	3.04219	0.00234866	0.0242081	621.63	67.2913	50.8104
stachydeum	multiplex	patens	0.016709	0.369991	0.711389	0.00355221	577.477	73.2489	70.8413
multiplex	trolliifolium	patens	0.170266	4.57068	4.8614e-06	0.0552578	465.85	129.143	91.5642
multiplex	viridescens	patens	0.0689706	1.49433	0.13509	0.00905586	1007.64	48.3564	42.1164
xantholeucum	multiplex	patens	0.0569696	1.36688	0.171664	0.0110199	742.323	70.0019	62.4559
ramosum-3	ramosum-1_5	multiplex	0.0282648	0.594782	0.551989	0.00351063	298.551	63.3594	59.8762
ramosum-4_10	ramosum-1_5	multiplex	0.0619636	1.5067	0.131887	0.0075549	265.771	67.817	59.903
sapellonis	ramosum-1_5	multiplex	0.0869091	2.02057	0.043324	0.0101398	321.934	65.802	55.2789
multiplex	ramosum-1_5	scaposum	0.0697437	1.88129	0.0599327	0.0168325	143.456	126.606	110.097
scopulorum	ramosum-1_5	multiplex	0.156622	3.50474	0.000457057	0.0213019	238.096	75.5594	55.0959
stachydeum	ramosum-1_5	multiplex	0.263052	6.11135	9.87896e-10	0.0583137	137.146	137.581	80.2738
ramosum-1_5	multiplex	trolliifolium	0.128071	3.22605	0.00125511	0.0247377	296.154	117.366	90.7168
multiplex	viridescens	ramosum-1_5	0.103722	2.54724	0.0108578	0.0262696	503.677	89.9755	73.0646
xantholeucum	multiplex	ramosum-1_5	0.131815	3.52505	0.000423407	0.0463537	210.204	136.175	104.456
ramosum-4_10	ramosum-3	multiplex	0.0133245	0.289498	0.772201	0.00161123	248.296	60.5224	58.9307
sapellonis	ramosum-3	multiplex	0.0277682	0.56981	0.568806	0.00298648	398.032	55.3858	52.393
multiplex	ramosum-3	scaposum	0.0345935	0.887089	0.375031	0.00861863	136.299	117.645	109.778
scopulorum	ramosum-3	multiplex	0.0567715	1.15887	0.246509	0.00723983	244.324	61.4395	54.8382
stachydeum	ramosum-3	multiplex	0.185754	3.86546	0.000110879	0.040032	140.369	118.821	81.5935
ramosum-3	multiplex	trolliifolium	0.0779937	1.89455	0.0581524	0.0157127	282.814	110.958	94.9021
multiplex	viridescens	ramosum-3	0.205961	4.9031	9.43371e-07	0.038173	477.295	98.7542	65.0225
xantholeucum	multiplex	ramosum-3	0.183232	4.56576	4.97677e-06	0.0473505	206.07	135.978	93.8635
sapellonis	ramosum-4_10	multiplex	0.0445193	1.05915	0.289529	0.00545861	258.105	67.4904	61.7372
multiplex	ramosum-4_10	scaposum	0.00585419	0.161354	0.871814	0.00142663	143.996	117.018	115.656
scopulorum	ramosum-4_10	multiplex	0.0594058	1.38174	0.16705	0.00789468	246.582	69.1583	61.4022
stachydeum	ramosum-4_10	multiplex	0.19391	4.47592	7.60838e-06	0.0413918	133.199	125.203	84.5333
ramosum-4_10	multiplex	trolliifolium	0.102743	2.6776	0.00741507	0.0207027	292.446	120.81	98.2983
multiplex	viridescens	ramosum-4_10	0.180449	4.52226	6.11821e-06	0.0481432	505.999	95.3162	66.1753
xantholeucum	multiplex	ramosum-4_10	0.166375	4.58456	4.54953e-06	0.0620683	219.646	139.198	99.4867
multiplex	sapellonis	scaposum	0.0350576	0.932612	0.35102	0.00840612	138.757	119.221	111.145
scopulorum	sapellonis	multiplex	0.0315572	0.709224	0.478185	0.00393575	275.09	61.6445	57.8728
stachydeum	sapellonis	multiplex	0.205943	4.58283	4.58722e-06	0.0434943	141.858	122.915	80.9339
sapellonis	multiplex	trolliifolium	0.103309	2.61786	0.00884824	0.0206053	294.039	116.516	94.696
multiplex	viridescens	sapellonis	0.159959	3.96416	7.36561e-05	0.036098	506.398	92.8361	67.2318
xantholeucum	multiplex	sapellonis	0.111074	2.95344	0.00314254	0.0366404	214.282	132.13	105.712
multiplex	scopulorum	scaposum	0.00409099	0.108597	0.913522	0.00102034	129.651	112.506	111.59
stachydeum	multiplex	scaposum	0.129694	3.37178	0.000746839	0.0352004	129.446	139.655	107.589
scaposum	multiplex	trolliifolium	0.11066	3.02447	0.0024907	0.0259551	271.4	133.662	107.027
multiplex	viridescens	scaposum	0.123134	3.36343	0.000769797	0.0215122	511.098	86.2299	67.3224
xantholeucum	multiplex	scaposum	0.105024	3.06989	0.00214135	0.0286151	237.815	140.308	113.637
stachydeum	scopulorum	multiplex	0.160916	3.47981	0.000501765	0.0345121	127.47	111.236	80.399
scopulorum	multiplex	trolliifolium	0.0694165	1.74997	0.0801237	0.0136226	276.29	105.663	91.9461
multiplex	viridescens	scopulorum	0.183121	4.50582	6.61174e-06	0.0321506	455.792	84.1599	58.1077
xantholeucum	multiplex	scopulorum	0.121419	3.20822	0.00133557	0.0325892	200.351	128.333	100.543
stachydeum	multiplex	trolliifolium	0.0454741	1.12215	0.261798	0.0108884	244.562	122.234	111.601
multiplex	viridescens	stachydeum	0.0822702	1.89211	0.0584769	0.00871717	512.174	77.2122	65.4734
xantholeucum	multiplex	stachydeum	0.160209	4.02094	5.7966e-05	0.0253421	227.273	123.754	89.5765
multiplex	viridescens	trolliifolium	0.0493625	1.23207	0.217922	0.00756062	639.733	80.2316	72.6833
multiplex	xantholeucum	trolliifolium	0.0840413	2.4123	0.0158523	0.0199965	353.473	132.174	111.68
multiplex	viridescens	xantholeucum	0.0175498	0.504925	0.613612	0.00466954	435.19	122.389	118.167
nuttallianum-14	novomexicanum	nudicaule	0.0206487	0.435885	0.66292	0.0041703	283.69	83.6693	80.2839
nuttallianum-7_9	novomexicanum	nudicaule	0.0141596	0.342575	0.731919	0.00321682	283.181	100.534	97.7266
novomexicanum	occidentale	nudicaule	0.073873	1.46495	0.142936	0.00914996	448.115	64.9106	55.98
novomexicanum	parryi	nudicaule	0.0845828	1.88068	0.0600149	0.0188037	338.537	105.676	89.1936
novomexicanum	nudicaule	patens	0.4389	12.3079	2.3e-16	0.177439	362.292	201.708	78.6563
novomexicanum	ramosum-1_5	nudicaule	0.0264226	0.495484	0.620258	0.00243963	585.297	47.9848	45.5143
novomexicanum	ramosum-3	nudicaule	0.00282543	0.0461473	0.963193	0.000230177	658.549	38.8203	38.6016
novomexicanum	ramosum-4_10	nudicaule	0.00795739	0.151828	0.879323	0.000762089	520.22	47.8529	47.0973
novomexicanum	sapellonis	nudicaule	0.0459746	0.84206	0.399755	0.00294622	786.596	34.0477	31.0547
novomexicanum	scaposum	nudicaule	0.0595221	1.28838	0.197613	0.00993737	321.566	79.1905	70.293
novomexicanum	scopulorum	nudicaule	0.0574081	1.05711	0.290463	0.00562642	496.393	48.1584	42.9293
novomexicanum	stachydeum	nudicaule	0.0541763	0.995952	0.319273	0.00890328	344.724	76.8872	68.9844
novomexicanum	trolliifolium	nudicaule	0.168912	4.25485	2.09192e-05	0.0563536	197.469	168.837	120.042
novomexicanum	viridescens	nudicaule	0.0938795	1.82991	0.0672634	0.0164629	345.208	86.6007	71.7361
xantholeucum	novomexicanum	nudicaule	0.0165331	0.363004	0.716602	0.00328484	312.224	86.9431	84.115
nuttallianum-7_9	nuttallianum-14	novomexicanum	0.183361	4.64453	3.40847e-06	0.0425094	311.058	100.072	69.0599
novomexicanum	occidentale	nuttallianum-14	0.118941	2.30494	0.0211698	0.015172	192.183	70.7852	55.7365
parryi	novomexicanum	nuttallianum-14	0.163584	3.44955	0.000561519	0.0330553	143.852	109.759	78.8976
novomexicanum	nuttallianum-14	patens	0.0861538	1.61597	0.106101	0.0170012	460.661	64.349	54.1406
novomexicanum	ramosum-1_5	nuttallianum-14	0.0710037	1.32895	0.183865	0.00635696	291.412	48.839	42.3633
novomexicanum	ramosum-3	nuttallianum-14	0.0658877	1.04076	0.297987	0.00501301	355.276	39.4323	34.5573
novomexicanum	ramosum-4_10	nuttallianum-14	0.0646636	1.24936	0.211534	0.00633551	242.092	53.2529	46.7841
novomexicanum	sapellonis	nuttallianum-14	0.122214	2.19109	0.0284453	0.00792208	454.297	37.1042	29.0226
nuttallianum-14	novomexicanum	scaposum	0.101808	2.40617	0.0161209	0.0293274	98.5538	123.556	100.722
novomexicanum	scopulorum	nuttallianum-14	0.0648366	1.2031	0.228938	0.006472	259.887	50.9809	44.7726
stachydeum	novomexicanum	nuttallianum-14	0.170671	3.09753	0.0019514	0.0272684	138.773	86.5026	61.2804
novomexicanum	nuttallianum-14	trolliifolium	0.186094	4.2873	1.80858e-05	0.0447696	211.088	129.143	88.6189
nuttallianum-14	viridescens	novomexicanum	0.374549	8.33411	2.3e-16	0.0995741	171.339	121.686	55.3698
nuttallianum-14	xantholeucum	novomexicanum	0.0787661	1.78665	0.0739943	0.0169079	413.987	83.3876	71.2105
novomexicanum	occidentale	nuttallianum-7_9	0.0925374	1.98912	0.0466876	0.0186922	227.302	79.017	65.6316
parryi	novomexicanum	nuttallianum-7_9	0.180575	4.04394	5.25608e-05	0.0515203	179.858	115.661	80.2795
novomexicanum	nuttallianum-7_9	patens	0.134353	3.03124	0.00243554	0.0305185	484.937	83.4045	63.6476
novomexicanum	ramosum-1_5	nuttallianum-7_9	0.0480501	0.976244	0.328944	0.00580904	334.338	47.9022	43.5099
novomexicanum	ramosum-3	nuttallianum-7_9	0.209343	3.79361	0.000148473	0.0267079	401.318	53.9173	35.2507
novomexicanum	ramosum-4_10	nuttallianum-7_9	0.028819	0.595225	0.551693	0.00404808	284.652	53.9146	50.8941
novomexicanum	sapellonis	nuttallianum-7_9	0.155616	3.09833	0.00194614	0.0134715	513.722	38.4776	28.1148
nuttallianum-7_9	novomexicanum	scaposum	0.16399	4.39027	1.13211e-05	0.0502563	98.6478	152.834	109.769
novomexicanum	scopulorum	nuttallianum-7_9	0.0428475	0.849088	0.395833	0.00599112	296.159	51.2125	47.0041
stachydeum	novomexicanum	nuttallianum-7_9	0.128267	2.50813	0.0121371	0.0301453	171.837	89.0161	68.7765
novomexicanum	nuttallianum-7_9	trolliifolium	0.140966	3.62323	0.000290948	0.0362654	203.845	139.283	104.866
nuttallianum-7_9	viridescens	novomexicanum	0.424703	10.7003	2.3e-16	0.128195	147.925	153.997	62.184
nuttallianum-7_9	xantholeucum	novomexicanum	0.206476	5.20227	1.96868e-07	0.0564446	254.011	124.645	81.9813
novomexicanum	occidentale	parryi	0.000681218	0.0135791	0.989166	5.35694e-05	159.904	76.5082	76.4041
novomexicanum	occidentale	patens	0.0219321	0.384	0.700978	0.00264602	691.944	42.8741	41.0339
novomexicanum	ramosum-1_5	occidentale	0.136488	2.9855	0.00283111	0.0273994	197.522	78.8141	59.8836
novomexicanum	ramosum-3	occidentale	0.141915	2.67901	0.00738391	0.0263863	286.057	71.7198	53.8934
novomexicanum	ramosum-4_10	occidentale	0.0359779	0.808131	0.419015	0.00784164	151.278	78.6609	73.1974
novomexicanum	sapellonis	occidentale	0.085346	1.77232	0.0763408	0.01194	406.391	54.6655	46.0683
novomexicanum	occidentale	scaposum	0.0394444	0.81943	0.412541	0.00623701	179	73.2691	67.7083
novomexicanum	scopulorum	occidentale	0.0453307	0.936805	0.348859	0.00936025	159.16	68.1994	62.2845
novomexicanum	occidentale	stachydeum	0.00190318	0.036016	0.97127	0.000215951	147.002	74.0299	73.7487
occidentale	novomexicanum	trolliifolium	0.0188951	0.38374	0.701171	0.00235776	331.22	64.5026	62.1102
novomexicanum	occidentale	viridescens	0.0729608	1.46356	0.143314	0.0080001	137.487	82.7977	71.5373
novomexicanum	occidentale	xantholeucum	0.0795304	1.64275	0.100436	0.0114524	187.772	78.1437	66.6298
parryi	novomexicanum	patens	0.0315035	0.650096	0.51563	0.00663675	559.316	68.441	64.2604
novomexicanum	ramosum-1_5	parryi	0.0092908	0.175415	0.860753	0.000478479	267.427	52.3364	51.3728
novomexicanum	ramosum-3	parryi	0.0452661	0.739761	0.459445	0.00212239	343.012	47.2656	43.1719
ramosum-4_10	novomexicanum	parryi	0.0412405	0.815767	0.414633	0.0023773	231.065	60.7968	55.9808
novomexicanum	sapellonis	parryi	0.0869114	1.61298	0.106749	0.0034013	424.49	43.5972	36.625
parryi	novomexicanum	scaposum	0.143603	3.27427	0.00105936	0.0366072	139.961	121.826	91.23
novomexicanum	scopulorum	parryi	0.0184509	0.343802	0.730995	0.00102596	222.967	53.2813	51.3507
parryi	novomexicanum	stachydeum	0.243661	4.94423	7.64445e-07	0.0376695	104.444	113.645	69.1137
parryi	novomexicanum	trolliifolium	0.159221	3.48611	0.00049009	0.0313357	270.816	106.896	77.5313
parryi	novomexicanum	viridescens	0.206588	4.41261	1.0213e-05	0.0332793	105.491	123.3	81.0781
parryi	novomexicanum	xantholeucum	0.192893	4.31548	1.59253e-05	0.0408704	152.196	118.064	79.8815
novomexicanum	ramosum-1_5	patens	0.0160781	0.265061	0.790963	0.00142688	848.495	31.8177	30.8108
novomexicanum	ramosum-3	patens	0.151038	2.18556	0.028848	0.0122055	909.724	32.349	23.8594
ramosum-4_10	novomexicanum	patens	0.0853947	1.45402	0.14594	0.00854517	793.528	38.5723	32.5029
novomexicanum	sapellonis	patens	0.0232817	0.369184	0.711991	0.00157981	1040.02	25.1428	23.9987
novomexicanum	scaposum	patens	0.106007	2.15516	0.0311494	0.0164193	543.494	55.5356	44.8898
scopulorum	novomexicanum	patens	0.0707556	1.11387	0.265333	0.00628702	750.477	31.3698	27.224
novomexicanum	stachydeum	patens	0.00358968	0.0578161	0.953895	0.000525213	552.289	47.5668	47.2266
novomexicanum	trolliifolium	patens	0.228316	5.26571	1.39645e-07	0.0666949	399.109	114.696	72.0573
novomexicanum	viridescens	patens	0.181316	3.07912	0.0020761	0.0278485	557.51	59.7569	41.4132
novomexicanum	xantholeucum	patens	0.0242829	0.487444	0.625943	0.00458821	538.17	61.4045	58.4931
novomexicanum	ramosum-3	ramosum-1_5	0.0807911	1.77374	0.0761059	0.0311498	185.309	91.9362	78.1914
novomexicanum	ramosum-1_5	ramosum-4_10	0.125379	3.03876	0.00237554	0.0455653	130.2	96.8219	75.2479
novomexicanum	sapellonis	ramosum-1_5	0.0734711	1.80663	0.0708206	0.0225425	286.342	77.8228	67.17
novomexicanum	ramosum-1_5	scaposum	0.144959	2.85731	0.00427253	0.0149216	281.177	53.5276	39.9737
scopulorum	novomexicanum	ramosum-1_5	0.249232	5.7893	7.06786e-09	0.103648	88.7643	122.667	73.7209
novomexicanum	ramosum-1_5	stachydeum	0.0514245	0.931948	0.351364	0.00401262	244.503	55.197	49.7977
novomexicanum	ramosum-1_5	trolliifolium	0.0142101	0.274195	0.783935	0.00127531	462.04	47.5816	46.2483
novomexicanum	ramosum-1_5	viridescens	0.091196	1.70684	0.0878526	0.00678632	254.115	57.9262	48.2439
novomexicanum	ramosum-1_5	xantholeucum	0.116121	2.29983	0.0214578	0.00988805	296.016	50.4449	39.9484
novomexicanum	ramosum-3	ramosum-4_10	0.187839	4.08114	4.48147e-05	0.06254	217.081	87.287	59.6807
novomexicanum	sapellonis	ramosum-3	0.0797864	1.90829	0.0563536	0.0244035	188.975	100.326	85.4998
novomexicanum	ramosum-3	scaposum	0.108794	1.84107	0.0656119	0.00963707	355.767	43.6332	35.0707
novomexicanum	ramosum-3	scopulorum	0.0312652	0.616886	0.53731	0.0064196	180.431	68.2023	64.0668
novomexicanum	ramosum-3	stachydeum	0.103168	1.61402	0.106524	0.00796903	318.977	54.8385	44.5816
novomexicanum	ramosum-3	trolliifolium	0.11042	1.83654	0.0662784	0.00965135	515.47	48.6927	39.0087
novomexicanum	ramosum-3	viridescens	0.201983	3.30607	0.000946154	0.01497	312.95	61.6684	40.9427
novomexicanum	ramosum-3	xantholeucum	0.11563	1.92425	0.0543237	0.00934701	360.868	45.151	35.7917
novomexicanum	sapellonis	ramosum-4_10	0.14034	3.34451	0.000824269	0.0366822	336.364	70.6176	53.236
novomexicanum	ramosum-4_10	scaposum	0.0727528	1.44815	0.147574	0.00796668	237.755	54.0119	46.6859
novomexicanum	scopulorum	ramosum-4_10	0.0538583	1.246	0.212763	0.0227337	109.033	96.8375	86.9395
ramosum-4_10	novomexicanum	stachydeum	0.0762138	1.40776	0.159202	0.00634194	197.304	60.0681	51.5605
ramosum-4_10	novomexicanum	trolliifolium	0.00771785	0.149604	0.881077	0.000726956	404.383	50.1424	49.3744
novomexicanum	ramosum-4_10	viridescens	0.0694953	1.30852	0.190696	0.00581571	191.476	63.1022	54.9015
novomexicanum	ramosum-4_10	xantholeucum	0.0419308	0.823761	0.410076	0.00386748	253.361	51.3283	47.197
novomexicanum	sapellonis	scaposum	0.118732	2.208	0.0272442	0.00858266	468.997	38.638	30.4366
novomexicanum	sapellonis	scopulorum	0.149794	3.46982	0.000520806	0.0277464	287.594	73.1135	54.0632
novomexicanum	sapellonis	stachydeum	0.110502	1.92313	0.0544633	0.00649733	416.612	44.0543	35.2869
novomexicanum	sapellonis	trolliifolium	0.0711318	1.31896	0.187184	0.00459358	640.711	36.8095	31.9206
novomexicanum	sapellonis	viridescens	0.10819	1.94932	0.0512574	0.00641887	429.747	47.5872	38.2956
novomexicanum	sapellonis	xantholeucum	0.137767	2.66215	0.00776429	0.00923073	471.991	40.6766	30.826
novomexicanum	scopulorum	scaposum	0.102535	1.88291	0.0597122	0.0111071	255.681	51.1875	41.6667
stachydeum	novomexicanum	scaposum	0.217738	4.23055	2.33122e-05	0.0405967	133.444	97.4253	62.5851
novomexicanum	scaposum	trolliifolium	0.0310125	0.702067	0.482637	0.0059694	237.084	94.8582	89.1516
novomexicanum	viridescens	scaposum	0.135666	2.98925	0.00279663	0.0304981	127.451	104.827	79.7821
xantholeucum	novomexicanum	scaposum	0.0897817	2.18517	0.0288764	0.0246476	113.07	124.848	104.277
scopulorum	novomexicanum	stachydeum	0.0143899	0.24522	0.806286	0.00121668	205.547	52.3802	50.8941
novomexicanum	scopulorum	trolliifolium	0.0524244	0.996438	0.319037	0.00512103	409.227	50.1181	45.125
novomexicanum	scopulorum	viridescens	0.0995674	1.79214	0.0731112	0.00852059	204.457	60.2405	49.3307
novomexicanum	scopulorum	xantholeucum	0.0900408	1.77461	0.0759615	0.00931141	267.34	56.0957	46.8283
novomexicanum	stachydeum	trolliifolium	0.0141239	0.265467	0.79065	0.00230704	255.437	77.1623	75.013
stachydeum	novomexicanum	viridescens	0.197777	3.62501	0.000288948	0.0260182	97.3394	103.933	69.6102
stachydeum	novomexicanum	xantholeucum	0.215114	4.09336	4.25176e-05	0.0339717	146.032	94.2677	60.8909
novomexicanum	viridescens	trolliifolium	0.183926	3.63983	0.000272823	0.0322405	263.672	97.7726	67.3941
novomexicanum	xantholeucum	trolliifolium	0.199878	4.83567	1.32701e-06	0.0467375	236.158	133.438	88.9809
xantholeucum	viridescens	novomexicanum	0.290792	6.52974	6.58842e-11	0.0785318	180.733	121.877	66.9635
nuttallianum-7_9	nuttallianum-14	nudicaule	0.00536277	0.140878	0.887966	0.000947517	511.027	75.1836	74.3815
nuttallianum-14	occidentale	nudicaule	0.0602774	1.34772	0.177749	0.012593	304.823	88.9271	78.816
nuttallianum-14	parryi	nudicaule	0.0268474	0.622952	0.533316	0.0079822	260.338	116.004	109.938
nuttallianum-14	nudicaule	patens	0.38509	10.806	2.3e-16	0.174338	309.115	189.375	84.0729
ramosum-1_5	nuttallianum-14	nudicaule	0.00726315	0.15956	0.873227	0.00140258	301.968	78.9714	77.8325
nuttallianum-14	ramosum-3	nudicaule	0.0251382	0.510991	0.609357	0.00491605	275.953	79.224	75.3385
nuttallianum-14	ramosum-4_10	nudicaule	0.0314606	0.680762	0.496022	0.00572836	299.891	78.6177	73.8219
nuttallianum-14	sapellonis	nudicaule	0.0299219	0.633349	0.526506	0.00574009	301.966	81.5391	76.8012
nuttallianum-14	scaposum	nudicaule	0.0512573	1.18963	0.234191	0.0112631	288.845	93.6988	84.5616
nuttallianum-14	scopulorum	nudicaule	0.0704903	1.51702	0.129262	0.015352	285.266	93.8073	81.4531
nuttallianum-14	stachydeum	nudicaule	0.0394043	0.834868	0.403792	0.00881451	244.87	88.5677	81.8524
nuttallianum-14	trolliifolium	nudicaule	0.195821	5.15056	2.59713e-07	0.0643467	235.646	162.729	109.434
nuttallianum-14	viridescens	nudicaule	0.0411792	0.876184	0.38093	0.00759365	362.108	74.9306	69.0035
nuttallianum-14	xantholeucum	nudicaule	0.00884118	0.208323	0.834976	0.00143457	636.633	69.8312	68.6072
nuttallianum-7_9	occidentale	nudicaule	0.0270842	0.678727	0.497311	0.00615488	317.592	102.146	96.7585
nuttallianum-7_9	parryi	nudicaule	0.000760554	0.0197307	0.984258	0.000242668	262.228	129.07	128.874
nuttallianum-7_9	nudicaule	patens	0.348746	10.6787	2.3e-16	0.158576	340.612	198.789	95.987
ramosum-1_5	nuttallianum-7_9	nudicaule	0.00738738	0.181542	0.855942	0.00161786	300.791	97.5395	96.1089
nuttallianum-7_9	ramosum-3	nudicaule	0.0480712	1.12744	0.259559	0.0103745	287.229	96.5781	87.7188
ramosum-4_10	nuttallianum-7_9	nudicaule	0.0328235	0.801842	0.422644	0.00731303	303.215	103.428	96.8539
nuttallianum-7_9	sapellonis	nudicaule	0.022657	0.560369	0.575228	0.00518424	302.832	103.398	98.8168
nuttallianum-7_9	scaposum	nudicaule	0.0424695	1.10201	0.270459	0.00994841	296.263	106.452	97.7789
nuttallianum-7_9	scopulorum	nudicaule	0.0389758	0.947001	0.343638	0.00879827	279.257	98.8529	91.4362
nuttallianum-7_9	stachydeum	nudicaule	0.0570565	1.37964	0.167698	0.0136577	248.694	102.877	91.7708
nuttallianum-7_9	trolliifolium	nudicaule	0.183701	5.33396	9.60936e-08	0.0617814	242.295	172.938	119.26
nuttallianum-7_9	viridescens	nudicaule	0.0529557	1.2913	0.196601	0.0109882	340.352	90.9783	81.8273
xantholeucum	nuttallianum-7_9	nudicaule	0.019889	0.518797	0.603902	0.0039383	462.429	88.0024	84.5701
occidentale	parryi	nudicaule	0.0138052	0.317193	0.751097	0.00332043	340.328	105.182	102.318
occidentale	nudicaule	patens	0.42188	12.116	2.3e-16	0.175707	382.055	205.246	83.4505
ramosum-1_5	occidentale	nudicaule	0.0790497	1.59133	0.111535	0.00987041	474.259	66.865	57.0681
ramosum-3	occidentale	nudicaule	0.046039	0.870454	0.384053	0.00560613	457.977	59.2474	54.0321
ramosum-4_10	occidentale	nudicaule	0.0878573	1.79659	0.0724004	0.0104909	473.729	63.8581	53.5435
sapellonis	occidentale	nudicaule	0.0496592	1.00601	0.31441	0.00631496	462.23	65.1732	59.0065
scaposum	occidentale	nudicaule	0.0162003	0.373951	0.708441	0.00293946	346.322	81.8394	79.23
scopulorum	occidentale	nudicaule	0.00344847	0.0681958	0.94563	0.000467232	416.955	61.1267	60.7066
stachydeum	occidentale	nudicaule	0.00473222	0.0938687	0.925213	0.00085332	356.674	79.6189	78.8689
occidentale	trolliifolium	nudicaule	0.167963	4.31634	1.58641e-05	0.0575495	200.831	169.532	120.772
occidentale	viridescens	nudicaule	0.0227165	0.466355	0.640961	0.00400711	362.655	80.3498	76.7804
xantholeucum	occidentale	nudicaule	0.0455491	1.05432	0.291736	0.00990059	327.906	96.699	88.2737
parryi	nudicaule	patens	0.413866	12.5996	2.3e-16	0.196848	353.491	213.734	88.6059
ramosum-1_5	parryi	nudicaule	0.0218937	0.497986	0.618494	0.00494703	354.825	101.656	97.3003
ramosum-3	parryi	nudicaule	0.0319301	0.667006	0.504768	0.00730214	332.207	98.8628	92.7448
ramosum-4_10	parryi	nudicaule	0.0072714	0.166548	0.867726	0.00160143	355.231	98.5549	97.1319
sapellonis	parryi	nudicaule	0.02327	0.522051	0.601635	0.00521385	355.933	100.773	96.1901
parryi	scaposum	nudicaule	0.0399051	0.96686	0.333614	0.0104301	283.082	112.992	104.32
scopulorum	parryi	nudicaule	0.01543	0.340749	0.733292	0.00348733	327.746	92.3151	89.5095
parryi	stachydeum	nudicaule	0.0293337	0.637142	0.524032	0.00793759	295.45	109.78	103.523
parryi	trolliifolium	nudicaule	0.125511	3.36638	0.000761603	0.0544321	182.304	192.8	149.8
parryi	viridescens	nudicaule	0.00242462	0.0539406	0.956982	0.000662415	300.611	111.972	111.431
xantholeucum	parryi	nudicaule	0.0431011	1.02312	0.306249	0.0132145	286.112	127.708	117.154
ramosum-1_5	nudicaule	patens	0.432298	12.0941	2.3e-16	0.177275	357.903	205.115	81.2986
ramosum-3	nudicaule	patens	0.427552	11.5952	2.3e-16	0.173802	346.094	193.865	77.7396
ramosum-4_10	nudicaule	patens	0.458562	13.1123	2.3e-16	0.183828	370.581	207.04	76.8562
sapellonis	nudicaule	patens	0.43097	12.1402	2.3e-16	0.174918	354.594	203.564	80.9479
scaposum	nudicaule	patens	0.440337	13.1552	2.3e-16	0.185565	343.801	199.343	77.4575
scopulorum	nudicaule	patens	0.480331	13.4722	2.3e-16	0.194296	338.573	192.667	67.6354
stachydeum	nudicaule	patens	0.409382	10.7791	2.3e-16	0.165424	334.677	183.868	77.0521
trolliifolium	nudicaule	patens	0.271757	8.01282	1.12107e-15	0.121517	349.24	176.58	101.115
viridescens	nudicaule	patens	0.369683	10.0619	2.3e-16	0.152612	332.691	183.128	84.2743
xantholeucum	nudicaule	patens	0.433357	12.8155	2.3e-16	0.184661	340.49	199.1	78.7092
ramosum-1_5	ramosum-3	nudicaule	0.066692	1.1666	0.243374	0.00641378	583.304	48.8021	42.6997
ramosum-4_10	ramosum-1_5	nudicaule	0.00849828	0.166392	0.867848	0.000734723	559.429	43.6569	42.9211
ramosum-1_5	sapellonis	nudicaule	0.0698886	1.32996	0.183531	0.00632507	599.06	49.3672	42.9175
ramosum-1_5	scaposum	nudicaule	0.0481779	1.0662	0.286331	0.00805119	341.375	79.4336	72.1315
ramosum-1_5	scopulorum	nudicaule	0.000850717	0.0161472	0.987117	8.75244e-05	483.653	47.9987	47.9171
ramosum-1_5	stachydeum	nudicaule	0.0601198	1.16088	0.245689	0.0103841	353.397	82.4731	73.1189
ramosum-1_5	trolliifolium	nudicaule	0.184821	4.67901	2.88265e-06	0.0604891	207.836	170.405	117.242
ramosum-1_5	viridescens	nudicaule	0.01365	0.272525	0.785218	0.00241591	356.332	81.0286	78.8464
xantholeucum	ramosum-1_5	nudicaule	0.0120074	0.260893	0.794175	0.00226269	327.574	82.6727	80.7109
ramosum-4_10	ramosum-3	nudicaule	0.0359312	0.632737	0.526906	0.00323556	524.01	44.0674	41.0104
ramosum-3	sapellonis	nudicaule	0.051446	0.858749	0.390479	0.00399619	664.164	39.1016	35.2752
ramosum-3	scaposum	nudicaule	0.0039906	0.0836037	0.933372	0.000666143	325.132	72.2882	71.7135
ramosum-3	scopulorum	nudicaule	0.0449675	0.764129	0.444791	0.00462044	481.643	46.4766	42.4766
ramosum-3	stachydeum	nudicaule	0.0434993	0.7694	0.441656	0.00735598	352.351	74.7986	68.5625
ramosum-3	trolliifolium	nudicaule	0.163515	3.97775	6.9571e-05	0.0542995	190.427	158.521	113.965
ramosum-3	viridescens	nudicaule	0.0765932	1.39619	0.162656	0.0121713	348.215	74.9653	64.2986
xantholeucum	ramosum-3	nudicaule	0.0577316	1.1941	0.232438	0.0118616	306.481	90.3194	80.4601
ramosum-4_10	sapellonis	nudicaule	0.00376443	0.0731309	0.941702	0.000341231	542.219	46.1073	45.7615
ramosum-4_10	scaposum	nudicaule	0.0575301	1.29615	0.194923	0.00955443	334.063	81.5679	72.6932
ramosum-4_10	scopulorum	nudicaule	0.0522396	1.00556	0.314629	0.00539324	493.681	50.4054	45.4005
ramosum-4_10	stachydeum	nudicaule	0.0248326	0.488104	0.625476	0.00425464	350.47	79.2576	75.4167
ramosum-4_10	trolliifolium	nudicaule	0.19389	5.03151	4.8663e-07	0.0631068	208.967	173.429	117.099
viridescens	ramosum-4_10	nudicaule	0.00625365	0.125244	0.90033	0.00106907	358.22	77.7156	76.7497
xantholeucum	ramosum-4_10	nudicaule	0.0467351	1.03544	0.300463	0.00887497	323.297	87.4075	79.6023
sapellonis	scaposum	nudicaule	0.0324637	0.720561	0.47118	0.00533361	327.311	77.3281	72.4653
sapellonis	scopulorum	nudicaule	0.0183361	0.348627	0.72737	0.00180891	520.852	46.474	44.8003
sapellonis	stachydeum	nudicaule	0.0226242	0.429716	0.667402	0.00369058	352.344	75.1771	71.8507
sapellonis	trolliifolium	nudicaule	0.185535	4.67299	2.96846e-06	0.0611426	206.174	172.458	118.479
sapellonis	viridescens	nudicaule	0.00310559	0.0612445	0.951164	0.000565282	351.354	81.8715	81.3646
xantholeucum	sapellonis	nudicaule	0.0712212	1.56231	0.118214	0.0141257	329.275	93.365	80.9501
scaposum	scopulorum	nudicaule	0.00345986	0.0768224	0.938765	0.000640069	308.716	78.2977	77.7578
scaposum	stachydeum	nudicaule	0.0057231	0.12338	0.901806	0.00121457	272.269	88.3229	87.3177
scaposum	trolliifolium	nudicaule	0.188109	5.06671	4.04749e-07	0.0630876	192.231	170.528	116.53
scaposum	viridescens	nudicaule	0.06068	1.33019	0.183456	0.0120048	315.037	87.2023	77.2248
xantholeucum	scaposum	nudicaule	0.0480904	1.15091	0.249769	0.0107558	309.216	100.306	91.1013
stachydeum	scopulorum	nudicaule	0.0286014	0.548686	0.583221	0.00500754	321.92	74.7986	70.6389
scopulorum	trolliifolium	nudicaule	0.149097	3.82157	0.000132604	0.0496686	197.271	159.212	117.896
viridescens	scopulorum	nudicaule	0.0232717	0.464522	0.642274	0.0042357	330.111	77.8646	74.3229
xantholeucum	scopulorum	nudicaule	0.0737823	1.61074	0.107236	0.0145124	312.855	89.1016	76.8568
stachydeum	trolliifolium	nudicaule	0.15837	3.97504	7.03683e-05	0.0555854	195.028	164.497	119.517
stachydeum	viridescens	nudicaule	0.0133644	0.258136	0.796302	0.00275663	285.962	86.0938	83.8229
xantholeucum	stachydeum	nudicaule	0.0926228	2.00983	0.0444495	0.0213028	263.922	102.205	84.8773
viridescens	trolliifolium	nudicaule	0.0987784	2.50411	0.0122761	0.0341161	203.632	153.028	125.514
xantholeucum	trolliifolium	nudicaule	0.195618	5.28062	1.28749e-07	0.0645791	256.081	171.353	115.282
xantholeucum	viridescens	nudicaule	0.107404	2.41429	0.015766	0.0210424	399.822	90.9071	73.2734
nuttallianum-7_9	nuttallianum-14	occidentale	0.106795	2.73561	0.0062264	0.0263293	314.989	101.721	82.0911
nuttallianum-7_9	nuttallianum-14	parryi	0.148023	3.95386	7.6901e-05	0.0144657	337.658	101.242	75.1341
nuttallianum-14	nuttallianum-7_9	patens	0.0332228	0.800305	0.423534	0.00589421	706.461	55.5855	52.0109
nuttallianum-7_9	nuttallianum-14	ramosum-1_5	0.189038	4.8728	1.10026e-06	0.0517848	311.238	104.516	71.283
nuttallianum-7_9	nuttallianum-14	ramosum-3	0.135526	3.31863	0.000904602	0.0280675	295.066	97.3581	74.1185
nuttallianum-7_9	nuttallianum-14	ramosum-4_10	0.163824	4.26194	2.02656e-05	0.0474082	313.606	100.549	72.242
nuttallianum-7_9	nuttallianum-14	sapellonis	0.20383	5.21239	1.86422e-07	0.0569477	304.17	113.502	75.066
nuttallianum-7_9	nuttallianum-14	scaposum	0.115949	3.28323	0.00102625	0.0283873	324.928	112.913	89.449
nuttallianum-7_9	nuttallianum-14	scopulorum	0.16055	4.11222	3.91866e-05	0.0339205	306.789	97.0152	70.1732
nuttallianum-7_9	nuttallianum-14	stachydeum	0.108189	2.64675	0.00812703	0.0143317	310.708	88.2044	70.9822
nuttallianum-7_9	nuttallianum-14	trolliifolium	0.00539513	0.150954	0.880012	0.00117245	410.915	100.294	99.2174
nuttallianum-7_9	nuttallianum-14	viridescens	0.189879	5.24684	1.54732e-07	0.037838	235.737	139.375	94.8928
xantholeucum	nuttallianum-14	nuttallianum-7_9	0.242352	8.15289	3.55293e-16	0.148394	315.437	184.731	112.658
parryi	occidentale	nuttallianum-14	0.230328	5.13825	2.77306e-07	0.0497497	139.029	124.341	77.7859
occidentale	nuttallianum-14	patens	0.0828538	1.6605	0.0968148	0.0167042	504.974	66.6406	56.4427
ramosum-1_5	occidentale	nuttallianum-14	0.034405	0.718488	0.472457	0.00437182	201.697	65.6641	61.296
ramosum-3	occidentale	nuttallianum-14	0.0970302	1.81465	0.0695775	0.0123328	195.943	66.9531	55.1094
ramosum-4_10	occidentale	nuttallianum-14	0.051849	1.0824	0.279075	0.00632639	196.9	64.819	58.4287
sapellonis	occidentale	nuttallianum-14	0.0137009	0.27643	0.782218	0.00179535	199.821	65.4457	63.6766
nuttallianum-14	occidentale	scaposum	0.129213	3.21233	0.00131662	0.0395835	112.424	137.316	105.891
scopulorum	occidentale	nuttallianum-14	0.108657	2.22462	0.026107	0.0151598	187.383	74.4164	59.8296
stachydeum	occidentale	nuttallianum-14	0.187204	3.70221	0.000213732	0.0328417	146.602	97.8351	66.9809
occidentale	nuttallianum-14	trolliifolium	0.171775	4.13727	3.51458e-05	0.041092	232.342	129.172	91.3003
nuttallianum-14	viridescens	occidentale	0.269829	5.974	2.31499e-09	0.0797371	169.677	125.993	72.4479
nuttallianum-14	xantholeucum	occidentale	0.0879333	2.16331	0.0305172	0.0200196	398.128	89.4089	74.9557
parryi	nuttallianum-14	patens	0.114221	2.49483	0.0126016	0.0330121	440.177	91.7743	72.9583
parryi	ramosum-1_5	nuttallianum-14	0.203824	4.52251	6.11113e-06	0.0408467	137.669	113.294	74.9297
parryi	ramosum-3	nuttallianum-14	0.217854	4.42683	9.56271e-06	0.0439129	138.097	110.038	70.6701
parryi	ramosum-4_10	nuttallianum-14	0.24049	5.39902	6.70072e-08	0.0488723	140.624	121.343	74.2941
parryi	sapellonis	nuttallianum-14	0.204356	4.44549	8.76924e-06	0.0396498	140.625	109.719	72.4844
parryi	nuttallianum-14	scaposum	0.0739948	1.84186	0.0654962	0.0267225	107.688	141.138	121.69
parryi	scopulorum	nuttallianum-14	0.196959	4.25611	2.0801e-05	0.0394171	139.898	107.047	71.8183
parryi	stachydeum	nuttallianum-14	0.0608418	1.25313	0.210159	0.0140913	121.064	105.585	93.474
parryi	nuttallianum-14	trolliifolium	0.318173	7.99643	1.28077e-15	0.0930038	207.634	169.925	87.8941
nuttallianum-14	viridescens	parryi	0.201922	4.43729	9.10968e-06	0.0217821	211.245	109.2	72.5087
nuttallianum-14	xantholeucum	parryi	0.080466	1.94533	0.0517348	0.00729262	436.126	88.5499	75.3607
ramosum-1_5	nuttallianum-14	patens	0.0808627	1.62517	0.104127	0.0157917	483.31	64.9071	55.1953
ramosum-3	nuttallianum-14	patens	0.0411797	0.754255	0.450696	0.00784566	463.661	59.3906	54.6927
ramosum-4_10	nuttallianum-14	patens	0.117875	2.34035	0.0192657	0.0218043	504.267	64.6563	51.0208
sapellonis	nuttallianum-14	patens	0.0864262	1.67294	0.0943387	0.0163279	488.497	62.8637	52.862
scaposum	nuttallianum-14	patens	0.0448223	0.972525	0.33079	0.0091706	465.514	63.2535	57.8264
scopulorum	nuttallianum-14	patens	0.144569	2.84049	0.00450445	0.0267129	485.307	64.1615	47.9531
stachydeum	nuttallianum-14	patens	0.0209248	0.386894	0.698835	0.00451488	428.719	62.5972	60.0313
nuttallianum-14	trolliifolium	patens	0.1533	3.5683	0.000359302	0.0479154	420.887	108.002	79.2899
viridescens	nuttallianum-14	patens	0.0127193	0.241625	0.809071	0.00222166	539.903	51.0069	49.7257
xantholeucum	nuttallianum-14	patens	0.0401813	0.862541	0.38839	0.00619386	841.493	49.4149	45.5972
ramosum-3	ramosum-1_5	nuttallianum-14	0.079775	1.40148	0.161069	0.00721025	293.289	46.9974	40.053
ramosum-4_10	ramosum-1_5	nuttallianum-14	0.0015296	0.0306388	0.975558	0.000134685	258.294	45.2424	45.1042
ramosum-1_5	sapellonis	nuttallianum-14	0.0135185	0.264804	0.791161	0.00122241	291.22	46.1419	44.911
nuttallianum-14	ramosum-1_5	scaposum	0.157283	3.87604	0.00010617	0.0446238	105.705	130.993	95.3876
scopulorum	ramosum-1_5	nuttallianum-14	0.0921135	1.82013	0.0687388	0.00984445	242.329	56.5638	47.0221
stachydeum	ramosum-1_5	nuttallianum-14	0.201785	3.84334	0.000121369	0.0337107	138.372	93.9896	62.4271
ramosum-1_5	nuttallianum-14	trolliifolium	0.195487	4.62762	3.6989e-06	0.0455306	226.764	128.021	86.1528
nuttallianum-14	viridescens	ramosum-1_5	0.291265	6.36507	1.95199e-10	0.0979103	168.911	123.009	67.5156
nuttallianum-14	xantholeucum	ramosum-1_5	0.0834353	1.96825	0.0490397	0.0215661	407.314	86.1181	72.8542
ramosum-3	ramosum-4_10	nuttallianum-14	0.0161498	0.285409	0.775331	0.00145092	252.48	43.913	42.5172
ramosum-3	sapellonis	nuttallianum-14	0.107025	1.80016	0.0718359	0.00919851	366.322	45.9987	37.1046
nuttallianum-14	ramosum-3	scaposum	0.132958	3.02798	0.00246193	0.0382011	99.8984	125.421	95.9835
scopulorum	ramosum-3	nuttallianum-14	0.0478082	0.831126	0.405903	0.00485358	254.065	49.6936	45.1589
stachydeum	ramosum-3	nuttallianum-14	0.215883	3.7259	0.000194621	0.0345312	142.97	88.276	56.9288
ramosum-3	nuttallianum-14	trolliifolium	0.149672	3.34215	0.000831322	0.0352297	208.564	118.62	87.7344
nuttallianum-14	viridescens	ramosum-3	0.367371	7.81744	5.39076e-15	0.0893852	161.531	127.771	59.1146
nuttallianum-14	xantholeucum	ramosum-3	0.0807878	1.78082	0.0749417	0.0156615	385.627	84.5538	71.9132
sapellonis	ramosum-4_10	nuttallianum-14	0.00709507	0.143922	0.885562	0.000691624	257.559	50.2468	49.5388
nuttallianum-14	ramosum-4_10	scaposum	0.140869	3.42765	0.000608835	0.0389991	109.224	129.138	97.247
scopulorum	ramosum-4_10	nuttallianum-14	0.0566689	1.15379	0.248587	0.00606183	251.64	55.337	49.4016
stachydeum	ramosum-4_10	nuttallianum-14	0.191586	3.73663	0.0001865	0.0313845	140.879	92.9354	63.0507
ramosum-4_10	nuttallianum-14	trolliifolium	0.199789	4.7612	1.92448e-06	0.0463729	223.006	129.305	86.2413
nuttallianum-14	viridescens	ramosum-4_10	0.322377	7.19467	6.26134e-13	0.119339	175.766	131.11	67.1847
nuttallianum-14	xantholeucum	ramosum-4_10	0.0511324	1.24496	0.213145	0.0138602	426.893	82.8064	74.7502
nuttallianum-14	sapellonis	scaposum	0.134429	3.19133	0.00141618	0.0378773	110.758	130.026	99.2096
scopulorum	sapellonis	nuttallianum-14	0.113808	2.24864	0.0245356	0.0122766	278.976	58.457	46.5109
stachydeum	sapellonis	nuttallianum-14	0.253975	4.90855	9.17514e-07	0.0432135	143.49	99.5495	59.2248
sapellonis	nuttallianum-14	trolliifolium	0.190321	4.50663	6.58666e-06	0.0454903	231.006	129.022	87.763
nuttallianum-14	viridescens	sapellonis	0.279958	6.14371	8.0616e-10	0.0945009	166.779	127.277	71.5998
nuttallianum-14	xantholeucum	sapellonis	0.0695036	1.64232	0.100524	0.0174409	408.57	86.8633	75.5734
nuttallianum-14	scopulorum	scaposum	0.121298	2.93228	0.00336479	0.0366144	105.93	132.484	103.82
stachydeum	nuttallianum-14	scaposum	0.049804	1.12979	0.258563	0.0151734	92.1085	119.739	108.378
scaposum	nuttallianum-14	trolliifolium	0.181431	4.67399	2.95407e-06	0.0478728	222.533	141.365	97.9462
nuttallianum-14	viridescens	scaposum	0.197039	4.87264	1.10118e-06	0.0543987	182.952	121.197	81.2977
nuttallianum-14	xantholeucum	scaposum	0.0675602	1.7642	0.0776991	0.0140447	430.344	92.519	80.8089
stachydeum	scopulorum	nuttallianum-14	0.16439	3.08386	0.00204333	0.0280549	140.718	90.2109	64.7387
scopulorum	nuttallianum-14	trolliifolium	0.150067	3.48919	0.000484491	0.0361144	214.36	122.114	90.2457
nuttallianum-14	viridescens	scopulorum	0.342721	7.68289	1.5554e-14	0.0851458	156.751	121.14	59.2995
nuttallianum-14	xantholeucum	scopulorum	0.105391	2.55321	0.0106736	0.0218689	407.695	89.4523	72.395
stachydeum	nuttallianum-14	trolliifolium	0.175438	3.90723	9.33619e-05	0.0458673	180.71	131.023	91.9115
nuttallianum-14	viridescens	stachydeum	0.262248	5.24921	1.52757e-07	0.0385731	182.7	104.352	60.9913
nuttallianum-14	xantholeucum	stachydeum	0.00514645	0.112359	0.910539	0.000580008	413.613	69.0023	68.2957
viridescens	nuttallianum-14	trolliifolium	0.121812	2.77849	0.00546114	0.0265194	292.245	103.238	80.8177
nuttallianum-14	xantholeucum	trolliifolium	0.0116546	0.299973	0.764198	0.00224419	515.378	89.1389	87.0851
nuttallianum-14	xantholeucum	viridescens	0.0862268	2.20353	0.0275573	0.015798	316.313	116.011	97.5929
parryi	occidentale	nuttallianum-7_9	0.239016	5.76534	8.14955e-09	0.0759294	165.62	135.099	82.9754
occidentale	nuttallianum-7_9	patens	0.123848	2.88567	0.00390579	0.0279576	538.379	83.497	65.0942
ramosum-1_5	occidentale	nuttallianum-7_9	0.0710416	1.62201	0.104802	0.0133234	236.346	72.9602	63.2814
occidentale	ramosum-3	nuttallianum-7_9	0.000718719	0.0151508	0.987912	0.000151296	227.211	71.3103	71.2079
ramosum-4_10	occidentale	nuttallianum-7_9	0.0797789	1.83811	0.0660455	0.0153355	240.396	75.8363	64.6301
sapellonis	occidentale	nuttallianum-7_9	0.0196046	0.432537	0.665351	0.00402177	239.111	74.9427	72.0608
nuttallianum-7_9	occidentale	scaposum	0.181331	5.02496	5.03531e-07	0.0566855	123.044	159.346	110.428
scopulorum	occidentale	nuttallianum-7_9	0.116046	2.6373	0.00835681	0.0246957	212.02	79.9937	63.3583
stachydeum	occidentale	nuttallianum-7_9	0.178804	3.93495	8.32135e-05	0.0484377	175.489	108.648	75.6884
occidentale	nuttallianum-7_9	trolliifolium	0.172469	4.5959	4.30886e-06	0.043426	236.658	143.823	101.511
nuttallianum-7_9	viridescens	occidentale	0.332418	8.23617	2.3e-16	0.106609	145.15	156.089	78.2053
nuttallianum-7_9	xantholeucum	occidentale	0.141482	3.73503	0.00018769	0.040539	253.975	123.227	92.6801
parryi	nuttallianum-7_9	patens	0.119012	2.90573	0.003664	0.0351867	451.948	100	78.7292
parryi	ramosum-1_5	nuttallianum-7_9	0.190764	4.489	7.15588e-06	0.0539794	170.025	117.402	79.7857
parryi	ramosum-3	nuttallianum-7_9	0.239348	5.25053	1.51661e-07	0.0720475	166.734	121.045	74.2917
parryi	ramosum-4_10	nuttallianum-7_9	0.196154	4.57688	4.71971e-06	0.0569592	177.871	123.815	83.2071
parryi	sapellonis	nuttallianum-7_9	0.190842	4.3993	1.08602e-05	0.0542905	181.203	117.107	79.5725
nuttallianum-7_9	parryi	scaposum	0.00228306	0.062417	0.950231	0.000856124	109.973	145.574	144.911
parryi	scopulorum	nuttallianum-7_9	0.154685	3.51113	0.000446204	0.0445979	173.795	107.481	78.6837
parryi	stachydeum	nuttallianum-7_9	0.114232	2.53568	0.011223	0.0380133	154.113	114.729	91.2049
parryi	nuttallianum-7_9	trolliifolium	0.268607	7.24945	4.18479e-13	0.0833372	203.434	176.986	102.038
nuttallianum-7_9	viridescens	parryi	0.272281	6.66212	2.69914e-11	0.0321735	188.051	134.903	77.162
nuttallianum-7_9	xantholeucum	parryi	0.166664	4.46502	8.00597e-06	0.0187805	283.796	123.528	88.235
ramosum-1_5	nuttallianum-7_9	patens	0.0882729	2.04857	0.0405041	0.0189856	509.212	76.8819	64.4097
ramosum-3	nuttallianum-7_9	patens	0.0631491	1.39307	0.163598	0.0136594	481.654	72.7786	64.1328
ramosum-4_10	nuttallianum-7_9	patens	0.134298	3.15202	0.00162145	0.0282053	524.959	79.4139	60.609
sapellonis	nuttallianum-7_9	patens	0.122374	2.79632	0.00516876	0.0270007	507	81.9796	64.1029
scaposum	nuttallianum-7_9	patens	0.0436467	1.07091	0.284208	0.00993604	491.798	74.9301	68.6628
scopulorum	nuttallianum-7_9	patens	0.145808	3.27388	0.00106083	0.0305236	483.046	75.6159	56.3711
stachydeum	nuttallianum-7_9	patens	0.113513	2.53125	0.0113657	0.0271892	458.181	82.6319	65.7847
nuttallianum-7_9	trolliifolium	patens	0.119217	3.14704	0.00164932	0.0379344	426.726	111.443	87.7014
viridescens	nuttallianum-7_9	patens	0.0562553	1.24982	0.211366	0.0119076	526.835	69.0087	61.658
xantholeucum	nuttallianum-7_9	patens	0.129669	3.14697	0.00164971	0.0250134	667.462	70.089	53.9987
ramosum-1_5	ramosum-3	nuttallianum-7_9	0.129391	2.49787	0.0124943	0.0172662	330.756	53.1968	41.0076
ramosum-4_10	ramosum-1_5	nuttallianum-7_9	0.01526	0.327788	0.743072	0.00188284	302.213	48.4082	46.953
ramosum-1_5	sapellonis	nuttallianum-7_9	0.0525301	1.10783	0.267937	0.00670859	350.491	51.0484	45.9529
nuttallianum-7_9	ramosum-1_5	scaposum	0.226084	6.0544	1.40938e-09	0.0687898	108.28	166.032	104.801
scopulorum	ramosum-1_5	nuttallianum-7_9	0.0113888	0.240299	0.810099	0.00171278	279.472	54.1157	52.8969
stachydeum	ramosum-1_5	nuttallianum-7_9	0.141962	3.00914	0.00261991	0.0333401	168.636	91.5579	68.794
ramosum-1_5	nuttallianum-7_9	trolliifolium	0.161179	4.2516	2.12247e-05	0.039942	218.932	138.857	100.309
nuttallianum-7_9	viridescens	ramosum-1_5	0.381693	9.30801	2.3e-16	0.137863	146.617	156.523	70.0441
nuttallianum-7_9	xantholeucum	ramosum-1_5	0.200315	5.12638	2.95361e-07	0.0630435	252.504	126.599	84.3442
ramosum-4_10	ramosum-3	nuttallianum-7_9	0.121217	2.37718	0.0174455	0.0169709	295.07	55.5206	43.5157
sapellonis	ramosum-3	nuttallianum-7_9	0.0829541	1.55428	0.120118	0.0107086	414.996	48.4457	41.0239
nuttallianum-7_9	ramosum-3	scaposum	0.198728	5.00629	5.54886e-07	0.0596092	105.373	151.266	101.111
scopulorum	ramosum-3	nuttallianum-7_9	0.119619	2.27204	0.0230838	0.0193046	279.927	59.6285	46.8872
stachydeum	ramosum-3	nuttallianum-7_9	0.173758	3.33797	0.000843923	0.0432758	173.049	92.2969	64.9705
ramosum-3	nuttallianum-7_9	trolliifolium	0.132576	3.32972	0.000869325	0.0334186	212.294	131.02	100.346
nuttallianum-7_9	viridescens	ramosum-3	0.383554	9.45118	2.3e-16	0.107735	134.839	159.74	71.1727
nuttallianum-7_9	xantholeucum	ramosum-3	0.153902	3.82912	0.000128601	0.0382176	240.406	120.724	88.5208
ramosum-4_10	sapellonis	nuttallianum-7_9	0.0333018	0.713641	0.475449	0.00464384	300.74	54.8599	51.3238
nuttallianum-7_9	ramosum-4_10	scaposum	0.190297	5.11813	3.08578e-07	0.0568404	108.342	157.324	107.02
scopulorum	ramosum-4_10	nuttallianum-7_9	0.0352428	0.759443	0.447588	0.00534139	287.024	56.7858	52.9194
stachydeum	ramosum-4_10	nuttallianum-7_9	0.11205	2.3712	0.0177303	0.0270126	173.913	91.8059	73.3052
ramosum-4_10	nuttallianum-7_9	trolliifolium	0.18509	4.98848	6.08574e-07	0.0469911	222.185	147.328	101.308
nuttallianum-7_9	viridescens	ramosum-4_10	0.417829	10.4338	2.3e-16	0.165191	145.183	165.72	68.0457
nuttallianum-7_9	xantholeucum	ramosum-4_10	0.167185	4.40028	1.08111e-05	0.0558099	264.012	121.953	87.0162
nuttallianum-7_9	sapellonis	scaposum	0.192865	5.1389	2.76358e-07	0.0580961	112.439	159.403	107.857
scopulorum	sapellonis	nuttallianum-7_9	0.047182	0.977263	0.328439	0.00681697	318.558	53.9065	49.0488
stachydeum	sapellonis	nuttallianum-7_9	0.173363	3.54009	0.000399988	0.0414594	179.256	94.3442	66.4657
sapellonis	nuttallianum-7_9	trolliifolium	0.150877	3.91868	8.90342e-05	0.0394112	223.918	143.447	105.836
nuttallianum-7_9	viridescens	sapellonis	0.372353	9.25671	2.3e-16	0.128607	146.008	154.975	70.878
nuttallianum-7_9	xantholeucum	sapellonis	0.197674	5.11864	3.07747e-07	0.0621435	252.867	130.018	87.0996
nuttallianum-7_9	scopulorum	scaposum	0.177009	4.78591	1.70216e-06	0.0537182	101.309	150.294	105.089
nuttallianum-7_9	stachydeum	scaposum	0.0382486	0.96993	0.332081	0.012124	101.243	133.226	123.41
scaposum	nuttallianum-7_9	trolliifolium	0.15892	4.49817	6.85404e-06	0.0441144	225.648	153.452	111.367
nuttallianum-7_9	viridescens	scaposum	0.254253	6.95215	3.5977e-12	0.0775228	165.766	153.915	91.5138
nuttallianum-7_9	xantholeucum	scaposum	0.100464	2.89508	0.00379065	0.0268922	272.02	128.47	105.013
stachydeum	scopulorum	nuttallianum-7_9	0.103605	2.11371	0.0345401	0.0255723	164.584	87.2507	70.8688
scopulorum	nuttallianum-7_9	trolliifolium	0.114823	2.97799	0.00290141	0.0298537	205.829	132.758	105.411
nuttallianum-7_9	viridescens	scopulorum	0.428103	10.5678	2.3e-16	0.112403	140.018	149.573	59.898
nuttallianum-7_9	xantholeucum	scopulorum	0.221892	5.8009	6.59612e-09	0.0553926	249.22	125.311	79.7985
stachydeum	nuttallianum-7_9	trolliifolium	0.117981	2.92851	0.00340586	0.0326093	189.215	137.253	108.285
nuttallianum-7_9	viridescens	stachydeum	0.29632	6.68981	2.23463e-11	0.0475339	161.205	125.724	68.2465
nuttallianum-7_9	xantholeucum	stachydeum	0.101277	2.53269	0.0113191	0.0149066	258.701	101.499	82.8309
viridescens	nuttallianum-7_9	trolliifolium	0.0896967	2.26446	0.023546	0.022373	268.312	120.01	100.253
nuttallianum-7_9	xantholeucum	trolliifolium	0.00927251	0.26427	0.791572	0.00225818	358.211	114.798	112.689
nuttallianum-7_9	xantholeucum	viridescens	0.223949	6.37103	1.8776e-10	0.0524501	191.556	176.839	112.126
parryi	occidentale	patens	0.0832235	1.76849	0.0769786	0.0186143	585.687	77.7561	65.8082
occidentale	ramosum-1_5	parryi	0.0636638	1.34933	0.177231	0.00463499	180.949	77.4318	68.1627
occidentale	ramosum-3	parryi	0.0316354	0.603698	0.546044	0.00232567	169.561	72.2972	67.8631
occidentale	ramosum-4_10	parryi	0.0264086	0.567985	0.570045	0.00195145	182.755	76.6534	72.7089
occidentale	sapellonis	parryi	0.0518066	1.064	0.287327	0.00394139	169.508	79.025	71.2402
parryi	occidentale	scaposum	0.224522	5.3689	7.92177e-08	0.0612312	140.325	140.159	88.761
occidentale	scopulorum	parryi	0.0948285	1.912	0.0558758	0.00744772	150.616	79.7953	65.9723
parryi	occidentale	stachydeum	0.218289	4.56311	5.04009e-06	0.0387554	101.706	131.272	84.23
parryi	occidentale	trolliifolium	0.225482	5.10165	3.36711e-07	0.0444402	268.48	115.143	72.7717
parryi	occidentale	viridescens	0.298241	6.69364	2.17686e-11	0.0518425	101.343	148.486	80.2633
parryi	occidentale	xantholeucum	0.204733	4.76187	1.91807e-06	0.0476196	145.081	131.904	87.0719
ramosum-1_5	occidentale	patens	0.038521	0.713208	0.475717	0.00462114	725.32	43.997	40.7331
occidentale	ramosum-3	patens	0.0501151	0.851279	0.394614	0.00584186	697.737	41.5807	37.612
ramosum-4_10	occidentale	patens	0.110017	2.08087	0.0374454	0.012364	731.831	44.7792	35.9028
occidentale	sapellonis	patens	0.00565626	0.105239	0.916186	0.000667175	719.823	41.8251	41.3546
occidentale	scaposum	patens	0.0458415	0.975962	0.329083	0.00755251	575.57	56.8377	51.855
scopulorum	occidentale	patens	0.143963	2.5776	0.00994882	0.0159723	660.659	42.1593	31.5482
occidentale	stachydeum	patens	0.0644095	1.13548	0.256174	0.0109193	589.09	59.2743	52.1007
occidentale	trolliifolium	patens	0.205985	4.84611	1.25905e-06	0.0625834	392.307	117.755	77.5295
occidentale	viridescens	patens	0.129268	2.37111	0.0177347	0.0203017	591.009	58.8003	45.3385
xantholeucum	occidentale	patens	0.0390227	0.814946	0.415103	0.00754328	549.442	64.7856	59.9193
ramosum-3	ramosum-1_5	occidentale	0.0344229	0.719181	0.472029	0.00737659	199.35	73.3001	68.4217
ramosum-4_10	ramosum-1_5	occidentale	0.10716	2.50073	0.0123937	0.0217316	161.02	79.6289	64.2147
sapellonis	ramosum-1_5	occidentale	0.055031	1.21761	0.223372	0.0114789	206.948	76.7362	68.731
occidentale	ramosum-1_5	scaposum	0.0607838	1.33998	0.180251	0.00923009	195.332	72.8368	64.4896
scopulorum	ramosum-1_5	occidentale	0.124943	2.76388	0.00571182	0.0274426	140.299	80.8843	62.9173
occidentale	ramosum-1_5	stachydeum	0.000679715	0.0131428	0.989514	7.15906e-05	160.484	71.5655	71.4683
ramosum-1_5	occidentale	trolliifolium	0.0186565	0.38703	0.698734	0.00223285	357.835	63.4162	61.0933
ramosum-1_5	occidentale	viridescens	0.0341423	0.697247	0.485648	0.00357577	155.948	77.3268	72.2209
ramosum-1_5	occidentale	xantholeucum	0.00372737	0.0804365	0.93589	0.000499989	201.114	68.9578	68.4456
ramosum-4_10	ramosum-3	occidentale	0.0656295	1.36797	0.171322	0.0135185	164.155	74.152	65.0183
sapellonis	ramosum-3	occidentale	0.0175073	0.343752	0.731033	0.00313193	293.436	62.0543	59.9188
occidentale	ramosum-3	scaposum	0.0441859	0.880613	0.378528	0.00700355	187.459	72.9258	66.7539
scopulorum	ramosum-3	occidentale	0.0959364	1.8864	0.0592413	0.0216708	151.198	76.524	63.1264
occidentale	ramosum-3	stachydeum	0.0791945	1.42279	0.154797	0.00868606	147.264	76.0139	64.8576
occidentale	ramosum-3	trolliifolium	0.0659086	1.24381	0.213568	0.00770903	336.843	61.4332	53.8359
occidentale	ramosum-3	viridescens	0.0359454	0.680369	0.496271	0.00422698	141.379	84.3585	78.5043
ramosum-3	occidentale	xantholeucum	0.0519559	1.02215	0.306709	0.00722265	198.329	69.74	62.8511
ramosum-4_10	sapellonis	occidentale	0.0269546	0.605908	0.544576	0.00562232	157.306	77.1581	73.1077
occidentale	ramosum-4_10	scaposum	0.00206097	0.0456854	0.963561	0.000321602	193.431	70.9898	70.6977
ramosum-4_10	scopulorum	occidentale	0.00545542	0.12035	0.904206	0.00120178	151.218	73.4656	72.6684
ramosum-4_10	occidentale	stachydeum	0.0410874	0.821861	0.411156	0.00405527	153.548	70.1996	64.6586
ramosum-4_10	occidentale	trolliifolium	0.0243857	0.507441	0.611846	0.00282847	356.028	62.399	59.4281
ramosum-4_10	occidentale	viridescens	0.0338173	0.705591	0.480442	0.00377579	146.395	82.8593	77.4385
ramosum-4_10	occidentale	xantholeucum	0.0644555	1.39126	0.164146	0.00847305	202.689	72.128	63.3929
occidentale	sapellonis	scaposum	0.0154864	0.331208	0.740488	0.00235139	186.579	70.6957	68.5394
scopulorum	sapellonis	occidentale	0.0499612	1.06571	0.286554	0.0106332	174.739	73.1713	66.2078
occidentale	sapellonis	stachydeum	0.0526939	1.0234	0.306118	0.00584502	156.47	77.2049	69.4757
occidentale	sapellonis	trolliifolium	0.0523126	1.08831	0.27646	0.00629845	359.293	65.6908	59.1596
sapellonis	occidentale	viridescens	0.0562059	1.14476	0.252311	0.00626039	149.537	84.0734	75.1254
occidentale	sapellonis	xantholeucum	0.0110259	0.233752	0.815177	0.00159839	202.891	75.3785	73.7344
occidentale	scopulorum	scaposum	0.000100999	0.00213846	0.998294	1.65169e-05	175.994	68.7644	68.7505
stachydeum	occidentale	scaposum	0.225955	4.68945	2.73946e-06	0.0469052	140.326	109.022	68.8342
scaposum	occidentale	trolliifolium	0.0113532	0.270464	0.786803	0.0021904	252.195	95.1901	93.053
occidentale	viridescens	scaposum	0.0809328	1.87524	0.0607593	0.0200242	135.468	109.282	92.9175
xantholeucum	occidentale	scaposum	0.137842	3.45297	0.000554449	0.039997	125.499	140.409	106.39
scopulorum	occidentale	stachydeum	0.0179296	0.331745	0.740082	0.00196392	138.107	68.9957	66.5651
occidentale	scopulorum	trolliifolium	0.0581863	1.21683	0.223669	0.00718361	325.355	63.8095	56.7921
scopulorum	occidentale	viridescens	0.0358748	0.735424	0.462081	0.00426604	133.356	79.205	73.7189
scopulorum	occidentale	xantholeucum	0.0251569	0.541277	0.588317	0.00385385	186.473	75.912	72.1863
occidentale	stachydeum	trolliifolium	0.0247885	0.502573	0.615264	0.00413582	268.905	80.7448	76.8385
stachydeum	occidentale	viridescens	0.266289	5.29717	1.1761e-07	0.0387429	108.925	127.04	73.6091
stachydeum	occidentale	xantholeucum	0.226265	4.67806	2.89603e-06	0.0403025	158.337	106.783	67.3767
occidentale	viridescens	trolliifolium	0.143793	3.02359	0.00249797	0.0253219	283.679	95.5087	71.4948
occidentale	xantholeucum	trolliifolium	0.22463	5.50545	3.68217e-08	0.0528633	248.987	140.312	88.8381
xantholeucum	viridescens	occidentale	0.254725	5.91823	3.25417e-09	0.0766892	180.519	129.003	76.6247
parryi	ramosum-1_5	patens	0.0974929	2.04639	0.0407176	0.0209131	573.337	76.4549	62.8715
parryi	ramosum-3	patens	0.138507	2.71433	0.00664099	0.0296132	544.778	77.375	58.5486
parryi	ramosum-4_10	patens	0.0160088	0.34759	0.728148	0.00344048	599.392	70.4292	68.2097
parryi	sapellonis	patens	0.0764935	1.59428	0.110873	0.016018	572.779	72.796	62.4505
parryi	scaposum	patens	0.0984033	2.24017	0.02508	0.0245843	473.292	83.6007	68.6215
scopulorum	parryi	patens	0.0424524	0.848501	0.396159	0.00842859	537.516	62.2422	57.1727
parryi	stachydeum	patens	0.117766	2.3236	0.0201471	0.0298697	482.615	83.4618	65.875
parryi	trolliifolium	patens	0.190758	4.68832	2.75459e-06	0.0723058	370.826	134.75	91.5764
parryi	viridescens	patens	0.144801	3.02149	0.00251536	0.0364128	481.597	87.6528	65.4792
parryi	xantholeucum	patens	0.0395651	0.88632	0.375445	0.0107037	454.469	83.8194	77.4392
ramosum-1_5	ramosum-3	parryi	0.0183617	0.335689	0.737106	0.000911538	261.24	49.0582	47.2891
ramosum-4_10	ramosum-1_5	parryi	0.0512988	1.06951	0.28484	0.00251901	239.685	53.3937	48.183
ramosum-1_5	sapellonis	parryi	0.0241967	0.481491	0.630167	0.00125415	262.833	53.9755	51.4251
parryi	ramosum-1_5	scaposum	0.234171	5.52172	3.35705e-08	0.059938	141.422	133.045	82.5573
ramosum-1_5	scopulorum	parryi	0.005454	0.108341	0.913725	0.000320542	201.913	56.4897	55.8768
parryi	ramosum-1_5	stachydeum	0.282757	5.93074	3.01573e-09	0.0450026	114.359	124.883	69.8273
parryi	ramosum-1_5	trolliifolium	0.226114	5.08269	3.72123e-07	0.043071	276.957	111.887	70.6198
parryi	ramosum-1_5	viridescens	0.281243	6.04571	1.48755e-09	0.043874	103.718	130.006	72.9311
parryi	ramosum-1_5	xantholeucum	0.2276	5.37259	7.76138e-08	0.0468161	143.757	120.922	76.0838
ramosum-4_10	ramosum-3	parryi	0.0976997	1.77631	0.0756816	0.00520125	225.948	56.8833	46.7576
ramosum-3	sapellonis	parryi	0.0591025	1.03511	0.300616	0.00264789	341.196	46.1372	40.9878
parryi	ramosum-3	scaposum	0.200755	4.40189	1.07313e-05	0.0515432	133.97	124.826	83.0868
ramosum-3	scopulorum	parryi	0.0281125	0.500874	0.61646	0.0016283	210.248	53.6508	50.7167
parryi	ramosum-3	stachydeum	0.280045	5.49603	3.88428e-08	0.0464441	104.163	122.524	68.9132
parryi	ramosum-3	trolliifolium	0.236159	4.91247	8.99363e-07	0.046977	268.118	112.722	69.6528
parryi	ramosum-3	viridescens	0.312236	6.36603	1.93985e-10	0.0509483	97.9201	135.99	71.2743
parryi	ramosum-3	xantholeucum	0.210172	4.52253	6.11047e-06	0.0454309	144.558	117.459	76.6606
ramosum-4_10	sapellonis	parryi	0.0964659	1.93234	0.053317	0.00524294	232.294	61.3349	50.5425
parryi	ramosum-4_10	scaposum	0.199473	4.6417	3.45559e-06	0.0488065	144.863	125.257	83.5965
ramosum-4_10	scopulorum	parryi	0.0362753	0.713834	0.47533	0.00209145	217.093	57.9573	53.8997
parryi	ramosum-4_10	stachydeum	0.244008	5.19169	2.08391e-07	0.0387067	112.711	122.303	74.3241
parryi	ramosum-4_10	trolliifolium	0.179271	4.03793	5.39258e-05	0.0337678	277.752	106.283	73.9691
parryi	ramosum-4_10	viridescens	0.269415	5.85031	4.90645e-09	0.0428447	105.164	133.318	76.7283
parryi	ramosum-4_10	xantholeucum	0.211668	4.97503	6.52366e-07	0.0439283	150.787	122.684	79.8201
parryi	sapellonis	scaposum	0.184336	4.29253	1.76646e-05	0.0460506	144.961	128.073	88.2054
scopulorum	sapellonis	parryi	0.0208325	0.413492	0.679246	0.00109844	234.698	51.6391	49.5315
parryi	sapellonis	stachydeum	0.268036	5.64157	1.68506e-08	0.0421939	108.965	121.08	69.8924
parryi	sapellonis	trolliifolium	0.20637	4.58322	4.57876e-06	0.0393426	279.499	109.454	72.0061
parryi	sapellonis	viridescens	0.27605	5.98579	2.15344e-09	0.0427736	108.419	129.319	73.3672
parryi	sapellonis	xantholeucum	0.20329	4.69188	2.70703e-06	0.0419888	154.293	118.171	78.2422
parryi	scopulorum	scaposum	0.188597	4.27562	1.90602e-05	0.0483993	140.464	121.106	82.674
parryi	stachydeum	scaposum	0.017146	0.37621	0.706761	0.00468082	132.808	107.008	103.4
parryi	scaposum	trolliifolium	0.179493	4.28746	1.80726e-05	0.0443625	229.826	132.024	91.8414
parryi	viridescens	scaposum	0.262052	6.32668	2.50499e-10	0.0796587	115.032	149.422	87.3704
parryi	xantholeucum	scaposum	0.0857334	2.1763	0.029533	0.0296571	118.246	149.605	125.979
parryi	scopulorum	stachydeum	0.233493	4.63951	3.49242e-06	0.0369681	103.325	110.572	68.7106
parryi	scopulorum	trolliifolium	0.223538	4.97779	6.43139e-07	0.0429042	266.62	105.565	66.9916
parryi	scopulorum	viridescens	0.267407	5.57679	2.44999e-08	0.0415341	103.074	118.606	68.557
parryi	scopulorum	xantholeucum	0.223309	5.17623	2.2641e-07	0.0472403	148.768	118.355	75.1447
parryi	stachydeum	trolliifolium	0.168229	3.5128	0.000443416	0.0367257	239.485	110.506	78.6794
parryi	stachydeum	viridescens	0.109579	2.19724	0.0280032	0.0203297	97.6233	124.498	99.908
parryi	stachydeum	xantholeucum	0.0290755	0.616828	0.537348	0.00684084	127.082	106.302	100.295
parryi	viridescens	trolliifolium	0.256822	5.63145	1.78702e-08	0.0596097	239.994	130.126	76.9456
parryi	xantholeucum	trolliifolium	0.333433	8.77163	2.3e-16	0.0961102	225.748	178.047	89.0035
xantholeucum	viridescens	parryi	0.156445	3.53797	0.000403221	0.0180155	218.37	117.997	86.0712
ramosum-1_5	ramosum-3	patens	0.165905	2.63226	0.00848178	0.0142239	845.167	35.0035	25.0417
ramosum-4_10	ramosum-1_5	patens	0.142118	2.55895	0.0104988	0.0123207	813.432	36.136	27.143
ramosum-1_5	sapellonis	patens	0.0825239	1.42654	0.153713	0.0072393	886.866	34.1037	28.9041
ramosum-1_5	scaposum	patens	0.0569495	1.20377	0.228678	0.00894737	573.485	55.0339	49.1033
scopulorum	ramosum-1_5	patens	0.107918	1.89581	0.0579846	0.0100093	738.572	34.2565	27.5829
ramosum-1_5	stachydeum	patens	0.0939318	1.65429	0.0980682	0.0154283	564.289	59.2613	49.0842
ramosum-1_5	trolliifolium	patens	0.223713	5.27361	1.33769e-07	0.0655048	406.338	119.22	75.6293
ramosum-1_5	viridescens	patens	0.164105	2.93175	0.00337062	0.0250993	589.848	58.9661	42.3411
xantholeucum	ramosum-1_5	patens	0.0123878	0.255742	0.79815	0.00224465	551.157	59.52	58.0634
ramosum-4_10	ramosum-3	patens	0.20802	3.3979	0.000679053	0.0194338	790.463	39.7694	26.0729
sapellonis	ramosum-3	patens	0.0837508	1.28922	0.197323	0.00614487	940.698	27.9809	23.6562
ramosum-3	scaposum	patens	0.0165785	0.320934	0.74826	0.00269144	540.595	52.3767	50.6684
scopulorum	ramosum-3	patens	0.162538	2.49606	0.0125582	0.0143351	728.417	33.4896	24.125
stachydeum	ramosum-3	patens	0.0143493	0.228455	0.819292	0.00221913	571.392	49.4583	48.059
ramosum-3	trolliifolium	patens	0.1902	4.2065	2.59353e-05	0.0531097	380.434	104.663	71.2118
ramosum-3	viridescens	patens	0.0882802	1.42345	0.154605	0.0133193	570.194	52.0069	43.5694
xantholeucum	ramosum-3	patens	0.0594046	1.14676	0.25148	0.0110272	518.061	62.7431	55.7066
ramosum-4_10	sapellonis	patens	0.126454	2.288	0.0221377	0.0122325	794.22	39.6175	30.7227
ramosum-4_10	scaposum	patens	0.100146	2.12714	0.0334082	0.0160491	570.517	59.2872	48.4934
scopulorum	ramosum-4_10	patens	0.0302657	0.527843	0.597608	0.0028325	755.631	32.5042	30.5944
ramosum-4_10	stachydeum	patens	0.125269	2.24537	0.0247447	0.0198247	582.455	59.2274	46.0406
ramosum-4_10	trolliifolium	patens	0.237531	5.63499	1.75067e-08	0.0673623	423.919	117.299	72.2701
ramosum-4_10	viridescens	patens	0.191193	3.39402	0.000688739	0.0281158	597.846	58.7295	39.8767
ramosum-4_10	xantholeucum	patens	0.0358125	0.74685	0.455154	0.00635876	561.782	60.091	55.9358
sapellonis	scaposum	patens	0.0479455	1.00187	0.316406	0.00772285	568.248	55.4583	50.3837
scopulorum	sapellonis	patens	0.10385	1.78102	0.0749098	0.00911088	783.917	32.7643	26.5994
sapellonis	stachydeum	patens	0.0214453	0.366157	0.714248	0.0032073	582.333	50.3177	48.2049
sapellonis	trolliifolium	patens	0.213593	4.89964	9.60142e-07	0.0621302	393.741	115.042	74.5469
sapellonis	viridescens	patens	0.141478	2.44912	0.0143205	0.0213233	568.373	57.0729	42.9253
xantholeucum	sapellonis	patens	0.0297476	0.60527	0.545	0.00567883	545.363	63.8837	60.1927
scopulorum	scaposum	patens	0.132512	2.74745	0.00600616	0.0206534	532.784	56.0864	42.9614
stachydeum	scaposum	patens	0.0011538	0.0231821	0.981505	0.000227297	472.705	60.2569	60.1181
scaposum	trolliifolium	patens	0.190189	4.89604	9.77853e-07	0.0585163	390.161	115.88	78.8455
scaposum	viridescens	patens	0.0675733	1.35577	0.175174	0.0117823	510.766	57.1059	49.8767
xantholeucum	scaposum	patens	0.0515788	1.17713	0.239145	0.0106382	519.091	68.1186	61.4363
scopulorum	stachydeum	patens	0.12232	2.07158	0.0383048	0.0188417	538.806	52.8854	41.3576
scopulorum	trolliifolium	patens	0.240103	5.62323	1.87416e-08	0.0678283	402.288	110.785	67.8854
scopulorum	viridescens	patens	0.201594	3.55167	0.0003828	0.0303355	542.759	56.283	37.3976
scopulorum	xantholeucum	patens	0.0423758	0.849348	0.395687	0.00752134	535.968	58.4852	53.73
stachydeum	trolliifolium	patens	0.175466	3.93626	8.27598e-05	0.052468	372.243	106.802	74.9167
stachydeum	viridescens	patens	0.0429991	0.758146	0.448364	0.00866901	482.92	65.0625	59.6979
xantholeucum	stachydeum	patens	0.0633407	1.24684	0.212455	0.01368	457.799	69.4676	61.1916
viridescens	trolliifolium	patens	0.130959	3.00315	0.00267204	0.041292	384.497	107.83	82.8576
xantholeucum	trolliifolium	patens	0.201174	4.8053	1.54519e-06	0.0618658	435.514	117.203	77.9444
xantholeucum	viridescens	patens	0.10753	2.13593	0.0326848	0.0196987	596.804	62.7014	50.526
ramosum-1_5	ramosum-3	ramosum-4_10	0.0207177	0.485281	0.627477	0.00823412	132.093	86.5096	82.9978
ramosum-3	sapellonis	ramosum-1_5	0.0352484	0.809511	0.418221	0.0144028	197.025	90.7107	84.5336
ramosum-1_5	ramosum-3	scaposum	0.00457312	0.0862619	0.931258	0.000510291	283.328	49.5781	49.1267
scopulorum	ramosum-3	ramosum-1_5	0.304356	6.77288	1.26242e-11	0.140311	86.2101	133.997	71.4635
ramosum-1_5	ramosum-3	stachydeum	0.0740481	1.27241	0.203228	0.0059393	256.627	55.9288	48.217
ramosum-1_5	ramosum-3	trolliifolium	0.109471	1.91542	0.0554384	0.009687	460.322	49.7769	39.954
ramosum-1_5	ramosum-3	viridescens	0.131812	2.31152	0.0208042	0.0105975	246.147	63.4227	48.6502
ramosum-1_5	ramosum-3	xantholeucum	0.00718734	0.132316	0.894735	0.00065555	299.665	45.9813	45.3251
sapellonis	ramosum-1_5	ramosum-4_10	0.0716996	1.79219	0.0731018	0.0268512	136.638	93.85	81.2924
ramosum-4_10	ramosum-1_5	scaposum	0.0213647	0.453409	0.650255	0.00230111	262.5	51.234	49.0906
scopulorum	ramosum-1_5	ramosum-4_10	0.0751677	1.82721	0.0676675	0.033623	92.5854	108.054	92.9455
ramosum-4_10	ramosum-1_5	stachydeum	0.114413	2.25623	0.0240565	0.00908994	228.351	61.6916	49.0242
ramosum-4_10	ramosum-1_5	trolliifolium	0.0633195	1.27442	0.202516	0.00544371	432.213	49.1368	43.2847
ramosum-4_10	ramosum-1_5	viridescens	0.0239085	0.462341	0.643837	0.00175995	220.183	53.9417	51.4226
ramosum-4_10	ramosum-1_5	xantholeucum	0.0858645	1.80741	0.070698	0.00743455	272.066	50.9407	42.8845
ramosum-1_5	sapellonis	scaposum	0.00711399	0.145337	0.884445	0.000769809	292.134	50.9989	50.2784
scopulorum	sapellonis	ramosum-1_5	0.302416	7.4961	6.57442e-14	0.128825	104.221	132.136	70.7728
ramosum-1_5	sapellonis	stachydeum	0.0600409	1.14476	0.252308	0.00478066	260.416	57.1345	50.6623
ramosum-1_5	sapellonis	trolliifolium	0.0454894	0.894658	0.37097	0.00404971	481.103	49.1584	44.8806
sapellonis	ramosum-1_5	viridescens	0.00498658	0.093996	0.925112	0.000389709	280.64	56.1578	55.6005
sapellonis	ramosum-1_5	xantholeucum	0.0217643	0.445678	0.65583	0.00198941	301.107	49.6365	47.5219
scopulorum	ramosum-1_5	scaposum	0.0666358	1.38501	0.166051	0.00828619	236.367	57.5111	50.3253
stachydeum	ramosum-1_5	scaposum	0.246612	5.19923	2.00119e-07	0.0497939	140.688	110.643	66.8669
scaposum	ramosum-1_5	trolliifolium	0.0201983	0.470846	0.637751	0.00377116	250.797	93.5208	89.8177
ramosum-1_5	viridescens	scaposum	0.0226469	0.512187	0.60852	0.00524546	129.327	97.5246	93.2052
xantholeucum	ramosum-1_5	scaposum	0.181875	4.5649	4.99722e-06	0.049609	123.079	140.661	97.3692
scopulorum	ramosum-1_5	stachydeum	0.0793158	1.4713	0.14121	0.00700331	188.998	60.5029	51.6105
scopulorum	ramosum-1_5	trolliifolium	0.0184122	0.368357	0.712607	0.00179092	396.292	49.3581	47.5734
scopulorum	ramosum-1_5	viridescens	0.0109317	0.204708	0.8378	0.00094901	197.386	56.9154	55.6845
scopulorum	ramosum-1_5	xantholeucum	0.0200934	0.420572	0.674067	0.00218636	251.786	55.7474	53.5512
ramosum-1_5	stachydeum	trolliifolium	0.0191289	0.377775	0.705598	0.00326929	265.861	82.875	79.7639
stachydeum	ramosum-1_5	viridescens	0.232807	4.4108	1.02988e-05	0.0318989	101.839	113.686	70.7483
stachydeum	ramosum-1_5	xantholeucum	0.271126	5.48221	4.20037e-08	0.043035	143.028	100.681	57.7312
ramosum-1_5	viridescens	trolliifolium	0.169507	3.4406	0.000580429	0.0280579	280.84	93.5382	66.4236
ramosum-1_5	xantholeucum	trolliifolium	0.225247	5.44641	5.13972e-08	0.0491415	246.44	129.138	81.6571
xantholeucum	viridescens	ramosum-1_5	0.292849	6.54878	5.80095e-11	0.0989568	172.018	129.633	70.9054
sapellonis	ramosum-3	ramosum-4_10	0.134352	3.02583	0.00247955	0.0450457	231.147	84.2362	64.2824
ramosum-4_10	ramosum-3	scaposum	0.0278502	0.518549	0.604075	0.00297536	249.144	48.8432	46.1964
scopulorum	ramosum-3	ramosum-4_10	0.0618241	1.37034	0.17058	0.0296662	99.1631	100.396	88.7048
ramosum-4_10	ramosum-3	stachydeum	0.135721	2.35774	0.0183867	0.0115716	220.777	63.1351	48.0455
ramosum-4_10	ramosum-3	trolliifolium	0.111896	1.98971	0.0466224	0.0104412	408.143	52.1236	41.6326
ramosum-4_10	ramosum-3	viridescens	0.0333838	0.573199	0.56651	0.00255906	199.307	54.751	51.2135
ramosum-4_10	ramosum-3	xantholeucum	0.0666092	1.23241	0.217797	0.00643304	261.13	51.3109	44.9023
sapellonis	ramosum-3	scaposum	0.0118493	0.20661	0.836315	0.00104778	369.035	40.3247	39.3802
ramosum-3	sapellonis	scopulorum	0.0830897	1.71898	0.0856182	0.0183775	187.82	77.487	65.5981
sapellonis	ramosum-3	stachydeum	0.04528	0.741203	0.458571	0.0032093	332.802	47.7326	43.5972
sapellonis	ramosum-3	trolliifolium	0.0426875	0.742445	0.457818	0.00356446	535.964	43.2969	39.7517
sapellonis	ramosum-3	viridescens	0.172566	2.86639	0.00415183	0.012498	325.839	59.5851	42.0469
sapellonis	ramosum-3	xantholeucum	0.0202209	0.357396	0.720795	0.00169064	375.626	42.6141	40.9249
scopulorum	ramosum-3	scaposum	0.053309	0.948472	0.342889	0.00665331	240.081	54.6276	49.0981
stachydeum	ramosum-3	scaposum	0.267395	5.01988	5.17029e-07	0.0517032	139.493	103.28	59.6997
scaposum	ramosum-3	trolliifolium	0.0416529	0.911864	0.36184	0.00777547	236.481	90.1979	82.9844
ramosum-3	viridescens	scaposum	0.0440385	0.920464	0.35733	0.0101104	136.727	95.6528	87.5833
xantholeucum	ramosum-3	scaposum	0.176981	4.08982	4.3171e-05	0.0482722	113.718	132.423	92.5987
scopulorum	ramosum-3	stachydeum	0.135201	2.20956	0.0271358	0.0124906	197.222	62.8854	47.9063
ramosum-3	scopulorum	trolliifolium	0.0214803	0.381217	0.703043	0.00223921	397.582	50.1962	48.0851
scopulorum	ramosum-3	viridescens	0.0606284	1.01426	0.310457	0.0052041	190.366	57.4323	50.8663
ramosum-3	scopulorum	xantholeucum	0.0095465	0.179939	0.857201	0.00106682	254.518	53.3342	52.3255
stachydeum	ramosum-3	trolliifolium	0.00511025	0.0893021	0.928842	0.000831998	259.632	73.7569	73.0069
stachydeum	ramosum-3	viridescens	0.267735	4.67673	2.91482e-06	0.0363076	102.535	113.181	65.375
stachydeum	ramosum-3	xantholeucum	0.25542	4.63967	3.48964e-06	0.0422796	153.659	97.8588	58.0394
ramosum-3	viridescens	trolliifolium	0.121478	2.26704	0.0233876	0.0204582	272.049	86.6458	67.875
ramosum-3	xantholeucum	trolliifolium	0.156803	3.64794	0.000264347	0.0366653	236.946	124.655	90.8611
xantholeucum	viridescens	ramosum-3	0.324225	6.92836	4.25743e-12	0.080491	170.71	130.247	66.467
ramosum-4_10	sapellonis	scaposum	0.0126314	0.258966	0.795661	0.00134397	253.036	51.5525	50.2664
scopulorum	sapellonis	ramosum-4_10	0.0291872	0.712538	0.476132	0.012588	128.954	97.3674	91.8448
ramosum-4_10	sapellonis	stachydeum	0.129318	2.52361	0.0116155	0.010979	215.004	65.4694	50.4756
ramosum-4_10	sapellonis	trolliifolium	0.0499962	1.01618	0.309545	0.004608	429.352	51.7454	46.8176
sapellonis	ramosum-4_10	viridescens	0.0387724	0.735383	0.462106	0.0033252	213.088	63.9463	59.1727
ramosum-4_10	sapellonis	xantholeucum	0.0411991	0.857926	0.390933	0.00394265	270.641	53.888	49.6234
scopulorum	ramosum-4_10	scaposum	0.00112846	0.0224559	0.982084	0.000140863	248.752	55.4475	55.3225
stachydeum	ramosum-4_10	scaposum	0.251411	5.19562	2.04043e-07	0.0491958	140.491	106.576	63.7531
scaposum	ramosum-4_10	trolliifolium	0.00687872	0.165997	0.868159	0.00127344	250.316	91.9677	90.7111
ramosum-4_10	viridescens	scaposum	0.0945483	2.16406	0.0304598	0.0219638	133.409	105.325	87.1288
xantholeucum	ramosum-4_10	scaposum	0.141117	3.5055	0.000455754	0.0387315	116.253	137.793	103.713
ramosum-4_10	scopulorum	stachydeum	0.00249327	0.0464993	0.962912	0.000212285	200.592	54.3087	54.0385
ramosum-4_10	scopulorum	trolliifolium	0.0375369	0.773623	0.439153	0.00384088	407.684	53.6014	49.7229
scopulorum	ramosum-4_10	viridescens	0.00986652	0.186505	0.852049	0.000848155	204.091	57.3602	56.2394
ramosum-4_10	scopulorum	xantholeucum	0.0473269	0.990674	0.321845	0.00508187	259.451	57.7138	52.4978
ramosum-4_10	stachydeum	trolliifolium	0.0115148	0.228941	0.818915	0.00199341	266.369	84.4594	82.5365
stachydeum	ramosum-4_10	viridescens	0.272866	5.22553	1.7366e-07	0.0373176	99.6547	118.164	67.5019
stachydeum	ramosum-4_10	xantholeucum	0.215094	4.31645	1.58558e-05	0.033801	147.863	96.6932	62.4602
ramosum-4_10	viridescens	trolliifolium	0.14192	2.91102	0.0036025	0.0236779	280.983	92.5538	69.5483
ramosum-4_10	xantholeucum	trolliifolium	0.249226	6.28151	3.3529e-10	0.0569898	242.993	140.267	84.299
xantholeucum	viridescens	ramosum-4_10	0.320879	7.29734	2.93514e-13	0.113656	180.419	131.427	67.5724
scopulorum	sapellonis	scaposum	0.00766245	0.152015	0.879175	0.000904008	270.761	52.5113	51.7127
stachydeum	sapellonis	scaposum	0.268748	5.40033	6.65176e-08	0.0499581	143.754	104.39	60.1658
scaposum	sapellonis	trolliifolium	0.0105694	0.245497	0.806072	0.0020952	252.29	96.526	94.5069
sapellonis	viridescens	scaposum	0.099691	2.22896	0.0258169	0.0224927	134.543	103.483	84.7205
xantholeucum	sapellonis	scaposum	0.141831	3.44357	0.000574094	0.0388134	123.928	138.161	103.838
scopulorum	sapellonis	stachydeum	0.0934945	1.67151	0.0946208	0.00768399	223.426	56.5907	46.9136
sapellonis	scopulorum	trolliifolium	0.0296536	0.592449	0.55355	0.00278182	432.916	48.1055	45.3346
sapellonis	scopulorum	viridescens	0.0389606	0.738386	0.46028	0.00323392	228.314	56.2969	52.0747
sapellonis	scopulorum	xantholeucum	0.0285083	0.579304	0.562384	0.00297583	284.977	53.9596	50.9683
stachydeum	sapellonis	trolliifolium	0.0174137	0.334713	0.737841	0.00285626	267.22	78.8142	76.1163
stachydeum	sapellonis	viridescens	0.210443	3.91643	8.98702e-05	0.0276553	106.762	107.498	70.1198
stachydeum	sapellonis	xantholeucum	0.265526	5.27561	1.32317e-07	0.0416524	157.022	99.4387	57.7112
sapellonis	viridescens	trolliifolium	0.132689	2.68739	0.00720128	0.0228366	275.281	92.5521	70.8681
sapellonis	xantholeucum	trolliifolium	0.200273	4.90813	9.19468e-07	0.0476116	249.681	137.172	91.3958
xantholeucum	viridescens	sapellonis	0.282833	6.4081	1.4734e-10	0.092448	177.278	131.203	73.349
stachydeum	scopulorum	scaposum	0.211096	4.20391	2.62349e-05	0.0437047	133.581	104.454	68.0412
scaposum	scopulorum	trolliifolium	0.0279228	0.651126	0.514965	0.00548474	243.724	93.1509	88.0901
scopulorum	viridescens	scaposum	0.0964824	2.15001	0.0315544	0.0222701	125.398	97.8025	80.5907
xantholeucum	scopulorum	scaposum	0.165081	4.03084	5.55775e-05	0.0446904	118.37	133.875	95.9372
scaposum	stachydeum	trolliifolium	0.0458948	1.01546	0.309887	0.010674	206.678	110.958	101.22
stachydeum	viridescens	scaposum	0.276391	6.12635	8.9916e-10	0.0694962	110.376	128.937	73.0966
stachydeum	xantholeucum	scaposum	0.0402368	0.93212	0.351275	0.0122492	103.914	127.357	117.504
scaposum	viridescens	trolliifolium	0.143691	3.30577	0.00094717	0.0298467	249.424	107.777	80.695
scaposum	xantholeucum	trolliifolium	0.20215	5.25454	1.48398e-07	0.054373	238.168	152.862	101.452
xantholeucum	viridescens	scaposum	0.200274	5.07184	3.93997e-07	0.0521328	203.178	124.327	82.8374
stachydeum	scopulorum	trolliifolium	0.0512641	1.01539	0.309918	0.00872232	255.859	80.7101	72.8385
stachydeum	scopulorum	viridescens	0.240559	4.3389	1.43197e-05	0.0327897	89.5451	102.826	62.9479
stachydeum	scopulorum	xantholeucum	0.255375	5.1325	2.85921e-07	0.0430802	143.617	101.179	60.0145
scopulorum	viridescens	trolliifolium	0.0504693	1.01509	0.310063	0.00838855	263.681	78.2332	70.7159
scopulorum	xantholeucum	trolliifolium	0.163723	3.93945	8.16689e-05	0.0372545	236.891	122.506	88.0353
xantholeucum	viridescens	scopulorum	0.243338	5.45973	4.76866e-08	0.0624095	164.742	120.202	73.1516
stachydeum	viridescens	trolliifolium	0.0976013	1.90353	0.0569709	0.0212996	231.157	105.234	86.5185
stachydeum	xantholeucum	trolliifolium	0.17303	4.01346	5.98352e-05	0.04754	195.807	143.502	101.167
xantholeucum	viridescens	stachydeum	0.287655	5.95991	2.5238e-09	0.0418365	194.268	111.214	61.5249
viridescens	xantholeucum	trolliifolium	0.132831	3.19646	0.00139126	0.0286757	313.083	108.833	83.3102
